#pragma once


unsigned char anta_regular_hex[] =
{
	0x00, 0x01, 0x00, 0x00, 0x00, 0x11, 0x01, 0x00, 0x00, 0x04, 0x00, 0x10, 0x47, 0x44, 0x45, 0x46,
	0x1C, 0x2F, 0x1C, 0x59, 0x00, 0x00, 0x03, 0x00, 0x00, 0x00, 0x01, 0x30, 0x47, 0x50, 0x4F, 0x53,
	0xBA, 0x7F, 0x1F, 0x6D, 0x00, 0x00, 0x2F, 0xA8, 0x00, 0x00, 0x1B, 0x70, 0x47, 0x53, 0x55, 0x42,
	0x48, 0x3E, 0x5A, 0x2F, 0x00, 0x00, 0x04, 0x30, 0x00, 0x00, 0x03, 0x26, 0x4F, 0x53, 0x2F, 0x32,
	0x72, 0xD4, 0x45, 0x31, 0x00, 0x00, 0x01, 0xEC, 0x00, 0x00, 0x00, 0x60, 0x63, 0x6D, 0x61, 0x70,
	0xA7, 0x2D, 0x32, 0xE4, 0x00, 0x00, 0x0E, 0x3C, 0x00, 0x00, 0x04, 0x54, 0x63, 0x76, 0x74, 0x20,
	0x0B, 0xC1, 0x23, 0x78, 0x00, 0x00, 0x01, 0xA0, 0x00, 0x00, 0x00, 0x4A, 0x66, 0x70, 0x67, 0x6D,
	0x62, 0x2E, 0xFD, 0x7C, 0x00, 0x00, 0x21, 0x9C, 0x00, 0x00, 0x0E, 0x0C, 0x67, 0x61, 0x73, 0x70,
	0x00, 0x00, 0x00, 0x10, 0x00, 0x00, 0x01, 0x1C, 0x00, 0x00, 0x00, 0x08, 0x67, 0x6C, 0x79, 0x66,
	0x32, 0xEC, 0xD5, 0xBE, 0x00, 0x00, 0x4B, 0x18, 0x00, 0x00, 0xD4, 0xF4, 0x68, 0x65, 0x61, 0x64,
	0x2D, 0x1E, 0x60, 0xE3, 0x00, 0x00, 0x01, 0x68, 0x00, 0x00, 0x00, 0x36, 0x68, 0x68, 0x65, 0x61,
	0x12, 0x0D, 0x07, 0xCB, 0x00, 0x00, 0x01, 0x44, 0x00, 0x00, 0x00, 0x24, 0x68, 0x6D, 0x74, 0x78,
	0xD0, 0x34, 0x9B, 0x57, 0x00, 0x00, 0x12, 0x90, 0x00, 0x00, 0x06, 0x4C, 0x6C, 0x6F, 0x63, 0x61,
	0x13, 0xD5, 0x48, 0x9D, 0x00, 0x00, 0x07, 0x58, 0x00, 0x00, 0x03, 0x28, 0x6D, 0x61, 0x78, 0x70,
	0x02, 0xAC, 0x0E, 0xC9, 0x00, 0x00, 0x01, 0x24, 0x00, 0x00, 0x00, 0x20, 0x6E, 0x61, 0x6D, 0x65,
	0x5B, 0x0B, 0x7E, 0x18, 0x00, 0x00, 0x0A, 0x80, 0x00, 0x00, 0x03, 0xBA, 0x70, 0x6F, 0x73, 0x74,
	0xEE, 0x41, 0xC0, 0xAF, 0x00, 0x00, 0x18, 0xDC, 0x00, 0x00, 0x08, 0xC0, 0x70, 0x72, 0x65, 0x70,
	0x6A, 0xBD, 0xD6, 0xA8, 0x00, 0x00, 0x02, 0x4C, 0x00, 0x00, 0x00, 0xB2, 0x00, 0x01, 0x00, 0x01,
	0xFF, 0xFF, 0x00, 0x0F, 0x00, 0x01, 0x00, 0x00, 0x01, 0x93, 0x00, 0x70, 0x00, 0x07, 0x00, 0x00,
	0x00, 0x00, 0x00, 0x02, 0x00, 0x22, 0x00, 0x4B, 0x00, 0x8D, 0x00, 0x00, 0x00, 0x62, 0x0E, 0x0C,
	0x00, 0x00, 0x00, 0x00, 0x00, 0x01, 0x00, 0x00, 0x07, 0xAE, 0xFD, 0xEA, 0x00, 0x00, 0x0B, 0x65,
	0xFF, 0x6F, 0xFC, 0xE8, 0x0A, 0xED, 0x00, 0x01, 0x00, 0x00, 0x00, 0x00, 0x00, 0x00, 0x00, 0x00,
	0x00, 0x00, 0x00, 0x00, 0x00, 0x00, 0x01, 0x93, 0x00, 0x01, 0x00, 0x00, 0x00, 0x01, 0x00, 0x00,
	0xC6, 0x7D, 0x0A, 0x71, 0x5F, 0x0F, 0x3C, 0xF5, 0x00, 0x0F, 0x08, 0x00, 0x00, 0x00, 0x00, 0x00,
	0xE1, 0xC7, 0x21, 0xCE, 0x00, 0x00, 0x00, 0x00, 0xE1, 0xD7, 0xF4, 0x82, 0xFF, 0x6F, 0xFD, 0xEA,
	0x0A, 0xED, 0x07, 0xAE, 0x00, 0x00, 0x00, 0x06, 0x00, 0x02, 0x00, 0x00, 0x00, 0x00, 0x00, 0x00,
	0x00, 0x00, 0x00, 0x00, 0x00, 0x00, 0x00, 0x00, 0x00, 0x00, 0x00, 0x00, 0x00, 0x00, 0x00, 0x00,
	0x00, 0x00, 0x00, 0x00, 0x00, 0x00, 0x00, 0x00, 0x00, 0x00, 0x00, 0xD3, 0x00, 0xD3, 0x00, 0xD3,
	0x00, 0xD3, 0x05, 0x8E, 0x00, 0x00, 0x05, 0x8E, 0x04, 0x0C, 0x00, 0x00, 0xFE, 0x7E, 0x05, 0x8E,
	0x00, 0x00, 0x05, 0xA8, 0x04, 0x0C, 0x00, 0x00, 0xFE, 0x79, 0x00, 0x32, 0x00, 0x32, 0x00, 0x32,
	0x00, 0x32, 0x05, 0x8E, 0x02, 0x54, 0x05, 0x8E, 0x02, 0x54, 0x00, 0x00, 0x00, 0x04, 0x04, 0x85,
	0x01, 0x90, 0x00, 0x05, 0x00, 0x00, 0x05, 0x33, 0x05, 0x99, 0xFF, 0x25, 0x01, 0x1E, 0x05, 0x33,
	0x05, 0x99, 0x02, 0xF1, 0x03, 0xD7, 0x00, 0x66, 0x02, 0x12, 0x00, 0x00, 0x00, 0x00, 0x00, 0x00,
	0x00, 0x00, 0x00, 0x00, 0x00, 0x00, 0xA0, 0x00, 0x00, 0x6F, 0x40, 0x00, 0x00, 0x4A, 0x00, 0x00,
	0x00, 0x00, 0x00, 0x00, 0x00, 0x00, 0x4E, 0x4F, 0x4E, 0x45, 0x00, 0xC0, 0x00, 0x00, 0xFB, 0x02,
	0x07, 0xAE, 0xFD, 0xEA, 0x00, 0x00, 0x07, 0xAE, 0x02, 0x16, 0x00, 0x00, 0x00, 0x93, 0x00, 0x00,
	0x00, 0x00, 0x04, 0x19, 0x05, 0x8E, 0x00, 0x00, 0x00, 0x20, 0x00, 0x03, 0x00, 0x4B, 0xB8, 0x00,
	0xC8, 0x52, 0x58, 0xB1, 0x01, 0x01, 0x8E, 0x59, 0xB0, 0x01, 0xB9, 0x08, 0x00, 0x08, 0x00, 0x63,
	0x70, 0xB1, 0x00, 0x07, 0x42, 0xB3, 0x00, 0x1A, 0x02, 0x00, 0x2A, 0xB1, 0x00, 0x07, 0x42, 0xB5,
	0x1F, 0x04, 0x0F, 0x08, 0x02, 0x0A, 0x2A, 0xB1, 0x00, 0x07, 0x42, 0xB5, 0x23, 0x02, 0x17, 0x06,
	0x02, 0x0A, 0x2A, 0xB1, 0x00, 0x09, 0x42, 0xBB, 0x08, 0x00, 0x04, 0x00, 0x00, 0x02, 0x00, 0x0B,
	0x2A, 0xB1, 0x00, 0x0B, 0x42, 0xBB, 0x00, 0x40, 0x00, 0x40, 0x00, 0x02, 0x00, 0x0B, 0x2A, 0xB9,
	0x00, 0x03, 0x00, 0x00, 0x44, 0xB1, 0x24, 0x01, 0x88, 0x51, 0x58, 0xB0, 0x40, 0x88, 0x58, 0xB9,
	0x00, 0x03, 0x00, 0x64, 0x44, 0xB1, 0x28, 0x01, 0x88, 0x51, 0x58, 0xB8, 0x08, 0x00, 0x88, 0x58,
	0xB9, 0x00, 0x03, 0x00, 0x00, 0x44, 0x59, 0x1B, 0xB1, 0x27, 0x01, 0x88, 0x51, 0x58, 0xBA, 0x08,
	0x80, 0x00, 0x01, 0x04, 0x40, 0x88, 0x63, 0x54, 0x58, 0xB9, 0x00, 0x03, 0x00, 0x00, 0x44, 0x59,
	0x59, 0x59, 0x59, 0x59, 0xB5, 0x21, 0x02, 0x11, 0x06, 0x02, 0x0E, 0x2A, 0xB8, 0x01, 0xFF, 0x85,
	0xB0, 0x04, 0x8D, 0xB1, 0x02, 0x00, 0x44, 0xB3, 0x05, 0x64, 0x06, 0x00, 0x44, 0x44, 0x00, 0x00,
	0x00, 0x01, 0x00, 0x00, 0x00, 0x0C, 0x00, 0x00, 0x00, 0x00, 0x00, 0x00, 0x00, 0x02, 0x00, 0x30,
	0x00, 0x01, 0x00, 0x01, 0x00, 0x01, 0x00, 0x0B, 0x00, 0x0B, 0x00, 0x01, 0x00, 0x0D, 0x00, 0x0E,
	0x00, 0x01, 0x00, 0x14, 0x00, 0x14, 0x00, 0x01, 0x00, 0x19, 0x00, 0x19, 0x00, 0x01, 0x00, 0x23,
	0x00, 0x24, 0x00, 0x01, 0x00, 0x28, 0x00, 0x28, 0x00, 0x01, 0x00, 0x2B, 0x00, 0x2B, 0x00, 0x01,
	0x00, 0x36, 0x00, 0x36, 0x00, 0x01, 0x00, 0x38, 0x00, 0x39, 0x00, 0x01, 0x00, 0x40, 0x00, 0x40,
	0x00, 0x01, 0x00, 0x45, 0x00, 0x45, 0x00, 0x01, 0x00, 0x4D, 0x00, 0x4D, 0x00, 0x01, 0x00, 0x50,
	0x00, 0x51, 0x00, 0x01, 0x00, 0x55, 0x00, 0x55, 0x00, 0x01, 0x00, 0x58, 0x00, 0x58, 0x00, 0x01,
	0x00, 0x60, 0x00, 0x60, 0x00, 0x01, 0x00, 0x64, 0x00, 0x64, 0x00, 0x01, 0x00, 0x70, 0x00, 0x70,
	0x00, 0x01, 0x00, 0x76, 0x00, 0x76, 0x00, 0x01, 0x00, 0x7B, 0x00, 0x7B, 0x00, 0x01, 0x00, 0x88,
	0x00, 0x88, 0x00, 0x01, 0x00, 0x92, 0x00, 0x92, 0x00, 0x01, 0x00, 0x94, 0x00, 0x94, 0x00, 0x01,
	0x00, 0x96, 0x00, 0x96, 0x00, 0x01, 0x00, 0x9C, 0x00, 0x9C, 0x00, 0x01, 0x00, 0xA1, 0x00, 0xA1,
	0x00, 0x01, 0x00, 0xAB, 0x00, 0xAC, 0x00, 0x01, 0x00, 0xB0, 0x00, 0xB0, 0x00, 0x01, 0x00, 0xB3,
	0x00, 0xB4, 0x00, 0x01, 0x00, 0xBE, 0x00, 0xBF, 0x00, 0x01, 0x00, 0xC1, 0x00, 0xC1, 0x00, 0x01,
	0x00, 0xC3, 0x00, 0xC3, 0x00, 0x01, 0x00, 0xC8, 0x00, 0xC8, 0x00, 0x01, 0x00, 0xCA, 0x00, 0xCA,
	0x00, 0x01, 0x00, 0xD0, 0x00, 0xD0, 0x00, 0x01, 0x00, 0xD8, 0x00, 0xD8, 0x00, 0x01, 0x00, 0xDB,
	0x00, 0xDC, 0x00, 0x01, 0x00, 0xE0, 0x00, 0xE0, 0x00, 0x01, 0x00, 0xE3, 0x00, 0xE3, 0x00, 0x01,
	0x00, 0xEA, 0x00, 0xEA, 0x00, 0x01, 0x00, 0xEE, 0x00, 0xEE, 0x00, 0x01, 0x01, 0x03, 0x01, 0x03,
	0x00, 0x01, 0x01, 0x09, 0x01, 0x09, 0x00, 0x01, 0x01, 0x0E, 0x01, 0x0E, 0x00, 0x01, 0x01, 0x47,
	0x01, 0x47, 0x00, 0x01, 0x01, 0x76, 0x01, 0x85, 0x00, 0x03, 0x01, 0x8A, 0x01, 0x8A, 0x00, 0x01,
	0x00, 0x01, 0x00, 0x00, 0x00, 0x0A, 0x00, 0x9C, 0x01, 0x26, 0x00, 0x02, 0x44, 0x46, 0x4C, 0x54,
	0x00, 0x7A, 0x6C, 0x61, 0x74, 0x6E, 0x00, 0x0E, 0x00, 0x58, 0x00, 0x03, 0x43, 0x41, 0x54, 0x20,
	0x00, 0x42, 0x4D, 0x4F, 0x4C, 0x20, 0x00, 0x2C, 0x52, 0x4F, 0x4D, 0x20, 0x00, 0x16, 0x00, 0x00,
	0xFF, 0xFF, 0x00, 0x08, 0x00, 0x00, 0x00, 0x01, 0x00, 0x02, 0x00, 0x04, 0x00, 0x05, 0x00, 0x08,
	0x00, 0x09, 0x00, 0x0A, 0x00, 0x00, 0xFF, 0xFF, 0x00, 0x08, 0x00, 0x00, 0x00, 0x01, 0x00, 0x02,
	0x00, 0x04, 0x00, 0x05, 0x00, 0x07, 0x00, 0x09, 0x00, 0x0A, 0x00, 0x00, 0xFF, 0xFF, 0x00, 0x08,
	0x00, 0x00, 0x00, 0x01, 0x00, 0x02, 0x00, 0x04, 0x00, 0x05, 0x00, 0x06, 0x00, 0x09, 0x00, 0x0A,
	0x00, 0x00, 0xFF, 0xFF, 0x00, 0x07, 0x00, 0x00, 0x00, 0x01, 0x00, 0x03, 0x00, 0x04, 0x00, 0x05,
	0x00, 0x09, 0x00, 0x0A, 0x00, 0x04, 0x00, 0x00, 0x00, 0x00, 0xFF, 0xFF, 0x00, 0x07, 0x00, 0x00,
	0x00, 0x01, 0x00, 0x02, 0x00, 0x04, 0x00, 0x05, 0x00, 0x09, 0x00, 0x0A, 0x00, 0x0B, 0x61, 0x61,
	0x6C, 0x74, 0x00, 0x82, 0x63, 0x61, 0x73, 0x65, 0x00, 0x7C, 0x63, 0x63, 0x6D, 0x70, 0x00, 0x76,
	0x63, 0x63, 0x6D, 0x70, 0x00, 0x6E, 0x66, 0x72, 0x61, 0x63, 0x00, 0x68, 0x6C, 0x69, 0x67, 0x61,
	0x00, 0x62, 0x6C, 0x6F, 0x63, 0x6C, 0x00, 0x5C, 0x6C, 0x6F, 0x63, 0x6C, 0x00, 0x56, 0x6C, 0x6F,
	0x63, 0x6C, 0x00, 0x50, 0x6F, 0x72, 0x64, 0x6E, 0x00, 0x4A, 0x73, 0x75, 0x70, 0x73, 0x00, 0x44,
	0x00, 0x00, 0x00, 0x01, 0x00, 0x08, 0x00, 0x00, 0x00, 0x01, 0x00, 0x0A, 0x00, 0x00, 0x00, 0x01,
	0x00, 0x03, 0x00, 0x00, 0x00, 0x01, 0x00, 0x04, 0x00, 0x00, 0x00, 0x01, 0x00, 0x05, 0x00, 0x00,
	0x00, 0x01, 0x00, 0x0D, 0x00, 0x00, 0x00, 0x01, 0x00, 0x09, 0x00, 0x00, 0x00, 0x02, 0x00, 0x02,
	0x00, 0x02, 0x00, 0x00, 0x00, 0x01, 0x00, 0x02, 0x00, 0x00, 0x00, 0x01, 0x00, 0x0C, 0x00, 0x00,
	0x00, 0x02, 0x00, 0x00, 0x00, 0x01, 0x00, 0x0E, 0x01, 0xCA, 0x01, 0xAE, 0x01, 0x7E, 0x01, 0x6A,
	0x01, 0x6A, 0x01, 0x34, 0x01, 0x26, 0x01, 0x18, 0x01, 0x00, 0x00, 0xC4, 0x00, 0x7C, 0x00, 0x5A,
	0x00, 0x46, 0x00, 0x1E, 0x00, 0x04, 0x00, 0x08, 0x00, 0x01, 0x00, 0x08, 0x00, 0x01, 0x00, 0x1A,
	0x00, 0x01, 0x00, 0x08, 0x00, 0x02, 0x00, 0x0C, 0x00, 0x06, 0x01, 0x13, 0x00, 0x02, 0x00, 0xC3,
	0x01, 0x12, 0x00, 0x02, 0x00, 0xB3, 0x00, 0x01, 0x00, 0x01, 0x00, 0xAB, 0x00, 0x01, 0x00, 0x00,
	0x00, 0x01, 0x00, 0x08, 0x00, 0x01, 0x00, 0x06, 0x00, 0x01, 0x00, 0x01, 0x00, 0x01, 0x01, 0x3A,
	0x00, 0x01, 0x00, 0x00, 0x00, 0x01, 0x00, 0x08, 0x00, 0x02, 0x00, 0x0E, 0x00, 0x04, 0x01, 0x14,
	0x01, 0x15, 0x01, 0x14, 0x01, 0x15, 0x00, 0x01, 0x00, 0x04, 0x00, 0x01, 0x00, 0x45, 0x00, 0x88,
	0x00, 0xD0, 0x00, 0x06, 0x00, 0x00, 0x00, 0x02, 0x00, 0x24, 0x00, 0x0A, 0x00, 0x03, 0x00, 0x01,
	0x00, 0x34, 0x00, 0x01, 0x00, 0x12, 0x00, 0x00, 0x00, 0x01, 0x00, 0x00, 0x00, 0x0B, 0x00, 0x01,
	0x00, 0x02, 0x00, 0x45, 0x00, 0xD0, 0x00, 0x03, 0x00, 0x01, 0x00, 0x1A, 0x00, 0x01, 0x00, 0x12,
	0x00, 0x00, 0x00, 0x01, 0x00, 0x00, 0x00, 0x0B, 0x00, 0x01, 0x00, 0x02, 0x00, 0x01, 0x00, 0x88,
	0x00, 0x02, 0x00, 0x01, 0x01, 0x16, 0x01, 0x1F, 0x00, 0x00, 0x00, 0x04, 0x00, 0x00, 0x00, 0x01,
	0x00, 0x08, 0x00, 0x01, 0x00, 0x2C, 0x00, 0x02, 0x00, 0x16, 0x00, 0x0A, 0x00, 0x01, 0x00, 0x04,
	0x01, 0x23, 0x00, 0x03, 0x01, 0x38, 0x01, 0x1A, 0x00, 0x02, 0x00, 0x0E, 0x00, 0x06, 0x01, 0x21,
	0x00, 0x03, 0x01, 0x38, 0x01, 0x18, 0x01, 0x22, 0x00, 0x03, 0x01, 0x38, 0x01, 0x1A, 0x00, 0x01,
	0x00, 0x02, 0x01, 0x17, 0x01, 0x19, 0x00, 0x01, 0x00, 0x00, 0x00, 0x01, 0x00, 0x08, 0x00, 0x01,
	0x00, 0x06, 0x00, 0x0D, 0x00, 0x01, 0x00, 0x03, 0x01, 0x17, 0x01, 0x18, 0x01, 0x19, 0x00, 0x01,
	0x00, 0x00, 0x00, 0x01, 0x00, 0x08, 0x00, 0x01, 0x00, 0x9E, 0x00, 0x07, 0x00, 0x01, 0x00, 0x00,
	0x00, 0x01, 0x00, 0x08, 0x00, 0x01, 0x00, 0x90, 0x00, 0x06, 0x00, 0x06, 0x00, 0x00, 0x00, 0x01,
	0x00, 0x08, 0x00, 0x01, 0x00, 0x82, 0x00, 0x01, 0x00, 0x08, 0x00, 0x02, 0x00, 0x16, 0x00, 0x06,
	0x00, 0x01, 0x00, 0x39, 0x00, 0x01, 0x00, 0x01, 0x00, 0x39, 0x00, 0x01, 0x00, 0x00, 0x00, 0x07,
	0x00, 0x01, 0x00, 0xC3, 0x00, 0x01, 0x00, 0x01, 0x00, 0xC3, 0x00, 0x01, 0x00, 0x00, 0x00, 0x06,
	0x00, 0x01, 0x00, 0x00, 0x00, 0x01, 0x00, 0x08, 0x00, 0x01, 0x00, 0x06, 0x00, 0x02, 0x00, 0x01,
	0x00, 0x01, 0x00, 0x5B, 0x00, 0x02, 0x00, 0x00, 0x00, 0x01, 0x00, 0x08, 0x00, 0x01, 0x00, 0x0C,
	0x00, 0x03, 0x00, 0x22, 0x00, 0x1C, 0x00, 0x16, 0x00, 0x01, 0x00, 0x03, 0x00, 0x3C, 0x01, 0x12,
	0x01, 0x13, 0x00, 0x02, 0x00, 0xAB, 0x00, 0xC3, 0x00, 0x02, 0x00, 0xAB, 0x00, 0xB3, 0x00, 0x02,
	0x00, 0x39, 0x01, 0x3B, 0x00, 0x03, 0x00, 0x00, 0x00, 0x01, 0x00, 0x08, 0x00, 0x01, 0x00, 0x08,
	0x00, 0x01, 0x00, 0x0E, 0x00, 0x01, 0x00, 0x01, 0x01, 0x34, 0x00, 0x02, 0x01, 0x3A, 0x01, 0x3B,
	0x00, 0x01, 0x00, 0x00, 0x00, 0x01, 0x00, 0x08, 0x00, 0x02, 0x00, 0x18, 0x00, 0x09, 0x01, 0x14,
	0x01, 0x15, 0x00, 0x5D, 0x01, 0x14, 0x01, 0x15, 0x01, 0x24, 0x01, 0x25, 0x01, 0x26, 0x01, 0x3B,
	0x00, 0x01, 0x00, 0x09, 0x00, 0x01, 0x00, 0x45, 0x00, 0x5B, 0x00, 0x88, 0x00, 0xD0, 0x01, 0x17,
	0x01, 0x18, 0x01, 0x19, 0x01, 0x3A, 0x00, 0x00, 0x00, 0x00, 0x00, 0x2A, 0x00, 0x57, 0x00, 0x8E,
	0x00, 0xDE, 0x01, 0x1E, 0x01, 0x71, 0x01, 0xA9, 0x01, 0xE1, 0x02, 0x2D, 0x02, 0x8B, 0x02, 0xE8,
	0x03, 0x2A, 0x03, 0x77, 0x03, 0xCC, 0x03, 0xFF, 0x04, 0x3E, 0x04, 0x8D, 0x04, 0xE0, 0x05, 0x29,
	0x05, 0x72, 0x05, 0xAB, 0x05, 0xF7, 0x06, 0x4B, 0x06, 0x97, 0x06, 0xE6, 0x07, 0x15, 0x07, 0x4F,
	0x07, 0xA2, 0x07, 0xED, 0x08, 0x31, 0x08, 0x88, 0x08, 0xCC, 0x09, 0x07, 0x09, 0x42, 0x09, 0x90,
	0x09, 0xB9, 0x09, 0xFF, 0x0A, 0x6A, 0x0A, 0xC6, 0x0B, 0x22, 0x0B, 0x4A, 0x0B, 0x8F, 0x0B, 0xCD,
	0x0B, 0xE3, 0x0C, 0x10, 0x0C, 0x31, 0x0C, 0x69, 0x0C, 0x94, 0x0C, 0xD1, 0x0C, 0xFC, 0x0D, 0x1E,
	0x0D, 0x40, 0x0D, 0x75, 0x0D, 0xBA, 0x0D, 0xDE, 0x0E, 0x18, 0x0E, 0x49, 0x0E, 0x6E, 0x0E, 0x9E,
	0x0E, 0xD0, 0x0F, 0x0A, 0x0F, 0x41, 0x0F, 0x72, 0x0F, 0xB8, 0x0F, 0xDF, 0x10, 0x11, 0x10, 0x52,
	0x10, 0xAA, 0x10, 0xE2, 0x11, 0x28, 0x11, 0x7A, 0x11, 0xE4, 0x12, 0x40, 0x12, 0xAE, 0x13, 0x01,
	0x13, 0x5D, 0x13, 0xB0, 0x14, 0x12, 0x14, 0x7F, 0x14, 0xF7, 0x15, 0x58, 0x15, 0x8F, 0x15, 0xDC,
	0x16, 0x29, 0x16, 0x7A, 0x16, 0xB9, 0x17, 0x04, 0x17, 0x60, 0x17, 0xAE, 0x18, 0x08, 0x18, 0x73,
	0x18, 0xE0, 0x19, 0x44, 0x19, 0xB3, 0x1A, 0x17, 0x1A, 0x70, 0x1A, 0x90, 0x1A, 0xC0, 0x1A, 0xFC,
	0x1B, 0x32, 0x1B, 0x63, 0x1B, 0xA0, 0x1B, 0xF5, 0x1C, 0x3C, 0x1C, 0x95, 0x1C, 0xD3, 0x1D, 0x1A,
	0x1D, 0x58, 0x1D, 0xA8, 0x1E, 0x0B, 0x1E, 0x6D, 0x1E, 0x93, 0x1E, 0xCA, 0x1F, 0x0C, 0x1F, 0x56,
	0x1F, 0xB4, 0x1F, 0xF7, 0x20, 0x28, 0x20, 0x52, 0x20, 0x88, 0x20, 0xC8, 0x21, 0x1A, 0x21, 0x50,
	0x21, 0x7B, 0x21, 0xB3, 0x21, 0xF9, 0x22, 0x3B, 0x22, 0x8D, 0x22, 0xC9, 0x22, 0xFA, 0x23, 0x2C,
	0x23, 0x77, 0x23, 0xB7, 0x23, 0xED, 0x24, 0x57, 0x24, 0x95, 0x24, 0xCB, 0x25, 0x0D, 0x25, 0x7F,
	0x25, 0xE3, 0x26, 0x58, 0x26, 0x9B, 0x26, 0xDE, 0x27, 0x33, 0x27, 0x9B, 0x28, 0x1E, 0x28, 0x80,
	0x28, 0xEE, 0x29, 0x2A, 0x29, 0x93, 0x29, 0xC6, 0x2A, 0x05, 0x2A, 0x6C, 0x2A, 0xBF, 0x2B, 0x1F,
	0x2B, 0x7D, 0x2B, 0xB9, 0x2C, 0x0E, 0x2C, 0x58, 0x2C, 0xA3, 0x2D, 0x0C, 0x2D, 0x55, 0x2D, 0xAA,
	0x2E, 0x33, 0x2E, 0xB5, 0x2F, 0x2F, 0x2F, 0xBB, 0x30, 0x33, 0x30, 0x89, 0x30, 0xDF, 0x31, 0x48,
	0x31, 0x77, 0x31, 0xC1, 0x32, 0x4C, 0x32, 0xC8, 0x33, 0x42, 0x33, 0x70, 0x33, 0xAD, 0x33, 0xF0,
	0x34, 0x1C, 0x34, 0x32, 0x34, 0x53, 0x34, 0x9E, 0x34, 0xDB, 0x35, 0x29, 0x35, 0x4B, 0x35, 0xA3,
	0x35, 0xC5, 0x36, 0x11, 0x36, 0x6C, 0x36, 0xA6, 0x36, 0xC9, 0x37, 0x17, 0x37, 0x4A, 0x37, 0x7B,
	0x37, 0x91, 0x37, 0xB2, 0x37, 0xD5, 0x38, 0x10, 0x38, 0x39, 0x38, 0x7D, 0x38, 0xEC, 0x39, 0x18,
	0x39, 0x50, 0x39, 0x87, 0x39, 0xE6, 0x3A, 0x5C, 0x3A, 0x97, 0x3A, 0xDB, 0x3B, 0x2B, 0x3B, 0xAA,
	0x3C, 0x1B, 0x3C, 0x9D, 0x3C, 0xEE, 0x3D, 0x48, 0x3D, 0x99, 0x3D, 0xFC, 0x3E, 0x6A, 0x3E, 0xFA,
	0x3F, 0x6E, 0x3F, 0xAA, 0x40, 0x13, 0x40, 0x63, 0x40, 0x9F, 0x40, 0xC3, 0x40, 0xF2, 0x41, 0x47,
	0x41, 0x95, 0x41, 0xEF, 0x42, 0x75, 0x42, 0xE2, 0x43, 0x61, 0x43, 0xDE, 0x44, 0x35, 0x44, 0x6B,
	0x44, 0xB1, 0x44, 0xF5, 0x45, 0x40, 0x45, 0x6C, 0x45, 0xA4, 0x46, 0x09, 0x46, 0x60, 0x46, 0xC8,
	0x47, 0x01, 0x47, 0x43, 0x47, 0x7B, 0x47, 0xD1, 0x48, 0x0F, 0x48, 0x30, 0x48, 0x68, 0x48, 0x97,
	0x48, 0xEC, 0x49, 0x5B, 0x49, 0xB2, 0x49, 0xF6, 0x4A, 0x40, 0x4A, 0x9E, 0x4B, 0x14, 0x4B, 0x3A,
	0x4B, 0x71, 0x4B, 0xB3, 0x4C, 0x16, 0x4C, 0x8B, 0x4C, 0xCE, 0x4C, 0xFF, 0x4D, 0x27, 0x4D, 0x5A,
	0x4D, 0xAC, 0x4E, 0x0E, 0x4E, 0x42, 0x4E, 0x6D, 0x4E, 0xA5, 0x4F, 0x04, 0x4F, 0x5C, 0x4F, 0xD1,
	0x50, 0x05, 0x50, 0x35, 0x50, 0x7A, 0x50, 0xC0, 0x50, 0xDC, 0x51, 0x1E, 0x51, 0x6C, 0x51, 0x99,
	0x51, 0xE7, 0x52, 0x36, 0x52, 0x59, 0x52, 0xCB, 0x53, 0x1B, 0x53, 0x33, 0x53, 0x93, 0x53, 0xE3,
	0x54, 0x5F, 0x54, 0x7B, 0x54, 0xB8, 0x55, 0x01, 0x55, 0x01, 0x55, 0x01, 0x55, 0x01, 0x55, 0x01,
	0x55, 0x20, 0x55, 0x39, 0x55, 0x7D, 0x55, 0xB9, 0x55, 0xFC, 0x56, 0x28, 0x56, 0x53, 0x56, 0xA2,
	0x56, 0xF2, 0x57, 0x1F, 0x57, 0x41, 0x57, 0x76, 0x57, 0xE9, 0x58, 0x0A, 0x58, 0x31, 0x58, 0x5E,
	0x58, 0x8B, 0x58, 0xA4, 0x58, 0xBD, 0x58, 0xD6, 0x58, 0xEF, 0x59, 0x0F, 0x59, 0x3E, 0x59, 0x6D,
	0x59, 0xB8, 0x5A, 0x03, 0x5A, 0x23, 0x5A, 0x47, 0x5A, 0x60, 0x5A, 0x83, 0x5A, 0xA3, 0x5A, 0xC3,
	0x5A, 0xD5, 0x5A, 0xE6, 0x5B, 0x0C, 0x5B, 0x32, 0x5B, 0x49, 0x5B, 0x60, 0x5B, 0x88, 0x5B, 0xA3,
	0x5B, 0xE4, 0x5C, 0xA1, 0x5D, 0x03, 0x5D, 0x2F, 0x5D, 0xA8, 0x5E, 0x1A, 0x5E, 0x9C, 0x5E, 0xDD,
	0x5F, 0x1F, 0x5F, 0x35, 0x5F, 0x56, 0x5F, 0x80, 0x5F, 0xBB, 0x60, 0x0F, 0x60, 0x59, 0x60, 0xB5,
	0x61, 0x27, 0x61, 0x73, 0x61, 0xBD, 0x61, 0xE6, 0x61, 0xFF, 0x62, 0x23, 0x62, 0x67, 0x62, 0x8B,
	0x62, 0xA2, 0x62, 0xB9, 0x62, 0xED, 0x63, 0x5B, 0x63, 0x9A, 0x63, 0xC9, 0x63, 0xEC, 0x64, 0x1E,
	0x64, 0x69, 0x64, 0xF1, 0x65, 0xB0, 0x65, 0xE9, 0x66, 0x0F, 0x66, 0x21, 0x66, 0x32, 0x66, 0x4D,
	0x66, 0x6F, 0x66, 0x95, 0x66, 0xC7, 0x67, 0x09, 0x67, 0x49, 0x67, 0x66, 0x67, 0x78, 0x67, 0x89,
	0x67, 0xA6, 0x67, 0xEE, 0x68, 0x35, 0x68, 0x6E, 0x68, 0x94, 0x68, 0xA6, 0x68, 0xB7, 0x68, 0xD2,
	0x68, 0xF4, 0x69, 0x1A, 0x69, 0x4C, 0x69, 0x8E, 0x69, 0xCE, 0x69, 0xEB, 0x6A, 0x33, 0x6A, 0x7A,
	0x00, 0x00, 0x00, 0x0D, 0x00, 0xA2, 0x00, 0x03, 0x00, 0x01, 0x04, 0x09, 0x00, 0x00, 0x00, 0xAE,
	0x02, 0x6A, 0x00, 0x03, 0x00, 0x01, 0x04, 0x09, 0x00, 0x01, 0x00, 0x08, 0x02, 0x62, 0x00, 0x03,
	0x00, 0x01, 0x04, 0x09, 0x00, 0x02, 0x00, 0x0E, 0x02, 0x54, 0x00, 0x03, 0x00, 0x01, 0x04, 0x09,
	0x00, 0x03, 0x00, 0x2E, 0x02, 0x26, 0x00, 0x03, 0x00, 0x01, 0x04, 0x09, 0x00, 0x04, 0x00, 0x18,
	0x02, 0x0E, 0x00, 0x03, 0x00, 0x01, 0x04, 0x09, 0x00, 0x05, 0x00, 0x54, 0x01, 0xBA, 0x00, 0x03,
	0x00, 0x01, 0x04, 0x09, 0x00, 0x06, 0x00, 0x18, 0x01, 0xA2, 0x00, 0x03, 0x00, 0x01, 0x04, 0x09,
	0x00, 0x08, 0x00, 0x1C, 0x01, 0x86, 0x00, 0x03, 0x00, 0x01, 0x04, 0x09, 0x00, 0x09, 0x00, 0x1C,
	0x01, 0x86, 0x00, 0x03, 0x00, 0x01, 0x04, 0x09, 0x00, 0x0B, 0x00, 0x2E, 0x01, 0x58, 0x00, 0x03,
	0x00, 0x01, 0x04, 0x09, 0x00, 0x0C, 0x00, 0x2E, 0x01, 0x58, 0x00, 0x03, 0x00, 0x01, 0x04, 0x09,
	0x00, 0x0D, 0x01, 0x22, 0x00, 0x36, 0x00, 0x03, 0x00, 0x01, 0x04, 0x09, 0x00, 0x0E, 0x00, 0x36,
	0x00, 0x00, 0x00, 0x68, 0x00, 0x74, 0x00, 0x74, 0x00, 0x70, 0x00, 0x73, 0x00, 0x3A, 0x00, 0x2F,
	0x00, 0x2F, 0x00, 0x6F, 0x00, 0x70, 0x00, 0x65, 0x00, 0x6E, 0x00, 0x66, 0x00, 0x6F, 0x00, 0x6E,
	0x00, 0x74, 0x00, 0x6C, 0x00, 0x69, 0x00, 0x63, 0x00, 0x65, 0x00, 0x6E, 0x00, 0x73, 0x00, 0x65,
	0x00, 0x2E, 0x00, 0x6F, 0x00, 0x72, 0x00, 0x67, 0x00, 0x54, 0x00, 0x68, 0x00, 0x69, 0x00, 0x73,
	0x00, 0x20, 0x00, 0x46, 0x00, 0x6F, 0x00, 0x6E, 0x00, 0x74, 0x00, 0x20, 0x00, 0x53, 0x00, 0x6F,
	0x00, 0x66, 0x00, 0x74, 0x00, 0x77, 0x00, 0x61, 0x00, 0x72, 0x00, 0x65, 0x00, 0x20, 0x00, 0x69,
	0x00, 0x73, 0x00, 0x20, 0x00, 0x6C, 0x00, 0x69, 0x00, 0x63, 0x00, 0x65, 0x00, 0x6E, 0x00, 0x73,
	0x00, 0x65, 0x00, 0x64, 0x00, 0x20, 0x00, 0x75, 0x00, 0x6E, 0x00, 0x64, 0x00, 0x65, 0x00, 0x72,
	0x00, 0x20, 0x00, 0x74, 0x00, 0x68, 0x00, 0x65, 0x00, 0x20, 0x00, 0x53, 0x00, 0x49, 0x00, 0x4C,
	0x00, 0x20, 0x00, 0x4F, 0x00, 0x70, 0x00, 0x65, 0x00, 0x6E, 0x00, 0x20, 0x00, 0x46, 0x00, 0x6F,
	0x00, 0x6E, 0x00, 0x74, 0x00, 0x20, 0x00, 0x4C, 0x00, 0x69, 0x00, 0x63, 0x00, 0x65, 0x00, 0x6E,
	0x00, 0x73, 0x00, 0x65, 0x00, 0x2C, 0x00, 0x20, 0x00, 0x56, 0x00, 0x65, 0x00, 0x72, 0x00, 0x73,
	0x00, 0x69, 0x00, 0x6F, 0x00, 0x6E, 0x00, 0x20, 0x00, 0x31, 0x00, 0x2E, 0x00, 0x31, 0x00, 0x2E,
	0x00, 0x20, 0x00, 0x54, 0x00, 0x68, 0x00, 0x69, 0x00, 0x73, 0x00, 0x20, 0x00, 0x6C, 0x00, 0x69,
	0x00, 0x63, 0x00, 0x65, 0x00, 0x6E, 0x00, 0x73, 0x00, 0x65, 0x00, 0x20, 0x00, 0x69, 0x00, 0x73,
	0x00, 0x20, 0x00, 0x61, 0x00, 0x76, 0x00, 0x61, 0x00, 0x69, 0x00, 0x6C, 0x00, 0x61, 0x00, 0x62,
	0x00, 0x6C, 0x00, 0x65, 0x00, 0x20, 0x00, 0x77, 0x00, 0x69, 0x00, 0x74, 0x00, 0x68, 0x00, 0x20,
	0x00, 0x61, 0x00, 0x20, 0x00, 0x46, 0x00, 0x41, 0x00, 0x51, 0x00, 0x20, 0x00, 0x61, 0x00, 0x74,
	0x00, 0x3A, 0x00, 0x20, 0x00, 0x68, 0x00, 0x74, 0x00, 0x74, 0x00, 0x70, 0x00, 0x73, 0x00, 0x3A,
	0x00, 0x2F, 0x00, 0x2F, 0x00, 0x6F, 0x00, 0x70, 0x00, 0x65, 0x00, 0x6E, 0x00, 0x66, 0x00, 0x6F,
	0x00, 0x6E, 0x00, 0x74, 0x00, 0x6C, 0x00, 0x69, 0x00, 0x63, 0x00, 0x65, 0x00, 0x6E, 0x00, 0x73,
	0x00, 0x65, 0x00, 0x2E, 0x00, 0x6F, 0x00, 0x72, 0x00, 0x67, 0x00, 0x68, 0x00, 0x74, 0x00, 0x74,
	0x00, 0x70, 0x00, 0x73, 0x00, 0x3A, 0x00, 0x2F, 0x00, 0x2F, 0x00, 0x74, 0x00, 0x79, 0x00, 0x70,
	0x00, 0x65, 0x00, 0x64, 0x00, 0x65, 0x00, 0x73, 0x00, 0x69, 0x00, 0x67, 0x00, 0x6E, 0x00, 0x65,
	0x00, 0x72, 0x00, 0x2E, 0x00, 0x64, 0x00, 0x65, 0x00, 0x53, 0x00, 0x65, 0x00, 0x72, 0x00, 0x67,
	0x00, 0x65, 0x00, 0x6A, 0x00, 0x20, 0x00, 0x4C, 0x00, 0x65, 0x00, 0x62, 0x00, 0x65, 0x00, 0x64,
	0x00, 0x65, 0x00, 0x76, 0x00, 0x41, 0x00, 0x6E, 0x00, 0x74, 0x00, 0x61, 0x00, 0x2D, 0x00, 0x52,
	0x00, 0x65, 0x00, 0x67, 0x00, 0x75, 0x00, 0x6C, 0x00, 0x61, 0x00, 0x72, 0x00, 0x56, 0x00, 0x65,
	0x00, 0x72, 0x00, 0x73, 0x00, 0x69, 0x00, 0x6F, 0x00, 0x6E, 0x00, 0x20, 0x00, 0x31, 0x00, 0x2E,
	0x00, 0x30, 0x00, 0x30, 0x00, 0x30, 0x00, 0x3B, 0x00, 0x20, 0x00, 0x74, 0x00, 0x74, 0x00, 0x66,
	0x00, 0x61, 0x00, 0x75, 0x00, 0x74, 0x00, 0x6F, 0x00, 0x68, 0x00, 0x69, 0x00, 0x6E, 0x00, 0x74,
	0x00, 0x20, 0x00, 0x28, 0x00, 0x76, 0x00, 0x31, 0x00, 0x2E, 0x00, 0x38, 0x00, 0x2E, 0x00, 0x34,
	0x00, 0x2E, 0x00, 0x37, 0x00, 0x2D, 0x00, 0x35, 0x00, 0x64, 0x00, 0x35, 0x00, 0x62, 0x00, 0x29,
	0x00, 0x41, 0x00, 0x6E, 0x00, 0x74, 0x00, 0x61, 0x00, 0x20, 0x00, 0x52, 0x00, 0x65, 0x00, 0x67,
	0x00, 0x75, 0x00, 0x6C, 0x00, 0x61, 0x00, 0x72, 0x00, 0x31, 0x00, 0x2E, 0x00, 0x30, 0x00, 0x30,
	0x00, 0x30, 0x00, 0x3B, 0x00, 0x4E, 0x00, 0x4F, 0x00, 0x4E, 0x00, 0x45, 0x00, 0x3B, 0x00, 0x41,
	0x00, 0x6E, 0x00, 0x74, 0x00, 0x61, 0x00, 0x2D, 0x00, 0x52, 0x00, 0x65, 0x00, 0x67, 0x00, 0x75,
	0x00, 0x6C, 0x00, 0x61, 0x00, 0x72, 0x00, 0x52, 0x00, 0x65, 0x00, 0x67, 0x00, 0x75, 0x00, 0x6C,
	0x00, 0x61, 0x00, 0x72, 0x00, 0x41, 0x00, 0x6E, 0x00, 0x74, 0x00, 0x61, 0x00, 0x43, 0x00, 0x6F,
	0x00, 0x70, 0x00, 0x79, 0x00, 0x72, 0x00, 0x69, 0x00, 0x67, 0x00, 0x68, 0x00, 0x74, 0x00, 0x20,
	0x00, 0x32, 0x00, 0x30, 0x00, 0x31, 0x00, 0x39, 0x00, 0x20, 0x00, 0x54, 0x00, 0x68, 0x00, 0x65,
	0x00, 0x20, 0x00, 0x41, 0x00, 0x6E, 0x00, 0x74, 0x00, 0x61, 0x00, 0x20, 0x00, 0x50, 0x00, 0x72,
	0x00, 0x6F, 0x00, 0x6A, 0x00, 0x65, 0x00, 0x63, 0x00, 0x74, 0x00, 0x20, 0x00, 0x41, 0x00, 0x75,
	0x00, 0x74, 0x00, 0x68, 0x00, 0x6F, 0x00, 0x72, 0x00, 0x73, 0x00, 0x20, 0x00, 0x28, 0x00, 0x68,
	0x00, 0x74, 0x00, 0x74, 0x00, 0x70, 0x00, 0x73, 0x00, 0x3A, 0x00, 0x2F, 0x00, 0x2F, 0x00, 0x67,
	0x00, 0x69, 0x00, 0x74, 0x00, 0x68, 0x00, 0x75, 0x00, 0x62, 0x00, 0x2E, 0x00, 0x63, 0x00, 0x6F,
	0x00, 0x6D, 0x00, 0x2F, 0x00, 0x54, 0x00, 0x79, 0x00, 0x70, 0x00, 0x65, 0x00, 0x64, 0x00, 0x65,
	0x00, 0x73, 0x00, 0x69, 0x00, 0x67, 0x00, 0x6E, 0x00, 0x65, 0x00, 0x72, 0x00, 0x73, 0x00, 0x2F,
	0x00, 0x41, 0x00, 0x6E, 0x00, 0x74, 0x00, 0x61, 0x00, 0x2D, 0x00, 0x52, 0x00, 0x65, 0x00, 0x67,
	0x00, 0x75, 0x00, 0x6C, 0x00, 0x61, 0x00, 0x72, 0x00, 0x29, 0x00, 0x00, 0x00, 0x00, 0x00, 0x02,
	0x00, 0x00, 0x00, 0x03, 0x00, 0x00, 0x00, 0x14, 0x00, 0x03, 0x00, 0x01, 0x00, 0x00, 0x00, 0x14,
	0x00, 0x04, 0x04, 0x40, 0x00, 0x00, 0x00, 0x56, 0x00, 0x40, 0x00, 0x05, 0x00, 0x16, 0x00, 0x00,
	0x00, 0x0D, 0x00, 0x2F, 0x00, 0x39, 0x00, 0x7E, 0x01, 0x7E, 0x01, 0x92, 0x01, 0xFF, 0x02, 0x1B,
	0x02, 0x37, 0x02, 0xC7, 0x02, 0xDD, 0x03, 0x04, 0x03, 0x08, 0x03, 0x0C, 0x03, 0x12, 0x03, 0x15,
	0x03, 0x28, 0x1E, 0x03, 0x1E, 0x0B, 0x1E, 0x1F, 0x1E, 0x41, 0x1E, 0x57, 0x1E, 0x61, 0x1E, 0x6B,
	0x1E, 0x85, 0x1E, 0x9E, 0x1E, 0xF3, 0x20, 0x14, 0x20, 0x1A, 0x20, 0x1E, 0x20, 0x22, 0x20, 0x26,
	0x20, 0x30, 0x20, 0x3A, 0x20, 0x44, 0x20, 0xAC, 0x21, 0x22, 0x22, 0x02, 0x22, 0x12, 0x22, 0x48,
	0xFB, 0x02, 0xFF, 0xFF, 0x00, 0x00, 0x00, 0x00, 0x00, 0x0D, 0x00, 0x20, 0x00, 0x30, 0x00, 0x3A,
	0x00, 0xA0, 0x01, 0x92, 0x01, 0xFC, 0x02, 0x18, 0x02, 0x37, 0x02, 0xC6, 0x02, 0xD8, 0x03, 0x00,
	0x03, 0x06, 0x03, 0x0A, 0x03, 0x12, 0x03, 0x15, 0x03, 0x26, 0x1E, 0x02, 0x1E, 0x0A, 0x1E, 0x1E,
	0x1E, 0x40, 0x1E, 0x56, 0x1E, 0x60, 0x1E, 0x6A, 0x1E, 0x80, 0x1E, 0x9E, 0x1E, 0xF2, 0x20, 0x13,
	0x20, 0x18, 0x20, 0x1C, 0x20, 0x20, 0x20, 0x26, 0x20, 0x30, 0x20, 0x39, 0x20, 0x44, 0x20, 0xAC,
	0x21, 0x22, 0x22, 0x02, 0x22, 0x12, 0x22, 0x48, 0xFB, 0x01, 0xFF, 0xFF, 0x01, 0x28, 0x01, 0x1A,
	0x00, 0x00, 0x00, 0xE6, 0x00, 0x00, 0x00, 0x00, 0xFF, 0xC1, 0x00, 0x00, 0x00, 0x00, 0xFE, 0x88,
	0xFE, 0xC5, 0x00, 0x00, 0x00, 0x00, 0x00, 0x00, 0x00, 0x00, 0xFE, 0x6F, 0xFE, 0x6D, 0xFE, 0x5D,
	0x00, 0x00, 0x00, 0x00, 0x00, 0x00, 0x00, 0x00, 0x00, 0x00, 0x00, 0x00, 0x00, 0x00, 0x00, 0x00,
	0xE1, 0xC1, 0x00, 0x00, 0xE1, 0x2B, 0x00, 0x00, 0x00, 0x00, 0x00, 0x00, 0xE1, 0x09, 0xE1, 0x45,
	0xE1, 0x16, 0xE0, 0xDC, 0xE0, 0xB4, 0xE0, 0x38, 0xDF, 0x71, 0xDF, 0x55, 0xDF, 0x26, 0x06, 0x11,
	0x00, 0x01, 0x00, 0x00, 0x00, 0x00, 0x00, 0x52, 0x00, 0x00, 0x00, 0x6E, 0x00, 0xF6, 0x00, 0x00,
	0x02, 0xB0, 0x02, 0xB6, 0x00, 0x00, 0x00, 0x00, 0x02, 0xB8, 0x02, 0xC2, 0x02, 0xCA, 0x02, 0xCE,
	0x00, 0x00, 0x00, 0x00, 0x00, 0x00, 0x02, 0xCC, 0x02, 0xCE, 0x02, 0xD0, 0x02, 0xD2, 0x02, 0xD4,
	0x02, 0xD6, 0x02, 0xD8, 0x02, 0xDA, 0x00, 0x00, 0x02, 0xE2, 0x00, 0x00, 0x02, 0xE2, 0x02, 0xE6,
	0x02, 0xEA, 0x00, 0x00, 0x00, 0x00, 0x00, 0x00, 0x00, 0x00, 0x00, 0x00, 0x00, 0x00, 0x00, 0x00,
	0x00, 0x00, 0x00, 0x00, 0x00, 0x00, 0x00, 0x00, 0x01, 0x29, 0x01, 0x30, 0x01, 0x51, 0x01, 0x37,
	0x01, 0x63, 0x01, 0x74, 0x01, 0x55, 0x01, 0x52, 0x01, 0x41, 0x01, 0x42, 0x01, 0x36, 0x01, 0x66,
	0x01, 0x2C, 0x01, 0x3C, 0x01, 0x2B, 0x01, 0x38, 0x01, 0x2D, 0x01, 0x2E, 0x01, 0x6C, 0x01, 0x6A,
	0x01, 0x6B, 0x01, 0x32, 0x01, 0x54, 0x00, 0x01, 0x00, 0x0D, 0x00, 0x0E, 0x00, 0x14, 0x00, 0x19,
	0x00, 0x23, 0x00, 0x24, 0x00, 0x28, 0x00, 0x2B, 0x00, 0x36, 0x00, 0x38, 0x00, 0x39, 0x00, 0x3E,
	0x00, 0x40, 0x00, 0x45, 0x00, 0x51, 0x00, 0x54, 0x00, 0x55, 0x00, 0x58, 0x00, 0x60, 0x00, 0x64,
	0x00, 0x6F, 0x00, 0x70, 0x00, 0x75, 0x00, 0x76, 0x00, 0x7B, 0x01, 0x45, 0x01, 0x39, 0x01, 0x46,
	0x01, 0x71, 0x01, 0x40, 0x01, 0x88, 0x00, 0x88, 0x00, 0x94, 0x00, 0x96, 0x00, 0x9C, 0x00, 0xA1,
	0x00, 0xAB, 0x00, 0xAC, 0x00, 0xB0, 0x00, 0xB3, 0x00, 0xBE, 0x00, 0xC1, 0x00, 0xC3, 0x00, 0xC8,
	0x00, 0xCA, 0x00, 0xD0, 0x00, 0xDC, 0x00, 0xDF, 0x00, 0xE0, 0x00, 0xE3, 0x00, 0xEA, 0x00, 0xEE,
	0x01, 0x02, 0x01, 0x03, 0x01, 0x08, 0x01, 0x09, 0x01, 0x0E, 0x01, 0x43, 0x01, 0x5C, 0x01, 0x44,
	0x01, 0x6F, 0x01, 0x2A, 0x01, 0x31, 0x01, 0x61, 0x01, 0x64, 0x01, 0x62, 0x01, 0x65, 0x01, 0x5D,
	0x01, 0x57, 0x01, 0x86, 0x01, 0x58, 0x01, 0x14, 0x01, 0x4D, 0x01, 0x70, 0x01, 0x3D, 0x01, 0x59,
	0x01, 0x90, 0x01, 0x5B, 0x01, 0x6D, 0x01, 0x25, 0x01, 0x26, 0x01, 0x89, 0x01, 0x72, 0x01, 0x56,
	0x01, 0x34, 0x01, 0x91, 0x01, 0x24, 0x01, 0x15, 0x01, 0x4E, 0x01, 0x22, 0x01, 0x21, 0x01, 0x23,
	0x01, 0x33, 0x00, 0x06, 0x00, 0x02, 0x00, 0x04, 0x00, 0x0A, 0x00, 0x05, 0x00, 0x09, 0x00, 0x0B,
	0x00, 0x11, 0x00, 0x20, 0x00, 0x1A, 0x00, 0x1D, 0x00, 0x1E, 0x00, 0x32, 0x00, 0x2D, 0x00, 0x2F,
	0x00, 0x30, 0x00, 0x15, 0x00, 0x43, 0x00, 0x4A, 0x00, 0x46, 0x00, 0x48, 0x00, 0x4F, 0x00, 0x49,
	0x01, 0x68, 0x00, 0x4D, 0x00, 0x69, 0x00, 0x65, 0x00, 0x67, 0x00, 0x68, 0x00, 0x77, 0x00, 0x53,
	0x00, 0xE9, 0x00, 0x8D, 0x00, 0x89, 0x00, 0x8B, 0x00, 0x91, 0x00, 0x8C, 0x00, 0x90, 0x00, 0x92,
	0x00, 0x99, 0x00, 0xA8, 0x00, 0xA2, 0x00, 0xA5, 0x00, 0xA6, 0x00, 0xB9, 0x00, 0xB5, 0x00, 0xB7,
	0x00, 0xB8, 0x00, 0x9D, 0x00, 0xCE, 0x00, 0xD5, 0x00, 0xD1, 0x00, 0xD3, 0x00, 0xDA, 0x00, 0xD4,
	0x01, 0x69, 0x00, 0xD8, 0x00, 0xF3, 0x00, 0xEF, 0x00, 0xF1, 0x00, 0xF2, 0x01, 0x0A, 0x00, 0xDE,
	0x01, 0x0C, 0x00, 0x07, 0x00, 0x8E, 0x00, 0x03, 0x00, 0x8A, 0x00, 0x08, 0x00, 0x8F, 0x00, 0x0F,
	0x00, 0x97, 0x00, 0x12, 0x00, 0x9A, 0x00, 0x13, 0x00, 0x9B, 0x00, 0x10, 0x00, 0x98, 0x00, 0x16,
	0x00, 0x9E, 0x00, 0x17, 0x00, 0x9F, 0x00, 0x21, 0x00, 0xA9, 0x00, 0x1B, 0x00, 0xA3, 0x00, 0x1F,
	0x00, 0xA7, 0x00, 0x22, 0x00, 0xAA, 0x00, 0x1C, 0x00, 0xA4, 0x00, 0x26, 0x00, 0xAE, 0x00, 0x25,
	0x00, 0xAD, 0x00, 0x27, 0x00, 0xAF, 0x00, 0x7F, 0x00, 0xF6, 0x00, 0x2A, 0x00, 0xB2, 0x00, 0x29,
	0x00, 0xB1, 0x00, 0x35, 0x00, 0xBD, 0x00, 0x33, 0x00, 0xBB, 0x00, 0x2E, 0x00, 0xB6, 0x00, 0x34,
	0x00, 0xBC, 0x00, 0x31, 0x00, 0xB4, 0x00, 0x2C, 0x00, 0xBA, 0x00, 0x37, 0x00, 0xC0, 0x00, 0x80,
	0x00, 0xF7, 0x00, 0xC2, 0x00, 0x3A, 0x00, 0xC4, 0x00, 0x81, 0x00, 0xF8, 0x00, 0x3B, 0x00, 0xC5,
	0x00, 0x3C, 0x00, 0xC6, 0x00, 0x3D, 0x00, 0xC7, 0x00, 0x41, 0x00, 0xCB, 0x00, 0x82, 0x00, 0xF9,
	0x00, 0x42, 0x00, 0xCD, 0x00, 0xCC, 0x00, 0x44, 0x00, 0xCF, 0x00, 0x4C, 0x00, 0xD7, 0x00, 0x47,
	0x00, 0xD2, 0x00, 0x4B, 0x00, 0xD6, 0x00, 0x50, 0x00, 0xDB, 0x00, 0x56, 0x00, 0xE1, 0x00, 0x83,
	0x00, 0xFA, 0x00, 0x57, 0x00, 0xE2, 0x00, 0x59, 0x00, 0xE4, 0x00, 0x5C, 0x00, 0xE7, 0x00, 0x5B,
	0x00, 0xE6, 0x00, 0x5A, 0x00, 0xE5, 0x00, 0x84, 0x00, 0xFB, 0x00, 0x62, 0x00, 0xEC, 0x00, 0x61,
	0x00, 0xEB, 0x00, 0x6E, 0x01, 0x01, 0x00, 0x6B, 0x00, 0xF5, 0x00, 0x66, 0x00, 0xF0, 0x00, 0x6D,
	0x01, 0x00, 0x00, 0x6A, 0x00, 0xF4, 0x00, 0x6C, 0x00, 0xFF, 0x00, 0x72, 0x01, 0x05, 0x00, 0x78,
	0x01, 0x0B, 0x00, 0x79, 0x00, 0x7C, 0x01, 0x0F, 0x00, 0x7E, 0x01, 0x11, 0x00, 0x7D, 0x01, 0x10,
	0x00, 0x0C, 0x00, 0x93, 0x00, 0x4E, 0x00, 0xD9, 0x00, 0x5D, 0x00, 0xFC, 0x00, 0x85, 0x00, 0xFD,
	0x01, 0x8D, 0x01, 0x87, 0x01, 0x8E, 0x01, 0x92, 0x01, 0x8F, 0x01, 0x8A, 0x01, 0x78, 0x01, 0x79,
	0x01, 0x7B, 0x01, 0x7F, 0x01, 0x80, 0x01, 0x7D, 0x01, 0x77, 0x01, 0x76, 0x01, 0x7E, 0x01, 0x7A,
	0x01, 0x7C, 0x00, 0x86, 0x00, 0x95, 0x00, 0x18, 0x00, 0xA0, 0x00, 0x87, 0x00, 0xFE, 0x00, 0x3F,
	0x00, 0xC9, 0x00, 0x52, 0x00, 0xDD, 0x00, 0x5E, 0x00, 0xE8, 0x00, 0x63, 0x00, 0xED, 0x00, 0x74,
	0x01, 0x07, 0x00, 0x71, 0x01, 0x04, 0x00, 0x73, 0x01, 0x06, 0x00, 0x7A, 0x01, 0x0D, 0x01, 0x4B,
	0x01, 0x4C, 0x01, 0x47, 0x01, 0x49, 0x01, 0x4A, 0x01, 0x48, 0x01, 0x5E, 0x01, 0x5F, 0x01, 0x35,
	0x04, 0x00, 0x00, 0x66, 0x05, 0x51, 0x00, 0x28, 0x05, 0x51, 0x00, 0x28, 0x05, 0x51, 0x00, 0x28,
	0x05, 0x51, 0x00, 0x28, 0x05, 0x51, 0x00, 0x28, 0x05, 0x51, 0x00, 0x28, 0x05, 0x51, 0x00, 0x28,
	0x05, 0x51, 0x00, 0x28, 0x05, 0x51, 0x00, 0x28, 0x05, 0x51, 0x00, 0x28, 0x07, 0xFC, 0x00, 0x28,
	0x07, 0xFC, 0x00, 0x28, 0x05, 0x80, 0x00, 0x8C, 0x05, 0x65, 0x00, 0x78, 0x05, 0x65, 0x00, 0x78,
	0x05, 0x65, 0x00, 0x78, 0x05, 0x65, 0x00, 0x78, 0x05, 0x65, 0x00, 0x78, 0x05, 0x65, 0x00, 0x78,
	0x05, 0x8A, 0x00, 0x8C, 0x05, 0xB9, 0x00, 0x5A, 0x05, 0x8A, 0x00, 0x8C, 0x05, 0xB9, 0x00, 0x5A,
	0x05, 0x8A, 0x00, 0x8C, 0x05, 0x53, 0x00, 0x8C, 0x05, 0x53, 0x00, 0x8C, 0x05, 0x53, 0x00, 0x8C,
	0x05, 0x53, 0x00, 0x8C, 0x05, 0x53, 0x00, 0x8C, 0x05, 0x53, 0x00, 0x8C, 0x05, 0x53, 0x00, 0x8C,
	0x05, 0x53, 0x00, 0x8C, 0x05, 0x53, 0x00, 0x8C, 0x05, 0x53, 0x00, 0x8C, 0x04, 0xBC, 0x00, 0x8C,
	0x05, 0x8D, 0x00, 0x78, 0x05, 0x8D, 0x00, 0x78, 0x05, 0x8D, 0x00, 0x78, 0x05, 0x8D, 0x00, 0x78,
	0x05, 0x9E, 0x00, 0x8C, 0x06, 0x3E, 0x00, 0x3C, 0x05, 0x9E, 0x00, 0x8C, 0x01, 0xEB, 0x00, 0x8C,
	0x05, 0x1A, 0x00, 0x8C, 0x01, 0xEB, 0x00, 0x83, 0x01, 0xEB, 0xFF, 0xCB, 0x01, 0xEB, 0xFF, 0xBE,
	0x01, 0xEB, 0xFF, 0xDD, 0x01, 0xC3, 0x00, 0x78, 0x01, 0xEB, 0x00, 0x2F, 0x01, 0xEB, 0xFF, 0xCA,
	0x01, 0xEB, 0x00, 0x84, 0x01, 0xEB, 0xFF, 0xAB, 0x03, 0x43, 0x00, 0x28, 0x03, 0x43, 0x00, 0x28,
	0x05, 0x72, 0x00, 0x8C, 0x05, 0x02, 0x00, 0x8C, 0x05, 0x02, 0x00, 0x83, 0x06, 0xA1, 0x00, 0x8C,
	0x05, 0x02, 0x00, 0x8C, 0x05, 0x85, 0x00, 0x3C, 0x06, 0x30, 0x00, 0x8C, 0x06, 0x30, 0x00, 0x8C,
	0x05, 0x68, 0x00, 0x8C, 0x05, 0x68, 0x00, 0x8C, 0x05, 0x68, 0x00, 0x8C, 0x05, 0x68, 0x00, 0x8C,
	0x05, 0x68, 0x00, 0x8C, 0x05, 0xB5, 0x00, 0x8C, 0x05, 0xB5, 0x00, 0x8C, 0x05, 0xB5, 0x00, 0x8C,
	0x05, 0xB5, 0x00, 0x8C, 0x05, 0xB5, 0x00, 0x8C, 0x05, 0xB5, 0x00, 0x8C, 0x05, 0xB5, 0x00, 0x8C,
	0x05, 0xB5, 0x00, 0x8C, 0x05, 0xB6, 0x00, 0x69, 0x05, 0xB6, 0x00, 0x69, 0x05, 0xB5, 0x00, 0x8C,
	0x09, 0x1D, 0x00, 0x8C, 0x05, 0x44, 0x00, 0x8C, 0x05, 0x44, 0x00, 0x8C, 0x04, 0xAB, 0x00, 0x78,
	0x05, 0xB5, 0x00, 0x8C, 0x05, 0x5F, 0x00, 0x8C, 0x05, 0x5F, 0x00, 0x8C, 0x05, 0x5F, 0x00, 0x8C,
	0x05, 0x77, 0x00, 0x78, 0x05, 0x77, 0x00, 0x78, 0x05, 0x77, 0x00, 0x78, 0x05, 0x77, 0x00, 0x78,
	0x05, 0x77, 0x00, 0x78, 0x05, 0x77, 0x00, 0x78, 0x05, 0x77, 0x00, 0x78, 0x05, 0xA4, 0x00, 0x8C,
	0x04, 0xD6, 0x00, 0x28, 0x04, 0xD6, 0x00, 0x28, 0x04, 0xD6, 0x00, 0x28, 0x04, 0xD6, 0x00, 0x28,
	0x05, 0x9E, 0x00, 0x8C, 0x05, 0x9E, 0x00, 0x8C, 0x05, 0x9E, 0x00, 0x8C, 0x05, 0x9E, 0x00, 0x8C,
	0x05, 0x9E, 0x00, 0x8C, 0x05, 0x9E, 0x00, 0x8C, 0x05, 0x9E, 0x00, 0x8C, 0x05, 0x9E, 0x00, 0x8C,
	0x05, 0x9E, 0x00, 0x8C, 0x05, 0x9E, 0x00, 0x8C, 0x05, 0x9E, 0x00, 0x8C, 0x05, 0x51, 0x00, 0x28,
	0x06, 0x6E, 0x00, 0x46, 0x06, 0x6E, 0x00, 0x46, 0x06, 0x6E, 0x00, 0x46, 0x06, 0x6E, 0x00, 0x46,
	0x06, 0x6E, 0x00, 0x46, 0x05, 0x5C, 0x00, 0x28, 0x05, 0x5B, 0x00, 0x28, 0x05, 0x5B, 0x00, 0x28,
	0x05, 0x5B, 0x00, 0x28, 0x05, 0x5B, 0x00, 0x28, 0x05, 0x5B, 0x00, 0x28, 0x05, 0x43, 0x00, 0x78,
	0x05, 0x43, 0x00, 0x78, 0x05, 0x43, 0x00, 0x78, 0x05, 0x43, 0x00, 0x78, 0x05, 0x8D, 0x00, 0x78,
	0x05, 0x72, 0x00, 0x8C, 0x05, 0x02, 0x00, 0x8C, 0x05, 0x68, 0x00, 0x8C, 0x05, 0x5F, 0x00, 0x8C,
	0x04, 0xD6, 0x00, 0x28, 0x04, 0xD6, 0x00, 0x28, 0x05, 0x80, 0x00, 0x8C, 0x04, 0xBC, 0x00, 0x8C,
	0x04, 0x9E, 0x00, 0x6E, 0x04, 0x9E, 0x00, 0x6E, 0x04, 0x9E, 0x00, 0x6E, 0x04, 0x9E, 0x00, 0x6E,
	0x04, 0x9E, 0x00, 0x6E, 0x04, 0x9E, 0x00, 0x6E, 0x04, 0x9E, 0x00, 0x6E, 0x04, 0x9E, 0x00, 0x6E,
	0x04, 0x9E, 0x00, 0x6E, 0x04, 0x9E, 0x00, 0x6E, 0x07, 0x79, 0x00, 0x6E, 0x07, 0x79, 0x00, 0x6E,
	0x04, 0x9E, 0x00, 0x6E, 0x04, 0x9E, 0x00, 0x6E, 0x04, 0xA3, 0x00, 0x6E, 0x04, 0xA3, 0x00, 0x6E,
	0x04, 0xA3, 0x00, 0x6E, 0x04, 0xA3, 0x00, 0x6E, 0x04, 0xA3, 0x00, 0x6E, 0x04, 0xA3, 0x00, 0x6E,
	0x04, 0x9E, 0x00, 0x6E, 0x04, 0xF2, 0x00, 0x6E, 0x05, 0xE3, 0x00, 0x6E, 0x04, 0xEE, 0x00, 0x6E,
	0x04, 0x9E, 0x00, 0x6E, 0x04, 0x9E, 0x00, 0x78, 0x04, 0x9E, 0x00, 0x78, 0x04, 0x9E, 0x00, 0x78,
	0x04, 0x9E, 0x00, 0x78, 0x04, 0x9E, 0x00, 0x78, 0x04, 0x9E, 0x00, 0x78, 0x04, 0x9E, 0x00, 0x78,
	0x04, 0x9E, 0x00, 0x78, 0x04, 0x9E, 0x00, 0x78, 0x04, 0x9E, 0x00, 0x78, 0x02, 0xD3, 0x00, 0x78,
	0x04, 0x9E, 0x00, 0x6E, 0x04, 0x9E, 0x00, 0x6E, 0x04, 0x9E, 0x00, 0x6E, 0x04, 0x9E, 0x00, 0x6E,
	0x04, 0x8F, 0x00, 0x78, 0x05, 0x07, 0x00, 0x3C, 0x04, 0x8F, 0xFF, 0xAA, 0x01, 0xC4, 0x00, 0x60,
	0x01, 0xD1, 0x00, 0x7F, 0x01, 0xD1, 0x00, 0x76, 0x01, 0xD1, 0xFF, 0xBE, 0x01, 0xD1, 0xFF, 0xB1,
	0x01, 0xD1, 0xFF, 0xD0, 0x01, 0xD1, 0x00, 0x22, 0x03, 0xA1, 0x00, 0x60, 0x01, 0xD1, 0xFF, 0xBD,
	0x01, 0xC4, 0x00, 0x60, 0x01, 0xD1, 0xFF, 0x9E, 0x02, 0x0F, 0x00, 0x28, 0x02, 0x12, 0x00, 0x28,
	0x02, 0x12, 0xFF, 0xF9, 0x04, 0x63, 0x00, 0x78, 0x04, 0x63, 0x00, 0x78, 0x01, 0xC3, 0x00, 0x78,
	0x01, 0xC3, 0x00, 0x6F, 0x03, 0x12, 0x00, 0x78, 0x03, 0x90, 0x00, 0x78, 0x02, 0x9F, 0x00, 0x28,
	0x06, 0xB6, 0x00, 0x78, 0x06, 0xB6, 0x00, 0x78, 0x04, 0xA8, 0x00, 0x78, 0x04, 0xA8, 0x00, 0x78,
	0x05, 0x3E, 0x00, 0x28, 0x04, 0xA8, 0x00, 0x78, 0x04, 0xA8, 0x00, 0x78, 0x04, 0xA8, 0x00, 0x78,
	0x04, 0xAA, 0x00, 0x6E, 0x04, 0xAA, 0x00, 0x6E, 0x04, 0xAA, 0x00, 0x6E, 0x04, 0xAA, 0x00, 0x6E,
	0x04, 0xAA, 0x00, 0x6E, 0x04, 0xAA, 0x00, 0x6E, 0x04, 0xAA, 0x00, 0x6E, 0x04, 0xAA, 0x00, 0x6E,
	0x04, 0xAA, 0x00, 0x6E, 0x04, 0xAA, 0x00, 0x6E, 0x04, 0xAA, 0x00, 0x6E, 0x07, 0x91, 0x00, 0x6E,
	0x04, 0x9E, 0x00, 0x6E, 0x04, 0x9E, 0x00, 0x6E, 0x04, 0xC8, 0x00, 0x8C, 0x04, 0x9E, 0x00, 0x6E,
	0x02, 0xCF, 0x00, 0x78, 0x02, 0xCF, 0x00, 0x78, 0x02, 0xCF, 0x00, 0x30, 0x04, 0xA9, 0x00, 0x6E,
	0x04, 0xA9, 0x00, 0x6E, 0x04, 0xA9, 0x00, 0x6E, 0x04, 0xA9, 0x00, 0x6E, 0x04, 0xA9, 0x00, 0x6E,
	0x04, 0xA9, 0x00, 0x6E, 0x04, 0xB3, 0x00, 0x8C, 0x03, 0x25, 0x00, 0x46, 0x03, 0x62, 0x00, 0x64,
	0x04, 0xA6, 0x00, 0x46, 0x03, 0x25, 0x00, 0x46, 0x04, 0xA8, 0x00, 0x78, 0x04, 0xA8, 0x00, 0x78,
	0x04, 0xA8, 0x00, 0x78, 0x04, 0xA8, 0x00, 0x78, 0x04, 0xA8, 0x00, 0x78, 0x04, 0xA8, 0x00, 0x78,
	0x04, 0xA8, 0x00, 0x78, 0x04, 0xA8, 0x00, 0x78, 0x04, 0x9E, 0x00, 0x6E, 0x04, 0x63, 0x00, 0x78,
	0x01, 0xC3, 0x00, 0x51, 0x04, 0xA8, 0x00, 0x78, 0x02, 0xCF, 0x00, 0x52, 0x03, 0x25, 0x00, 0x46,
	0x04, 0xA9, 0x00, 0x6E, 0x03, 0x25, 0x00, 0x46, 0x02, 0xD3, 0x00, 0x78, 0x04, 0xA8, 0x00, 0x78,
	0x04, 0xA8, 0x00, 0x78, 0x04, 0xA8, 0x00, 0x78, 0x04, 0x34, 0x00, 0x28, 0x05, 0xD4, 0x00, 0x3C,
	0x05, 0xD4, 0x00, 0x3C, 0x05, 0xD4, 0x00, 0x3C, 0x05, 0xD4, 0x00, 0x3C, 0x05, 0xD4, 0x00, 0x3C,
	0x04, 0xAF, 0x00, 0x28, 0x04, 0x61, 0x00, 0x3C, 0x04, 0x61, 0x00, 0x3C, 0x04, 0x61, 0x00, 0x3C,
	0x04, 0x61, 0x00, 0x3C, 0x04, 0x61, 0x00, 0x3C, 0x04, 0x97, 0x00, 0x6E, 0x04, 0x97, 0x00, 0x6E,
	0x04, 0x97, 0x00, 0x6E, 0x04, 0x97, 0x00, 0x6E, 0x04, 0x97, 0x00, 0x78, 0x04, 0x92, 0x00, 0x78,
	0x03, 0x3E, 0x00, 0x78, 0x03, 0x29, 0x00, 0x78, 0x05, 0x3F, 0x00, 0x78, 0x02, 0x9B, 0x00, 0x46,
	0x05, 0x3D, 0x00, 0x78, 0x05, 0x36, 0x00, 0x78, 0x05, 0x1E, 0x00, 0x78, 0x05, 0x30, 0x00, 0x78,
	0x05, 0x28, 0x00, 0x78, 0x05, 0x29, 0x00, 0x78, 0x05, 0x1F, 0x00, 0x73, 0x05, 0x28, 0x00, 0x78,
	0x03, 0x6C, 0xFF, 0x6F, 0x07, 0xEE, 0x00, 0x78, 0x07, 0xFB, 0x00, 0x78, 0x09, 0x19, 0x00, 0x78,
	0x01, 0x9D, 0x00, 0x28, 0x03, 0x12, 0x00, 0x46, 0x03, 0x16, 0x00, 0x46, 0x02, 0x58, 0x00, 0x00,
	0x00, 0x00, 0x00, 0x00, 0x02, 0x58, 0x00, 0x00, 0x02, 0x58, 0x00, 0x00, 0x01, 0xEA, 0x00, 0x73,
	0x01, 0xD6, 0x00, 0x28, 0x01, 0xF4, 0x00, 0x78, 0x01, 0xF4, 0x00, 0x28, 0x04, 0xF8, 0x00, 0x78,
	0x02, 0x1C, 0x00, 0x8C, 0x01, 0xF4, 0x00, 0x78, 0x04, 0x7D, 0x00, 0x5A, 0x04, 0x7D, 0x00, 0x5A,
	0x01, 0xCD, 0x00, 0x78, 0x02, 0xBC, 0x00, 0x78, 0x03, 0x71, 0x00, 0x78, 0x05, 0x40, 0x00, 0x78,
	0x05, 0x6F, 0x00, 0x14, 0x05, 0x6F, 0x00, 0x14, 0x01, 0xCD, 0x00, 0x78, 0x01, 0xCD, 0x00, 0x78,
	0x03, 0x63, 0x00, 0x78, 0x03, 0x4F, 0x00, 0x6E, 0x04, 0x00, 0x00, 0x6E, 0x08, 0x00, 0x00, 0x6E,
	0x05, 0x01, 0x00, 0x6E, 0x02, 0xA5, 0x00, 0x8C, 0x02, 0xA5, 0x00, 0x28, 0x02, 0xD5, 0x00, 0x5A,
	0x02, 0xD5, 0x00, 0x28, 0x02, 0x62, 0x00, 0x73, 0x02, 0x62, 0x00, 0x23, 0x01, 0xE7, 0x00, 0x64,
	0x03, 0x45, 0x00, 0x64, 0x03, 0x45, 0x00, 0x64, 0x03, 0x45, 0x00, 0x64, 0x02, 0x00, 0x00, 0x64,
	0x02, 0x00, 0x00, 0x64, 0x05, 0x08, 0x00, 0x6E, 0x05, 0x08, 0x00, 0x6E, 0x04, 0xCE, 0x00, 0x6E,
	0x04, 0xCE, 0x00, 0x6E, 0x02, 0x6E, 0x00, 0x78, 0x01, 0x85, 0x00, 0x78, 0x03, 0x13, 0xFF, 0x7E,
	0x06, 0x29, 0x00, 0x8C, 0x05, 0x83, 0x00, 0x78, 0x04, 0x0F, 0x00, 0x5A, 0x04, 0xA8, 0x00, 0x78,
	0x04, 0xFD, 0x00, 0x8C, 0x04, 0xFD, 0x00, 0x8C, 0x05, 0x99, 0x00, 0x78, 0x02, 0xCE, 0x00, 0x78,
	0x01, 0xAC, 0x00, 0x78, 0x01, 0xB5, 0x00, 0x78, 0x04, 0xC3, 0x00, 0x64, 0x04, 0xC3, 0x00, 0x64,
	0x05, 0x65, 0x00, 0x2D, 0x04, 0xB2, 0x00, 0x78, 0x04, 0x00, 0x00, 0x6E, 0x05, 0x9F, 0x00, 0x8C,
	0x04, 0xBE, 0x00, 0x6E, 0x05, 0x89, 0x00, 0x3F, 0x04, 0xFA, 0x00, 0x8C, 0x03, 0x4F, 0x00, 0x6E,
	0x04, 0x0A, 0x00, 0x5A, 0x04, 0xD5, 0x00, 0x78, 0x04, 0xD1, 0x00, 0x6E, 0x04, 0xCE, 0x00, 0x6E,
	0x04, 0xCE, 0x00, 0x6E, 0x04, 0xBD, 0x00, 0x6E, 0x04, 0xFB, 0x00, 0x6E, 0x04, 0xFB, 0x00, 0x6E,
	0x04, 0xD1, 0x00, 0x6E, 0x03, 0x69, 0x00, 0x64, 0x04, 0xA8, 0x00, 0x78, 0x04, 0x9E, 0x00, 0x6E,
	0x08, 0x37, 0x00, 0x78, 0x0B, 0x65, 0x00, 0x78, 0x00, 0x00, 0x00, 0x78, 0x00, 0x00, 0x00, 0x5F,
	0x00, 0x00, 0x00, 0x64, 0x00, 0x00, 0x00, 0x64, 0x00, 0x00, 0x00, 0x64, 0x00, 0x00, 0x00, 0x64,
	0x00, 0x00, 0x00, 0x64, 0x00, 0x00, 0x00, 0x64, 0x00, 0x00, 0x00, 0x64, 0x00, 0x00, 0x00, 0x78,
	0x00, 0x00, 0x00, 0x78, 0x00, 0x00, 0x00, 0x64, 0x00, 0x00, 0x00, 0x64, 0x00, 0x00, 0x00, 0x64,
	0x00, 0x00, 0x00, 0x64, 0x00, 0x00, 0x00, 0x80, 0x03, 0x21, 0x00, 0x78, 0x01, 0x9B, 0x00, 0x5F,
	0x02, 0x00, 0x00, 0x64, 0x02, 0x00, 0x00, 0x64, 0x03, 0x7C, 0x00, 0x64, 0x03, 0x37, 0x00, 0x64,
	0x03, 0x37, 0x00, 0x64, 0x03, 0x1C, 0x00, 0x64, 0x02, 0x44, 0x00, 0x64, 0x03, 0x82, 0x00, 0x78,
	0x03, 0x45, 0x00, 0x78, 0x01, 0xF6, 0x00, 0x64, 0x01, 0xEA, 0x00, 0x80, 0x00, 0x02, 0x00, 0x00,
	0x00, 0x00, 0x00, 0x00, 0xFE, 0x2F, 0x00, 0x96, 0x00, 0x00, 0x00, 0x00, 0x00, 0x00, 0x00, 0x00,
	0x00, 0x00, 0x00, 0x00, 0x00, 0x00, 0x00, 0x00, 0x00, 0x00, 0x00, 0x00, 0x01, 0x93, 0x00, 0x00,
	0x00, 0x24, 0x00, 0xC9, 0x01, 0x02, 0x00, 0xC7, 0x00, 0x62, 0x00, 0xAD, 0x01, 0x03, 0x01, 0x04,
	0x00, 0x63, 0x00, 0xAE, 0x00, 0x90, 0x01, 0x05, 0x00, 0x25, 0x00, 0x26, 0x00, 0xFD, 0x00, 0xFF,
	0x00, 0x64, 0x01, 0x06, 0x01, 0x07, 0x00, 0x27, 0x00, 0xE9, 0x01, 0x08, 0x01, 0x09, 0x01, 0x0A,
	0x00, 0x28, 0x00, 0x65, 0x01, 0x0B, 0x01, 0x0C, 0x00, 0xC8, 0x00, 0xCA, 0x01, 0x0D, 0x00, 0xCB,
	0x01, 0x0E, 0x01, 0x0F, 0x00, 0x29, 0x00, 0x2A, 0x00, 0xF8, 0x01, 0x10, 0x01, 0x11, 0x00, 0x2B,
	0x01, 0x12, 0x01, 0x13, 0x00, 0x2C, 0x01, 0x14, 0x00, 0xCC, 0x01, 0x15, 0x00, 0xCD, 0x00, 0xCE,
	0x00, 0xFA, 0x00, 0xCF, 0x01, 0x16, 0x01, 0x17, 0x01, 0x18, 0x00, 0x2D, 0x01, 0x19, 0x00, 0x2E,
	0x00, 0x2F, 0x01, 0x1A, 0x01, 0x1B, 0x01, 0x1C, 0x00, 0xE2, 0x00, 0x30, 0x01, 0x1D, 0x00, 0x31,
	0x01, 0x1E, 0x01, 0x1F, 0x00, 0x66, 0x01, 0x20, 0x00, 0x32, 0x00, 0xD0, 0x01, 0x21, 0x00, 0xD1,
	0x00, 0x67, 0x00, 0xD3, 0x01, 0x22, 0x01, 0x23, 0x00, 0x91, 0x01, 0x24, 0x00, 0xAF, 0x00, 0xB0,
	0x00, 0x33, 0x01, 0x25, 0x00, 0xED, 0x00, 0x34, 0x00, 0x35, 0x01, 0x26, 0x01, 0x27, 0x00, 0x36,
	0x01, 0x28, 0x00, 0xE4, 0x00, 0xFB, 0x01, 0x29, 0x01, 0x2A, 0x01, 0x2B, 0x01, 0x2C, 0x00, 0x37,
	0x01, 0x2D, 0x01, 0x2E, 0x01, 0x2F, 0x00, 0x38, 0x00, 0xD4, 0x01, 0x30, 0x00, 0xD5, 0x00, 0x68,
	0x00, 0xD6, 0x01, 0x31, 0x01, 0x32, 0x01, 0x33, 0x01, 0x34, 0x01, 0x35, 0x00, 0x39, 0x00, 0x3A,
	0x01, 0x36, 0x01, 0x37, 0x01, 0x38, 0x01, 0x39, 0x00, 0x3B, 0x00, 0x3C, 0x00, 0xEB, 0x01, 0x3A,
	0x00, 0xBB, 0x01, 0x3B, 0x00, 0x3D, 0x01, 0x3C, 0x00, 0xE6, 0x01, 0x3D, 0x01, 0x3E, 0x01, 0x3F,
	0x01, 0x40, 0x01, 0x41, 0x01, 0x42, 0x01, 0x43, 0x01, 0x44, 0x01, 0x45, 0x01, 0x46, 0x00, 0x44,
	0x00, 0x69, 0x01, 0x47, 0x00, 0x6B, 0x00, 0x6C, 0x00, 0x6A, 0x01, 0x48, 0x01, 0x49, 0x00, 0x6E,
	0x00, 0x6D, 0x00, 0xA0, 0x01, 0x4A, 0x00, 0x45, 0x01, 0x4B, 0x00, 0x46, 0x00, 0xFE, 0x01, 0x00,
	0x00, 0x6F, 0x01, 0x4C, 0x01, 0x4D, 0x00, 0x47, 0x00, 0xEA, 0x01, 0x4E, 0x01, 0x01, 0x01, 0x4F,
	0x00, 0x48, 0x00, 0x70, 0x01, 0x50, 0x01, 0x51, 0x00, 0x72, 0x00, 0x73, 0x01, 0x52, 0x00, 0x71,
	0x01, 0x53, 0x01, 0x54, 0x00, 0x49, 0x00, 0x4A, 0x00, 0xF9, 0x01, 0x55, 0x01, 0x56, 0x00, 0x4B,
	0x01, 0x57, 0x01, 0x58, 0x00, 0x4C, 0x00, 0xD7, 0x00, 0x74, 0x01, 0x59, 0x00, 0x76, 0x00, 0x77,
	0x00, 0x75, 0x01, 0x5A, 0x01, 0x5B, 0x01, 0x5C, 0x01, 0x5D, 0x00, 0x4D, 0x01, 0x5E, 0x01, 0x5F,
	0x00, 0x4E, 0x01, 0x60, 0x00, 0x4F, 0x01, 0x61, 0x01, 0x62, 0x01, 0x63, 0x00, 0xE3, 0x00, 0x50,
	0x01, 0x64, 0x00, 0x51, 0x01, 0x65, 0x01, 0x66, 0x01, 0x67, 0x00, 0x78, 0x01, 0x68, 0x00, 0x52,
	0x00, 0x79, 0x01, 0x69, 0x00, 0x7B, 0x00, 0x7C, 0x00, 0x7A, 0x01, 0x6A, 0x01, 0x6B, 0x00, 0xA1,
	0x01, 0x6C, 0x00, 0x7D, 0x00, 0xB1, 0x00, 0x53, 0x01, 0x6D, 0x00, 0xEE, 0x00, 0x54, 0x00, 0x55,
	0x01, 0x6E, 0x01, 0x6F, 0x00, 0x56, 0x01, 0x70, 0x00, 0xE5, 0x00, 0xFC, 0x01, 0x71, 0x01, 0x72,
	0x00, 0x89, 0x00, 0x57, 0x01, 0x73, 0x01, 0x74, 0x01, 0x75, 0x00, 0x58, 0x00, 0x7E, 0x01, 0x76,
	0x00, 0x80, 0x00, 0x81, 0x00, 0x7F, 0x01, 0x77, 0x01, 0x78, 0x01, 0x79, 0x01, 0x7A, 0x01, 0x7B,
	0x01, 0x7C, 0x01, 0x7D, 0x01, 0x7E, 0x01, 0x7F, 0x01, 0x80, 0x01, 0x81, 0x01, 0x82, 0x01, 0x83,
	0x01, 0x84, 0x00, 0x59, 0x00, 0x5A, 0x01, 0x85, 0x01, 0x86, 0x01, 0x87, 0x01, 0x88, 0x00, 0x5B,
	0x00, 0x5C, 0x00, 0xEC, 0x01, 0x89, 0x00, 0xBA, 0x01, 0x8A, 0x00, 0x5D, 0x01, 0x8B, 0x00, 0xE7,
	0x01, 0x8C, 0x00, 0xC0, 0x00, 0xC1, 0x00, 0x9D, 0x00, 0x9E, 0x00, 0x13, 0x00, 0x14, 0x00, 0x15,
	0x00, 0x16, 0x00, 0x17, 0x00, 0x18, 0x00, 0x19, 0x00, 0x1A, 0x00, 0x1B, 0x00, 0x1C, 0x00, 0xBC,
	0x00, 0xF4, 0x00, 0xF5, 0x00, 0xF6, 0x01, 0x8D, 0x01, 0x8E, 0x01, 0x8F, 0x01, 0x90, 0x01, 0x91,
	0x00, 0x03, 0x01, 0x92, 0x00, 0x11, 0x00, 0x0F, 0x00, 0x1D, 0x00, 0x1E, 0x00, 0xAB, 0x00, 0x04,
	0x00, 0xA3, 0x00, 0x22, 0x00, 0xA2, 0x00, 0xC3, 0x00, 0x87, 0x00, 0x0D, 0x00, 0x06, 0x00, 0x12,
	0x00, 0x3F, 0x01, 0x93, 0x01, 0x94, 0x00, 0x10, 0x01, 0x95, 0x00, 0xB2, 0x00, 0xB3, 0x00, 0x42,
	0x00, 0x0B, 0x00, 0x0C, 0x00, 0x5E, 0x00, 0x60, 0x00, 0x3E, 0x00, 0x40, 0x00, 0xC4, 0x00, 0xC5,
	0x00, 0xB4, 0x00, 0xB5, 0x00, 0xB6, 0x00, 0xB7, 0x00, 0xA9, 0x00, 0xAA, 0x00, 0xBE, 0x00, 0xBF,
	0x00, 0x05, 0x00, 0x0A, 0x00, 0xA6, 0x00, 0x23, 0x00, 0x09, 0x00, 0x88, 0x00, 0x86, 0x00, 0x8B,
	0x00, 0x8A, 0x00, 0x8C, 0x00, 0x83, 0x00, 0x5F, 0x00, 0xE8, 0x00, 0x82, 0x00, 0xC2, 0x01, 0x96,
	0x00, 0x84, 0x00, 0xBD, 0x00, 0x07, 0x00, 0x85, 0x00, 0x96, 0x00, 0x0E, 0x00, 0xEF, 0x00, 0xF0,
	0x00, 0xB8, 0x00, 0x20, 0x00, 0x21, 0x00, 0x1F, 0x00, 0x93, 0x00, 0xA7, 0x00, 0x61, 0x00, 0xA4,
	0x00, 0x41, 0x01, 0x97, 0x00, 0x98, 0x00, 0x08, 0x00, 0xC6, 0x01, 0x98, 0x01, 0x99, 0x01, 0x9A,
	0x01, 0x9B, 0x01, 0x9C, 0x01, 0x9D, 0x01, 0x9E, 0x01, 0x9F, 0x01, 0xA0, 0x01, 0xA1, 0x01, 0xA2,
	0x01, 0xA3, 0x01, 0xA4, 0x01, 0xA5, 0x01, 0xA6, 0x01, 0xA7, 0x00, 0x8E, 0x00, 0xDC, 0x00, 0x43,
	0x00, 0x8D, 0x00, 0xDF, 0x00, 0xD8, 0x00, 0xE1, 0x00, 0xDB, 0x00, 0xDD, 0x00, 0xD9, 0x00, 0xDA,
	0x00, 0xDE, 0x00, 0xE0, 0x06, 0x41, 0x62, 0x72, 0x65, 0x76, 0x65, 0x07, 0x41, 0x6D, 0x61, 0x63,
	0x72, 0x6F, 0x6E, 0x07, 0x41, 0x6F, 0x67, 0x6F, 0x6E, 0x65, 0x6B, 0x07, 0x41, 0x45, 0x61, 0x63,
	0x75, 0x74, 0x65, 0x0B, 0x43, 0x63, 0x69, 0x72, 0x63, 0x75, 0x6D, 0x66, 0x6C, 0x65, 0x78, 0x0A,
	0x43, 0x64, 0x6F, 0x74, 0x61, 0x63, 0x63, 0x65, 0x6E, 0x74, 0x06, 0x44, 0x63, 0x61, 0x72, 0x6F,
	0x6E, 0x06, 0x44, 0x63, 0x72, 0x6F, 0x61, 0x74, 0x07, 0x75, 0x6E, 0x69, 0x31, 0x45, 0x30, 0x41,
	0x06, 0x45, 0x62, 0x72, 0x65, 0x76, 0x65, 0x06, 0x45, 0x63, 0x61, 0x72, 0x6F, 0x6E, 0x0A, 0x45,
	0x64, 0x6F, 0x74, 0x61, 0x63, 0x63, 0x65, 0x6E, 0x74, 0x07, 0x45, 0x6D, 0x61, 0x63, 0x72, 0x6F,
	0x6E, 0x07, 0x45, 0x6F, 0x67, 0x6F, 0x6E, 0x65, 0x6B, 0x0B, 0x47, 0x63, 0x69, 0x72, 0x63, 0x75,
	0x6D, 0x66, 0x6C, 0x65, 0x78, 0x0A, 0x47, 0x64, 0x6F, 0x74, 0x61, 0x63, 0x63, 0x65, 0x6E, 0x74,
	0x04, 0x48, 0x62, 0x61, 0x72, 0x0B, 0x48, 0x63, 0x69, 0x72, 0x63, 0x75, 0x6D, 0x66, 0x6C, 0x65,
	0x78, 0x02, 0x49, 0x4A, 0x06, 0x49, 0x62, 0x72, 0x65, 0x76, 0x65, 0x07, 0x49, 0x6D, 0x61, 0x63,
	0x72, 0x6F, 0x6E, 0x07, 0x49, 0x6F, 0x67, 0x6F, 0x6E, 0x65, 0x6B, 0x06, 0x49, 0x74, 0x69, 0x6C,
	0x64, 0x65, 0x0B, 0x4A, 0x63, 0x69, 0x72, 0x63, 0x75, 0x6D, 0x66, 0x6C, 0x65, 0x78, 0x06, 0x4C,
	0x61, 0x63, 0x75, 0x74, 0x65, 0x06, 0x4C, 0x63, 0x61, 0x72, 0x6F, 0x6E, 0x04, 0x4C, 0x64, 0x6F,
	0x74, 0x07, 0x75, 0x6E, 0x69, 0x31, 0x45, 0x34, 0x30, 0x06, 0x4E, 0x61, 0x63, 0x75, 0x74, 0x65,
	0x06, 0x4E, 0x63, 0x61, 0x72, 0x6F, 0x6E, 0x03, 0x45, 0x6E, 0x67, 0x06, 0x4F, 0x62, 0x72, 0x65,
	0x76, 0x65, 0x0D, 0x4F, 0x68, 0x75, 0x6E, 0x67, 0x61, 0x72, 0x75, 0x6D, 0x6C, 0x61, 0x75, 0x74,
	0x07, 0x4F, 0x6D, 0x61, 0x63, 0x72, 0x6F, 0x6E, 0x0B, 0x4F, 0x73, 0x6C, 0x61, 0x73, 0x68, 0x61,
	0x63, 0x75, 0x74, 0x65, 0x07, 0x75, 0x6E, 0x69, 0x31, 0x45, 0x35, 0x36, 0x06, 0x52, 0x61, 0x63,
	0x75, 0x74, 0x65, 0x06, 0x52, 0x63, 0x61, 0x72, 0x6F, 0x6E, 0x06, 0x53, 0x61, 0x63, 0x75, 0x74,
	0x65, 0x0B, 0x53, 0x63, 0x69, 0x72, 0x63, 0x75, 0x6D, 0x66, 0x6C, 0x65, 0x78, 0x07, 0x75, 0x6E,
	0x69, 0x30, 0x32, 0x31, 0x38, 0x07, 0x75, 0x6E, 0x69, 0x31, 0x45, 0x36, 0x30, 0x07, 0x75, 0x6E,
	0x69, 0x31, 0x45, 0x39, 0x45, 0x04, 0x54, 0x62, 0x61, 0x72, 0x06, 0x54, 0x63, 0x61, 0x72, 0x6F,
	0x6E, 0x07, 0x75, 0x6E, 0x69, 0x31, 0x45, 0x36, 0x41, 0x06, 0x55, 0x62, 0x72, 0x65, 0x76, 0x65,
	0x0D, 0x55, 0x68, 0x75, 0x6E, 0x67, 0x61, 0x72, 0x75, 0x6D, 0x6C, 0x61, 0x75, 0x74, 0x07, 0x55,
	0x6D, 0x61, 0x63, 0x72, 0x6F, 0x6E, 0x07, 0x55, 0x6F, 0x67, 0x6F, 0x6E, 0x65, 0x6B, 0x05, 0x55,
	0x72, 0x69, 0x6E, 0x67, 0x06, 0x55, 0x74, 0x69, 0x6C, 0x64, 0x65, 0x06, 0x57, 0x61, 0x63, 0x75,
	0x74, 0x65, 0x0B, 0x57, 0x63, 0x69, 0x72, 0x63, 0x75, 0x6D, 0x66, 0x6C, 0x65, 0x78, 0x09, 0x57,
	0x64, 0x69, 0x65, 0x72, 0x65, 0x73, 0x69, 0x73, 0x06, 0x57, 0x67, 0x72, 0x61, 0x76, 0x65, 0x0B,
	0x59, 0x63, 0x69, 0x72, 0x63, 0x75, 0x6D, 0x66, 0x6C, 0x65, 0x78, 0x06, 0x59, 0x67, 0x72, 0x61,
	0x76, 0x65, 0x06, 0x5A, 0x61, 0x63, 0x75, 0x74, 0x65, 0x0A, 0x5A, 0x64, 0x6F, 0x74, 0x61, 0x63,
	0x63, 0x65, 0x6E, 0x74, 0x07, 0x75, 0x6E, 0x69, 0x30, 0x31, 0x32, 0x32, 0x07, 0x75, 0x6E, 0x69,
	0x30, 0x31, 0x33, 0x36, 0x07, 0x75, 0x6E, 0x69, 0x30, 0x31, 0x33, 0x42, 0x07, 0x75, 0x6E, 0x69,
	0x30, 0x31, 0x34, 0x35, 0x07, 0x75, 0x6E, 0x69, 0x30, 0x31, 0x35, 0x36, 0x07, 0x75, 0x6E, 0x69,
	0x30, 0x31, 0x36, 0x32, 0x07, 0x75, 0x6E, 0x69, 0x30, 0x32, 0x31, 0x41, 0x07, 0x75, 0x6E, 0x69,
	0x31, 0x45, 0x30, 0x32, 0x07, 0x75, 0x6E, 0x69, 0x31, 0x45, 0x31, 0x45, 0x06, 0x61, 0x62, 0x72,
	0x65, 0x76, 0x65, 0x07, 0x61, 0x6D, 0x61, 0x63, 0x72, 0x6F, 0x6E, 0x07, 0x61, 0x6F, 0x67, 0x6F,
	0x6E, 0x65, 0x6B, 0x07, 0x61, 0x65, 0x61, 0x63, 0x75, 0x74, 0x65, 0x07, 0x75, 0x6E, 0x69, 0x31,
	0x45, 0x30, 0x33, 0x0B, 0x63, 0x63, 0x69, 0x72, 0x63, 0x75, 0x6D, 0x66, 0x6C, 0x65, 0x78, 0x0A,
	0x63, 0x64, 0x6F, 0x74, 0x61, 0x63, 0x63, 0x65, 0x6E, 0x74, 0x06, 0x64, 0x63, 0x61, 0x72, 0x6F,
	0x6E, 0x07, 0x75, 0x6E, 0x69, 0x31, 0x45, 0x30, 0x42, 0x06, 0x65, 0x62, 0x72, 0x65, 0x76, 0x65,
	0x06, 0x65, 0x63, 0x61, 0x72, 0x6F, 0x6E, 0x0A, 0x65, 0x64, 0x6F, 0x74, 0x61, 0x63, 0x63, 0x65,
	0x6E, 0x74, 0x07, 0x65, 0x6D, 0x61, 0x63, 0x72, 0x6F, 0x6E, 0x07, 0x65, 0x6F, 0x67, 0x6F, 0x6E,
	0x65, 0x6B, 0x0B, 0x67, 0x63, 0x69, 0x72, 0x63, 0x75, 0x6D, 0x66, 0x6C, 0x65, 0x78, 0x0A, 0x67,
	0x64, 0x6F, 0x74, 0x61, 0x63, 0x63, 0x65, 0x6E, 0x74, 0x04, 0x68, 0x62, 0x61, 0x72, 0x0B, 0x68,
	0x63, 0x69, 0x72, 0x63, 0x75, 0x6D, 0x66, 0x6C, 0x65, 0x78, 0x06, 0x69, 0x62, 0x72, 0x65, 0x76,
	0x65, 0x02, 0x69, 0x6A, 0x07, 0x69, 0x6D, 0x61, 0x63, 0x72, 0x6F, 0x6E, 0x07, 0x69, 0x6F, 0x67,
	0x6F, 0x6E, 0x65, 0x6B, 0x06, 0x69, 0x74, 0x69, 0x6C, 0x64, 0x65, 0x07, 0x75, 0x6E, 0x69, 0x30,
	0x32, 0x33, 0x37, 0x0B, 0x6A, 0x63, 0x69, 0x72, 0x63, 0x75, 0x6D, 0x66, 0x6C, 0x65, 0x78, 0x0C,
	0x6B, 0x67, 0x72, 0x65, 0x65, 0x6E, 0x6C, 0x61, 0x6E, 0x64, 0x69, 0x63, 0x06, 0x6C, 0x61, 0x63,
	0x75, 0x74, 0x65, 0x06, 0x6C, 0x63, 0x61, 0x72, 0x6F, 0x6E, 0x04, 0x6C, 0x64, 0x6F, 0x74, 0x07,
	0x75, 0x6E, 0x69, 0x31, 0x45, 0x34, 0x31, 0x06, 0x6E, 0x61, 0x63, 0x75, 0x74, 0x65, 0x0B, 0x6E,
	0x61, 0x70, 0x6F, 0x73, 0x74, 0x72, 0x6F, 0x70, 0x68, 0x65, 0x06, 0x6E, 0x63, 0x61, 0x72, 0x6F,
	0x6E, 0x03, 0x65, 0x6E, 0x67, 0x06, 0x6F, 0x62, 0x72, 0x65, 0x76, 0x65, 0x0D, 0x6F, 0x68, 0x75,
	0x6E, 0x67, 0x61, 0x72, 0x75, 0x6D, 0x6C, 0x61, 0x75, 0x74, 0x07, 0x6F, 0x6D, 0x61, 0x63, 0x72,
	0x6F, 0x6E, 0x0B, 0x6F, 0x73, 0x6C, 0x61, 0x73, 0x68, 0x61, 0x63, 0x75, 0x74, 0x65, 0x07, 0x75,
	0x6E, 0x69, 0x31, 0x45, 0x35, 0x37, 0x06, 0x72, 0x61, 0x63, 0x75, 0x74, 0x65, 0x06, 0x72, 0x63,
	0x61, 0x72, 0x6F, 0x6E, 0x06, 0x73, 0x61, 0x63, 0x75, 0x74, 0x65, 0x0B, 0x73, 0x63, 0x69, 0x72,
	0x63, 0x75, 0x6D, 0x66, 0x6C, 0x65, 0x78, 0x07, 0x75, 0x6E, 0x69, 0x31, 0x45, 0x36, 0x31, 0x04,
	0x74, 0x62, 0x61, 0x72, 0x06, 0x74, 0x63, 0x61, 0x72, 0x6F, 0x6E, 0x07, 0x75, 0x6E, 0x69, 0x31,
	0x45, 0x36, 0x42, 0x06, 0x75, 0x62, 0x72, 0x65, 0x76, 0x65, 0x0D, 0x75, 0x68, 0x75, 0x6E, 0x67,
	0x61, 0x72, 0x75, 0x6D, 0x6C, 0x61, 0x75, 0x74, 0x07, 0x75, 0x6D, 0x61, 0x63, 0x72, 0x6F, 0x6E,
	0x07, 0x75, 0x6E, 0x69, 0x30, 0x31, 0x32, 0x33, 0x07, 0x75, 0x6E, 0x69, 0x30, 0x31, 0x33, 0x37,
	0x07, 0x75, 0x6E, 0x69, 0x30, 0x31, 0x33, 0x43, 0x07, 0x75, 0x6E, 0x69, 0x30, 0x31, 0x34, 0x36,
	0x07, 0x75, 0x6E, 0x69, 0x30, 0x31, 0x35, 0x37, 0x07, 0x75, 0x6E, 0x69, 0x30, 0x31, 0x36, 0x33,
	0x07, 0x75, 0x6E, 0x69, 0x30, 0x32, 0x31, 0x39, 0x07, 0x75, 0x6E, 0x69, 0x30, 0x32, 0x31, 0x42,
	0x07, 0x75, 0x6E, 0x69, 0x31, 0x45, 0x31, 0x46, 0x07, 0x75, 0x6F, 0x67, 0x6F, 0x6E, 0x65, 0x6B,
	0x05, 0x75, 0x72, 0x69, 0x6E, 0x67, 0x06, 0x75, 0x74, 0x69, 0x6C, 0x64, 0x65, 0x06, 0x77, 0x61,
	0x63, 0x75, 0x74, 0x65, 0x0B, 0x77, 0x63, 0x69, 0x72, 0x63, 0x75, 0x6D, 0x66, 0x6C, 0x65, 0x78,
	0x09, 0x77, 0x64, 0x69, 0x65, 0x72, 0x65, 0x73, 0x69, 0x73, 0x06, 0x77, 0x67, 0x72, 0x61, 0x76,
	0x65, 0x0B, 0x79, 0x63, 0x69, 0x72, 0x63, 0x75, 0x6D, 0x66, 0x6C, 0x65, 0x78, 0x06, 0x79, 0x67,
	0x72, 0x61, 0x76, 0x65, 0x06, 0x7A, 0x61, 0x63, 0x75, 0x74, 0x65, 0x0A, 0x7A, 0x64, 0x6F, 0x74,
	0x61, 0x63, 0x63, 0x65, 0x6E, 0x74, 0x07, 0x75, 0x6E, 0x69, 0x30, 0x30, 0x42, 0x39, 0x07, 0x75,
	0x6E, 0x69, 0x30, 0x30, 0x42, 0x32, 0x07, 0x75, 0x6E, 0x69, 0x30, 0x30, 0x42, 0x33, 0x02, 0x43,
	0x52, 0x04, 0x4E, 0x55, 0x4C, 0x4C, 0x07, 0x75, 0x6E, 0x69, 0x30, 0x30, 0x41, 0x30, 0x16, 0x70,
	0x65, 0x72, 0x69, 0x6F, 0x64, 0x63, 0x65, 0x6E, 0x74, 0x65, 0x72, 0x65, 0x64, 0x2E, 0x6C, 0x6F,
	0x63, 0x6C, 0x43, 0x41, 0x54, 0x1B, 0x70, 0x65, 0x72, 0x69, 0x6F, 0x64, 0x63, 0x65, 0x6E, 0x74,
	0x65, 0x72, 0x65, 0x64, 0x2E, 0x6C, 0x6F, 0x63, 0x6C, 0x43, 0x41, 0x54, 0x2E, 0x63, 0x61, 0x73,
	0x65, 0x07, 0x75, 0x6E, 0x69, 0x30, 0x30, 0x41, 0x44, 0x04, 0x45, 0x75, 0x72, 0x6F, 0x07, 0x75,
	0x6E, 0x69, 0x30, 0x30, 0x42, 0x35, 0x07, 0x75, 0x6E, 0x69, 0x30, 0x33, 0x30, 0x38, 0x07, 0x75,
	0x6E, 0x69, 0x30, 0x33, 0x30, 0x37, 0x09, 0x67, 0x72, 0x61, 0x76, 0x65, 0x63, 0x6F, 0x6D, 0x62,
	0x09, 0x61, 0x63, 0x75, 0x74, 0x65, 0x63, 0x6F, 0x6D, 0x62, 0x07, 0x75, 0x6E, 0x69, 0x30, 0x33,
	0x30, 0x42, 0x07, 0x75, 0x6E, 0x69, 0x30, 0x33, 0x30, 0x32, 0x07, 0x75, 0x6E, 0x69, 0x30, 0x33,
	0x30, 0x43, 0x07, 0x75, 0x6E, 0x69, 0x30, 0x33, 0x30, 0x36, 0x07, 0x75, 0x6E, 0x69, 0x30, 0x33,
	0x30, 0x41, 0x09, 0x74, 0x69, 0x6C, 0x64, 0x65, 0x63, 0x6F, 0x6D, 0x62, 0x07, 0x75, 0x6E, 0x69,
	0x30, 0x33, 0x30, 0x34, 0x07, 0x75, 0x6E, 0x69, 0x30, 0x33, 0x31, 0x32, 0x07, 0x75, 0x6E, 0x69,
	0x30, 0x33, 0x31, 0x35, 0x07, 0x75, 0x6E, 0x69, 0x30, 0x33, 0x32, 0x36, 0x07, 0x75, 0x6E, 0x69,
	0x30, 0x33, 0x32, 0x37, 0x07, 0x75, 0x6E, 0x69, 0x30, 0x33, 0x32, 0x38, 0xB0, 0x00, 0x2C, 0x20,
	0xB0, 0x00, 0x55, 0x58, 0x45, 0x59, 0x20, 0x20, 0x4B, 0xB8, 0x00, 0x0E, 0x51, 0x4B, 0xB0, 0x06,
	0x53, 0x5A, 0x58, 0xB0, 0x34, 0x1B, 0xB0, 0x28, 0x59, 0x60, 0x66, 0x20, 0x8A, 0x55, 0x58, 0xB0,
	0x02, 0x25, 0x61, 0xB9, 0x08, 0x00, 0x08, 0x00, 0x63, 0x63, 0x23, 0x62, 0x1B, 0x21, 0x21, 0xB0,
	0x00, 0x59, 0xB0, 0x00, 0x43, 0x23, 0x44, 0xB2, 0x00, 0x01, 0x00, 0x43, 0x60, 0x42, 0x2D, 0xB0,
	0x01, 0x2C, 0xB0, 0x20, 0x60, 0x66, 0x2D, 0xB0, 0x02, 0x2C, 0x23, 0x21, 0x23, 0x21, 0x2D, 0xB0,
	0x03, 0x2C, 0x20, 0x64, 0xB3, 0x03, 0x14, 0x15, 0x00, 0x42, 0x43, 0xB0, 0x13, 0x43, 0x20, 0x60,
	0x60, 0x42, 0xB1, 0x02, 0x14, 0x43, 0x42, 0xB1, 0x25, 0x03, 0x43, 0xB0, 0x02, 0x43, 0x54, 0x78,
	0x20, 0xB0, 0x0C, 0x23, 0xB0, 0x02, 0x43, 0x43, 0x61, 0x64, 0xB0, 0x04, 0x50, 0x78, 0xB2, 0x02,
	0x02, 0x02, 0x43, 0x60, 0x42, 0xB0, 0x21, 0x65, 0x1C, 0x21, 0xB0, 0x02, 0x43, 0x43, 0xB2, 0x0E,
	0x15, 0x01, 0x42, 0x1C, 0x20, 0xB0, 0x02, 0x43, 0x23, 0x42, 0xB2, 0x13, 0x01, 0x13, 0x43, 0x60,
	0x42, 0x23, 0xB0, 0x00, 0x50, 0x58, 0x65, 0x59, 0xB2, 0x16, 0x01, 0x02, 0x43, 0x60, 0x42, 0x2D,
	0xB0, 0x04, 0x2C, 0xB0, 0x03, 0x2B, 0xB0, 0x15, 0x43, 0x58, 0x23, 0x21, 0x23, 0x21, 0xB0, 0x16,
	0x43, 0x43, 0x23, 0xB0, 0x00, 0x50, 0x58, 0x65, 0x59, 0x1B, 0x20, 0x64, 0x20, 0xB0, 0xC0, 0x50,
	0xB0, 0x04, 0x26, 0x5A, 0xB2, 0x28, 0x01, 0x0D, 0x43, 0x45, 0x63, 0x45, 0xB0, 0x06, 0x45, 0x58,
	0x21, 0xB0, 0x03, 0x25, 0x59, 0x52, 0x5B, 0x58, 0x21, 0x23, 0x21, 0x1B, 0x8A, 0x58, 0x20, 0xB0,
	0x50, 0x50, 0x58, 0x21, 0xB0, 0x40, 0x59, 0x1B, 0x20, 0xB0, 0x38, 0x50, 0x58, 0x21, 0xB0, 0x38,
	0x59, 0x59, 0x20, 0xB1, 0x01, 0x0D, 0x43, 0x45, 0x63, 0x45, 0x61, 0x64, 0xB0, 0x28, 0x50, 0x58,
	0x21, 0xB1, 0x01, 0x0D, 0x43, 0x45, 0x63, 0x45, 0x20, 0xB0, 0x30, 0x50, 0x58, 0x21, 0xB0, 0x30,
	0x59, 0x1B, 0x20, 0xB0, 0xC0, 0x50, 0x58, 0x20, 0x66, 0x20, 0x8A, 0x8A, 0x61, 0x20, 0xB0, 0x0A,
	0x50, 0x58, 0x60, 0x1B, 0x20, 0xB0, 0x20, 0x50, 0x58, 0x21, 0xB0, 0x0A, 0x60, 0x1B, 0x20, 0xB0,
	0x36, 0x50, 0x58, 0x21, 0xB0, 0x36, 0x60, 0x1B, 0x60, 0x59, 0x59, 0x59, 0x1B, 0xB0, 0x02, 0x25,
	0xB0, 0x0C, 0x43, 0x63, 0xB0, 0x00, 0x52, 0x58, 0xB0, 0x00, 0x4B, 0xB0, 0x0A, 0x50, 0x58, 0x21,
	0xB0, 0x0C, 0x43, 0x1B, 0x4B, 0xB0, 0x1E, 0x50, 0x58, 0x21, 0xB0, 0x1E, 0x4B, 0x61, 0xB8, 0x10,
	0x00, 0x63, 0xB0, 0x0C, 0x43, 0x63, 0xB8, 0x05, 0x00, 0x62, 0x59, 0x59, 0x64, 0x61, 0x59, 0xB0,
	0x01, 0x2B, 0x59, 0x59, 0x23, 0xB0, 0x00, 0x50, 0x58, 0x65, 0x59, 0x59, 0x20, 0x64, 0xB0, 0x16,
	0x43, 0x23, 0x42, 0x59, 0x2D, 0xB0, 0x05, 0x2C, 0x20, 0x45, 0x20, 0xB0, 0x04, 0x25, 0x61, 0x64,
	0x20, 0xB0, 0x07, 0x43, 0x50, 0x58, 0xB0, 0x07, 0x23, 0x42, 0xB0, 0x08, 0x23, 0x42, 0x1B, 0x21,
	0x21, 0x59, 0xB0, 0x01, 0x60, 0x2D, 0xB0, 0x06, 0x2C, 0x23, 0x21, 0x23, 0x21, 0xB0, 0x03, 0x2B,
	0x20, 0x64, 0xB1, 0x07, 0x62, 0x42, 0x20, 0xB0, 0x08, 0x23, 0x42, 0xB0, 0x06, 0x45, 0x58, 0x1B,
	0xB1, 0x01, 0x0D, 0x43, 0x45, 0x63, 0xB1, 0x01, 0x0D, 0x43, 0xB0, 0x02, 0x60, 0x45, 0x63, 0xB0,
	0x05, 0x2A, 0x21, 0x20, 0xB0, 0x08, 0x43, 0x20, 0x8A, 0x20, 0x8A, 0xB0, 0x01, 0x2B, 0xB1, 0x30,
	0x05, 0x25, 0xB0, 0x04, 0x26, 0x51, 0x58, 0x60, 0x50, 0x1B, 0x61, 0x52, 0x59, 0x58, 0x23, 0x59,
	0x21, 0x59, 0x20, 0xB0, 0x40, 0x53, 0x58, 0xB0, 0x01, 0x2B, 0x1B, 0x21, 0xB0, 0x40, 0x59, 0x23,
	0xB0, 0x00, 0x50, 0x58, 0x65, 0x59, 0x2D, 0xB0, 0x07, 0x2C, 0xB0, 0x09, 0x43, 0x2B, 0xB2, 0x00,
	0x02, 0x00, 0x43, 0x60, 0x42, 0x2D, 0xB0, 0x08, 0x2C, 0xB0, 0x09, 0x23, 0x42, 0x23, 0x20, 0xB0,
	0x00, 0x23, 0x42, 0x61, 0xB0, 0x02, 0x62, 0x66, 0xB0, 0x01, 0x63, 0xB0, 0x01, 0x60, 0xB0, 0x07,
	0x2A, 0x2D, 0xB0, 0x09, 0x2C, 0x20, 0x20, 0x45, 0x20, 0xB0, 0x0E, 0x43, 0x63, 0xB8, 0x04, 0x00,
	0x62, 0x20, 0xB0, 0x00, 0x50, 0x58, 0xB0, 0x40, 0x60, 0x59, 0x66, 0xB0, 0x01, 0x63, 0x60, 0x44,
	0xB0, 0x01, 0x60, 0x2D, 0xB0, 0x0A, 0x2C, 0xB2, 0x09, 0x0E, 0x00, 0x43, 0x45, 0x42, 0x2A, 0x21,
	0xB2, 0x00, 0x01, 0x00, 0x43, 0x60, 0x42, 0x2D, 0xB0, 0x0B, 0x2C, 0xB0, 0x00, 0x43, 0x23, 0x44,
	0xB2, 0x00, 0x01, 0x00, 0x43, 0x60, 0x42, 0x2D, 0xB0, 0x0C, 0x2C, 0x20, 0x20, 0x45, 0x20, 0xB0,
	0x01, 0x2B, 0x23, 0xB0, 0x00, 0x43, 0xB0, 0x04, 0x25, 0x60, 0x20, 0x45, 0x8A, 0x23, 0x61, 0x20,
	0x64, 0x20, 0xB0, 0x20, 0x50, 0x58, 0x21, 0xB0, 0x00, 0x1B, 0xB0, 0x30, 0x50, 0x58, 0xB0, 0x20,
	0x1B, 0xB0, 0x40, 0x59, 0x59, 0x23, 0xB0, 0x00, 0x50, 0x58, 0x65, 0x59, 0xB0, 0x03, 0x25, 0x23,
	0x61, 0x44, 0x44, 0xB0, 0x01, 0x60, 0x2D, 0xB0, 0x0D, 0x2C, 0x20, 0x20, 0x45, 0x20, 0xB0, 0x01,
	0x2B, 0x23, 0xB0, 0x00, 0x43, 0xB0, 0x04, 0x25, 0x60, 0x20, 0x45, 0x8A, 0x23, 0x61, 0x20, 0x64,
	0xB0, 0x24, 0x50, 0x58, 0xB0, 0x00, 0x1B, 0xB0, 0x40, 0x59, 0x23, 0xB0, 0x00, 0x50, 0x58, 0x65,
	0x59, 0xB0, 0x03, 0x25, 0x23, 0x61, 0x44, 0x44, 0xB0, 0x01, 0x60, 0x2D, 0xB0, 0x0E, 0x2C, 0x20,
	0xB0, 0x00, 0x23, 0x42, 0xB3, 0x0D, 0x0C, 0x00, 0x03, 0x45, 0x50, 0x58, 0x21, 0x1B, 0x23, 0x21,
	0x59, 0x2A, 0x21, 0x2D, 0xB0, 0x0F, 0x2C, 0xB1, 0x02, 0x02, 0x45, 0xB0, 0x64, 0x61, 0x44, 0x2D,
	0xB0, 0x10, 0x2C, 0xB0, 0x01, 0x60, 0x20, 0x20, 0xB0, 0x0F, 0x43, 0x4A, 0xB0, 0x00, 0x50, 0x58,
	0x20, 0xB0, 0x0F, 0x23, 0x42, 0x59, 0xB0, 0x10, 0x43, 0x4A, 0xB0, 0x00, 0x52, 0x58, 0x20, 0xB0,
	0x10, 0x23, 0x42, 0x59, 0x2D, 0xB0, 0x11, 0x2C, 0x20, 0xB0, 0x10, 0x62, 0x66, 0xB0, 0x01, 0x63,
	0x20, 0xB8, 0x04, 0x00, 0x63, 0x8A, 0x23, 0x61, 0xB0, 0x11, 0x43, 0x60, 0x20, 0x8A, 0x60, 0x20,
	0xB0, 0x11, 0x23, 0x42, 0x23, 0x2D, 0xB0, 0x12, 0x2C, 0x4B, 0x54, 0x58, 0xB1, 0x04, 0x64, 0x44,
	0x59, 0x24, 0xB0, 0x0D, 0x65, 0x23, 0x78, 0x2D, 0xB0, 0x13, 0x2C, 0x4B, 0x51, 0x58, 0x4B, 0x53,
	0x58, 0xB1, 0x04, 0x64, 0x44, 0x59, 0x1B, 0x21, 0x59, 0x24, 0xB0, 0x13, 0x65, 0x23, 0x78, 0x2D,
	0xB0, 0x14, 0x2C, 0xB1, 0x00, 0x12, 0x43, 0x55, 0x58, 0xB1, 0x12, 0x12, 0x43, 0xB0, 0x01, 0x61,
	0x42, 0xB0, 0x11, 0x2B, 0x59, 0xB0, 0x00, 0x43, 0xB0, 0x02, 0x25, 0x42, 0xB1, 0x0F, 0x02, 0x25,
	0x42, 0xB1, 0x10, 0x02, 0x25, 0x42, 0xB0, 0x01, 0x16, 0x23, 0x20, 0xB0, 0x03, 0x25, 0x50, 0x58,
	0xB1, 0x01, 0x00, 0x43, 0x60, 0xB0, 0x04, 0x25, 0x42, 0x8A, 0x8A, 0x20, 0x8A, 0x23, 0x61, 0xB0,
	0x10, 0x2A, 0x21, 0x23, 0xB0, 0x01, 0x61, 0x20, 0x8A, 0x23, 0x61, 0xB0, 0x10, 0x2A, 0x21, 0x1B,
	0xB1, 0x01, 0x00, 0x43, 0x60, 0xB0, 0x02, 0x25, 0x42, 0xB0, 0x02, 0x25, 0x61, 0xB0, 0x10, 0x2A,
	0x21, 0x59, 0xB0, 0x0F, 0x43, 0x47, 0xB0, 0x10, 0x43, 0x47, 0x60, 0xB0, 0x02, 0x62, 0x20, 0xB0,
	0x00, 0x50, 0x58, 0xB0, 0x40, 0x60, 0x59, 0x66, 0xB0, 0x01, 0x63, 0x20, 0xB0, 0x0E, 0x43, 0x63,
	0xB8, 0x04, 0x00, 0x62, 0x20, 0xB0, 0x00, 0x50, 0x58, 0xB0, 0x40, 0x60, 0x59, 0x66, 0xB0, 0x01,
	0x63, 0x60, 0xB1, 0x00, 0x00, 0x13, 0x23, 0x44, 0xB0, 0x01, 0x43, 0xB0, 0x00, 0x3E, 0xB2, 0x01,
	0x01, 0x01, 0x43, 0x60, 0x42, 0x2D, 0xB0, 0x15, 0x2C, 0x00, 0xB1, 0x00, 0x02, 0x45, 0x54, 0x58,
	0xB0, 0x12, 0x23, 0x42, 0x20, 0x45, 0xB0, 0x0E, 0x23, 0x42, 0xB0, 0x0D, 0x23, 0xB0, 0x02, 0x60,
	0x42, 0x20, 0x60, 0xB7, 0x18, 0x18, 0x01, 0x00, 0x11, 0x00, 0x13, 0x00, 0x42, 0x42, 0x42, 0x8A,
	0x60, 0x20, 0xB0, 0x14, 0x23, 0x42, 0xB0, 0x01, 0x61, 0xB1, 0x14, 0x08, 0x2B, 0xB0, 0x8B, 0x2B,
	0x1B, 0x22, 0x59, 0x2D, 0xB0, 0x16, 0x2C, 0xB1, 0x00, 0x15, 0x2B, 0x2D, 0xB0, 0x17, 0x2C, 0xB1,
	0x01, 0x15, 0x2B, 0x2D, 0xB0, 0x18, 0x2C, 0xB1, 0x02, 0x15, 0x2B, 0x2D, 0xB0, 0x19, 0x2C, 0xB1,
	0x03, 0x15, 0x2B, 0x2D, 0xB0, 0x1A, 0x2C, 0xB1, 0x04, 0x15, 0x2B, 0x2D, 0xB0, 0x1B, 0x2C, 0xB1,
	0x05, 0x15, 0x2B, 0x2D, 0xB0, 0x1C, 0x2C, 0xB1, 0x06, 0x15, 0x2B, 0x2D, 0xB0, 0x1D, 0x2C, 0xB1,
	0x07, 0x15, 0x2B, 0x2D, 0xB0, 0x1E, 0x2C, 0xB1, 0x08, 0x15, 0x2B, 0x2D, 0xB0, 0x1F, 0x2C, 0xB1,
	0x09, 0x15, 0x2B, 0x2D, 0xB0, 0x2B, 0x2C, 0x23, 0x20, 0xB0, 0x10, 0x62, 0x66, 0xB0, 0x01, 0x63,
	0xB0, 0x06, 0x60, 0x4B, 0x54, 0x58, 0x23, 0x20, 0x2E, 0xB0, 0x01, 0x5D, 0x1B, 0x21, 0x21, 0x59,
	0x2D, 0xB0, 0x2C, 0x2C, 0x23, 0x20, 0xB0, 0x10, 0x62, 0x66, 0xB0, 0x01, 0x63, 0xB0, 0x16, 0x60,
	0x4B, 0x54, 0x58, 0x23, 0x20, 0x2E, 0xB0, 0x01, 0x71, 0x1B, 0x21, 0x21, 0x59, 0x2D, 0xB0, 0x2D,
	0x2C, 0x23, 0x20, 0xB0, 0x10, 0x62, 0x66, 0xB0, 0x01, 0x63, 0xB0, 0x26, 0x60, 0x4B, 0x54, 0x58,
	0x23, 0x20, 0x2E, 0xB0, 0x01, 0x72, 0x1B, 0x21, 0x21, 0x59, 0x2D, 0xB0, 0x20, 0x2C, 0x00, 0xB0,
	0x0F, 0x2B, 0xB1, 0x00, 0x02, 0x45, 0x54, 0x58, 0xB0, 0x12, 0x23, 0x42, 0x20, 0x45, 0xB0, 0x0E,
	0x23, 0x42, 0xB0, 0x0D, 0x23, 0xB0, 0x02, 0x60, 0x42, 0x20, 0x60, 0xB0, 0x01, 0x61, 0xB5, 0x18,
	0x18, 0x01, 0x00, 0x11, 0x00, 0x42, 0x42, 0x8A, 0x60, 0xB1, 0x14, 0x08, 0x2B, 0xB0, 0x8B, 0x2B,
	0x1B, 0x22, 0x59, 0x2D, 0xB0, 0x21, 0x2C, 0xB1, 0x00, 0x20, 0x2B, 0x2D, 0xB0, 0x22, 0x2C, 0xB1,
	0x01, 0x20, 0x2B, 0x2D, 0xB0, 0x23, 0x2C, 0xB1, 0x02, 0x20, 0x2B, 0x2D, 0xB0, 0x24, 0x2C, 0xB1,
	0x03, 0x20, 0x2B, 0x2D, 0xB0, 0x25, 0x2C, 0xB1, 0x04, 0x20, 0x2B, 0x2D, 0xB0, 0x26, 0x2C, 0xB1,
	0x05, 0x20, 0x2B, 0x2D, 0xB0, 0x27, 0x2C, 0xB1, 0x06, 0x20, 0x2B, 0x2D, 0xB0, 0x28, 0x2C, 0xB1,
	0x07, 0x20, 0x2B, 0x2D, 0xB0, 0x29, 0x2C, 0xB1, 0x08, 0x20, 0x2B, 0x2D, 0xB0, 0x2A, 0x2C, 0xB1,
	0x09, 0x20, 0x2B, 0x2D, 0xB0, 0x2E, 0x2C, 0x20, 0x3C, 0xB0, 0x01, 0x60, 0x2D, 0xB0, 0x2F, 0x2C,
	0x20, 0x60, 0xB0, 0x18, 0x60, 0x20, 0x43, 0x23, 0xB0, 0x01, 0x60, 0x43, 0xB0, 0x02, 0x25, 0x61,
	0xB0, 0x01, 0x60, 0xB0, 0x2E, 0x2A, 0x21, 0x2D, 0xB0, 0x30, 0x2C, 0xB0, 0x2F, 0x2B, 0xB0, 0x2F,
	0x2A, 0x2D, 0xB0, 0x31, 0x2C, 0x20, 0x20, 0x47, 0x20, 0x20, 0xB0, 0x0E, 0x43, 0x63, 0xB8, 0x04,
	0x00, 0x62, 0x20, 0xB0, 0x00, 0x50, 0x58, 0xB0, 0x40, 0x60, 0x59, 0x66, 0xB0, 0x01, 0x63, 0x60,
	0x23, 0x61, 0x38, 0x23, 0x20, 0x8A, 0x55, 0x58, 0x20, 0x47, 0x20, 0x20, 0xB0, 0x0E, 0x43, 0x63,
	0xB8, 0x04, 0x00, 0x62, 0x20, 0xB0, 0x00, 0x50, 0x58, 0xB0, 0x40, 0x60, 0x59, 0x66, 0xB0, 0x01,
	0x63, 0x60, 0x23, 0x61, 0x38, 0x1B, 0x21, 0x59, 0x2D, 0xB0, 0x32, 0x2C, 0x00, 0xB1, 0x00, 0x02,
	0x45, 0x54, 0x58, 0xB1, 0x0E, 0x06, 0x45, 0x42, 0xB0, 0x01, 0x16, 0xB0, 0x31, 0x2A, 0xB1, 0x05,
	0x01, 0x15, 0x45, 0x58, 0x30, 0x59, 0x1B, 0x22, 0x59, 0x2D, 0xB0, 0x33, 0x2C, 0x00, 0xB0, 0x0F,
	0x2B, 0xB1, 0x00, 0x02, 0x45, 0x54, 0x58, 0xB1, 0x0E, 0x06, 0x45, 0x42, 0xB0, 0x01, 0x16, 0xB0,
	0x31, 0x2A, 0xB1, 0x05, 0x01, 0x15, 0x45, 0x58, 0x30, 0x59, 0x1B, 0x22, 0x59, 0x2D, 0xB0, 0x34,
	0x2C, 0x20, 0x35, 0xB0, 0x01, 0x60, 0x2D, 0xB0, 0x35, 0x2C, 0x00, 0xB1, 0x0E, 0x06, 0x45, 0x42,
	0xB0, 0x01, 0x45, 0x63, 0xB8, 0x04, 0x00, 0x62, 0x20, 0xB0, 0x00, 0x50, 0x58, 0xB0, 0x40, 0x60,
	0x59, 0x66, 0xB0, 0x01, 0x63, 0xB0, 0x01, 0x2B, 0xB0, 0x0E, 0x43, 0x63, 0xB8, 0x04, 0x00, 0x62,
	0x20, 0xB0, 0x00, 0x50, 0x58, 0xB0, 0x40, 0x60, 0x59, 0x66, 0xB0, 0x01, 0x63, 0xB0, 0x01, 0x2B,
	0xB0, 0x00, 0x16, 0xB4, 0x00, 0x00, 0x00, 0x00, 0x00, 0x44, 0x3E, 0x23, 0x38, 0xB1, 0x34, 0x01,
	0x15, 0x2A, 0x21, 0x2D, 0xB0, 0x36, 0x2C, 0x20, 0x3C, 0x20, 0x47, 0x20, 0xB0, 0x0E, 0x43, 0x63,
	0xB8, 0x04, 0x00, 0x62, 0x20, 0xB0, 0x00, 0x50, 0x58, 0xB0, 0x40, 0x60, 0x59, 0x66, 0xB0, 0x01,
	0x63, 0x60, 0xB0, 0x00, 0x43, 0x61, 0x38, 0x2D, 0xB0, 0x37, 0x2C, 0x2E, 0x17, 0x3C, 0x2D, 0xB0,
	0x38, 0x2C, 0x20, 0x3C, 0x20, 0x47, 0x20, 0xB0, 0x0E, 0x43, 0x63, 0xB8, 0x04, 0x00, 0x62, 0x20,
	0xB0, 0x00, 0x50, 0x58, 0xB0, 0x40, 0x60, 0x59, 0x66, 0xB0, 0x01, 0x63, 0x60, 0xB0, 0x00, 0x43,
	0x61, 0xB0, 0x01, 0x43, 0x63, 0x38, 0x2D, 0xB0, 0x39, 0x2C, 0xB1, 0x02, 0x00, 0x16, 0x25, 0x20,
	0x2E, 0x20, 0x47, 0xB0, 0x00, 0x23, 0x42, 0xB0, 0x02, 0x25, 0x49, 0x8A, 0x8A, 0x47, 0x23, 0x47,
	0x23, 0x61, 0x20, 0x58, 0x62, 0x1B, 0x21, 0x59, 0xB0, 0x01, 0x23, 0x42, 0xB2, 0x38, 0x01, 0x01,
	0x15, 0x14, 0x2A, 0x2D, 0xB0, 0x3A, 0x2C, 0xB0, 0x00, 0x16, 0xB0, 0x17, 0x23, 0x42, 0xB0, 0x04,
	0x25, 0xB0, 0x04, 0x25, 0x47, 0x23, 0x47, 0x23, 0x61, 0xB1, 0x0C, 0x00, 0x42, 0xB0, 0x0B, 0x43,
	0x2B, 0x65, 0x8A, 0x2E, 0x23, 0x20, 0x20, 0x3C, 0x8A, 0x38, 0x2D, 0xB0, 0x3B, 0x2C, 0xB0, 0x00,
	0x16, 0xB0, 0x17, 0x23, 0x42, 0xB0, 0x04, 0x25, 0xB0, 0x04, 0x25, 0x20, 0x2E, 0x47, 0x23, 0x47,
	0x23, 0x61, 0x20, 0xB0, 0x06, 0x23, 0x42, 0xB1, 0x0C, 0x00, 0x42, 0xB0, 0x0B, 0x43, 0x2B, 0x20,
	0xB0, 0x60, 0x50, 0x58, 0x20, 0xB0, 0x40, 0x51, 0x58, 0xB3, 0x04, 0x20, 0x05, 0x20, 0x1B, 0xB3,
	0x04, 0x26, 0x05, 0x1A, 0x59, 0x42, 0x42, 0x23, 0x20, 0xB0, 0x0A, 0x43, 0x20, 0x8A, 0x23, 0x47,
	0x23, 0x47, 0x23, 0x61, 0x23, 0x46, 0x60, 0xB0, 0x06, 0x43, 0xB0, 0x02, 0x62, 0x20, 0xB0, 0x00,
	0x50, 0x58, 0xB0, 0x40, 0x60, 0x59, 0x66, 0xB0, 0x01, 0x63, 0x60, 0x20, 0xB0, 0x01, 0x2B, 0x20,
	0x8A, 0x8A, 0x61, 0x20, 0xB0, 0x04, 0x43, 0x60, 0x64, 0x23, 0xB0, 0x05, 0x43, 0x61, 0x64, 0x50,
	0x58, 0xB0, 0x04, 0x43, 0x61, 0x1B, 0xB0, 0x05, 0x43, 0x60, 0x59, 0xB0, 0x03, 0x25, 0xB0, 0x02,
	0x62, 0x20, 0xB0, 0x00, 0x50, 0x58, 0xB0, 0x40, 0x60, 0x59, 0x66, 0xB0, 0x01, 0x63, 0x61, 0x23,
	0x20, 0x20, 0xB0, 0x04, 0x26, 0x23, 0x46, 0x61, 0x38, 0x1B, 0x23, 0xB0, 0x0A, 0x43, 0x46, 0xB0,
	0x02, 0x25, 0xB0, 0x0A, 0x43, 0x47, 0x23, 0x47, 0x23, 0x61, 0x60, 0x20, 0xB0, 0x06, 0x43, 0xB0,
	0x02, 0x62, 0x20, 0xB0, 0x00, 0x50, 0x58, 0xB0, 0x40, 0x60, 0x59, 0x66, 0xB0, 0x01, 0x63, 0x60,
	0x23, 0x20, 0xB0, 0x01, 0x2B, 0x23, 0xB0, 0x06, 0x43, 0x60, 0xB0, 0x01, 0x2B, 0xB0, 0x05, 0x25,
	0x61, 0xB0, 0x05, 0x25, 0xB0, 0x02, 0x62, 0x20, 0xB0, 0x00, 0x50, 0x58, 0xB0, 0x40, 0x60, 0x59,
	0x66, 0xB0, 0x01, 0x63, 0xB0, 0x04, 0x26, 0x61, 0x20, 0xB0, 0x04, 0x25, 0x60, 0x64, 0x23, 0xB0,
	0x03, 0x25, 0x60, 0x64, 0x50, 0x58, 0x21, 0x1B, 0x23, 0x21, 0x59, 0x23, 0x20, 0x20, 0xB0, 0x04,
	0x26, 0x23, 0x46, 0x61, 0x38, 0x59, 0x2D, 0xB0, 0x3C, 0x2C, 0xB0, 0x00, 0x16, 0xB0, 0x17, 0x23,
	0x42, 0x20, 0x20, 0x20, 0xB0, 0x05, 0x26, 0x20, 0x2E, 0x47, 0x23, 0x47, 0x23, 0x61, 0x23, 0x3C,
	0x38, 0x2D, 0xB0, 0x3D, 0x2C, 0xB0, 0x00, 0x16, 0xB0, 0x17, 0x23, 0x42, 0x20, 0xB0, 0x0A, 0x23,
	0x42, 0x20, 0x20, 0x20, 0x46, 0x23, 0x47, 0xB0, 0x01, 0x2B, 0x23, 0x61, 0x38, 0x2D, 0xB0, 0x3E,
	0x2C, 0xB0, 0x00, 0x16, 0xB0, 0x17, 0x23, 0x42, 0xB0, 0x03, 0x25, 0xB0, 0x02, 0x25, 0x47, 0x23,
	0x47, 0x23, 0x61, 0xB0, 0x00, 0x54, 0x58, 0x2E, 0x20, 0x3C, 0x23, 0x21, 0x1B, 0xB0, 0x02, 0x25,
	0xB0, 0x02, 0x25, 0x47, 0x23, 0x47, 0x23, 0x61, 0x20, 0xB0, 0x05, 0x25, 0xB0, 0x04, 0x25, 0x47,
	0x23, 0x47, 0x23, 0x61, 0xB0, 0x06, 0x25, 0xB0, 0x05, 0x25, 0x49, 0xB0, 0x02, 0x25, 0x61, 0xB9,
	0x08, 0x00, 0x08, 0x00, 0x63, 0x63, 0x23, 0x20, 0x58, 0x62, 0x1B, 0x21, 0x59, 0x63, 0xB8, 0x04,
	0x00, 0x62, 0x20, 0xB0, 0x00, 0x50, 0x58, 0xB0, 0x40, 0x60, 0x59, 0x66, 0xB0, 0x01, 0x63, 0x60,
	0x23, 0x2E, 0x23, 0x20, 0x20, 0x3C, 0x8A, 0x38, 0x23, 0x21, 0x59, 0x2D, 0xB0, 0x3F, 0x2C, 0xB0,
	0x00, 0x16, 0xB0, 0x17, 0x23, 0x42, 0x20, 0xB0, 0x0A, 0x43, 0x20, 0x2E, 0x47, 0x23, 0x47, 0x23,
	0x61, 0x20, 0x60, 0xB0, 0x20, 0x60, 0x66, 0xB0, 0x02, 0x62, 0x20, 0xB0, 0x00, 0x50, 0x58, 0xB0,
	0x40, 0x60, 0x59, 0x66, 0xB0, 0x01, 0x63, 0x23, 0x20, 0x20, 0x3C, 0x8A, 0x38, 0x2D, 0xB0, 0x40,
	0x2C, 0x23, 0x20, 0x2E, 0x46, 0xB0, 0x02, 0x25, 0x46, 0xB0, 0x17, 0x43, 0x58, 0x50, 0x1B, 0x52,
	0x59, 0x58, 0x20, 0x3C, 0x59, 0x2E, 0xB1, 0x30, 0x01, 0x14, 0x2B, 0x2D, 0xB0, 0x41, 0x2C, 0x23,
	0x20, 0x2E, 0x46, 0xB0, 0x02, 0x25, 0x46, 0xB0, 0x17, 0x43, 0x58, 0x52, 0x1B, 0x50, 0x59, 0x58,
	0x20, 0x3C, 0x59, 0x2E, 0xB1, 0x30, 0x01, 0x14, 0x2B, 0x2D, 0xB0, 0x42, 0x2C, 0x23, 0x20, 0x2E,
	0x46, 0xB0, 0x02, 0x25, 0x46, 0xB0, 0x17, 0x43, 0x58, 0x50, 0x1B, 0x52, 0x59, 0x58, 0x20, 0x3C,
	0x59, 0x23, 0x20, 0x2E, 0x46, 0xB0, 0x02, 0x25, 0x46, 0xB0, 0x17, 0x43, 0x58, 0x52, 0x1B, 0x50,
	0x59, 0x58, 0x20, 0x3C, 0x59, 0x2E, 0xB1, 0x30, 0x01, 0x14, 0x2B, 0x2D, 0xB0, 0x43, 0x2C, 0xB0,
	0x3A, 0x2B, 0x23, 0x20, 0x2E, 0x46, 0xB0, 0x02, 0x25, 0x46, 0xB0, 0x17, 0x43, 0x58, 0x50, 0x1B,
	0x52, 0x59, 0x58, 0x20, 0x3C, 0x59, 0x2E, 0xB1, 0x30, 0x01, 0x14, 0x2B, 0x2D, 0xB0, 0x44, 0x2C,
	0xB0, 0x3B, 0x2B, 0x8A, 0x20, 0x20, 0x3C, 0xB0, 0x06, 0x23, 0x42, 0x8A, 0x38, 0x23, 0x20, 0x2E,
	0x46, 0xB0, 0x02, 0x25, 0x46, 0xB0, 0x17, 0x43, 0x58, 0x50, 0x1B, 0x52, 0x59, 0x58, 0x20, 0x3C,
	0x59, 0x2E, 0xB1, 0x30, 0x01, 0x14, 0x2B, 0xB0, 0x06, 0x43, 0x2E, 0xB0, 0x30, 0x2B, 0x2D, 0xB0,
	0x45, 0x2C, 0xB0, 0x00, 0x16, 0xB0, 0x04, 0x25, 0xB0, 0x04, 0x26, 0x20, 0x20, 0x20, 0x46, 0x23,
	0x47, 0x61, 0xB0, 0x0C, 0x23, 0x42, 0x2E, 0x47, 0x23, 0x47, 0x23, 0x61, 0xB0, 0x0B, 0x43, 0x2B,
	0x23, 0x20, 0x3C, 0x20, 0x2E, 0x23, 0x38, 0xB1, 0x30, 0x01, 0x14, 0x2B, 0x2D, 0xB0, 0x46, 0x2C,
	0xB1, 0x0A, 0x04, 0x25, 0x42, 0xB0, 0x00, 0x16, 0xB0, 0x04, 0x25, 0xB0, 0x04, 0x25, 0x20, 0x2E,
	0x47, 0x23, 0x47, 0x23, 0x61, 0x20, 0xB0, 0x06, 0x23, 0x42, 0xB1, 0x0C, 0x00, 0x42, 0xB0, 0x0B,
	0x43, 0x2B, 0x20, 0xB0, 0x60, 0x50, 0x58, 0x20, 0xB0, 0x40, 0x51, 0x58, 0xB3, 0x04, 0x20, 0x05,
	0x20, 0x1B, 0xB3, 0x04, 0x26, 0x05, 0x1A, 0x59, 0x42, 0x42, 0x23, 0x20, 0x47, 0xB0, 0x06, 0x43,
	0xB0, 0x02, 0x62, 0x20, 0xB0, 0x00, 0x50, 0x58, 0xB0, 0x40, 0x60, 0x59, 0x66, 0xB0, 0x01, 0x63,
	0x60, 0x20, 0xB0, 0x01, 0x2B, 0x20, 0x8A, 0x8A, 0x61, 0x20, 0xB0, 0x04, 0x43, 0x60, 0x64, 0x23,
	0xB0, 0x05, 0x43, 0x61, 0x64, 0x50, 0x58, 0xB0, 0x04, 0x43, 0x61, 0x1B, 0xB0, 0x05, 0x43, 0x60,
	0x59, 0xB0, 0x03, 0x25, 0xB0, 0x02, 0x62, 0x20, 0xB0, 0x00, 0x50, 0x58, 0xB0, 0x40, 0x60, 0x59,
	0x66, 0xB0, 0x01, 0x63, 0x61, 0xB0, 0x02, 0x25, 0x46, 0x61, 0x38, 0x23, 0x20, 0x3C, 0x23, 0x38,
	0x1B, 0x21, 0x20, 0x20, 0x46, 0x23, 0x47, 0xB0, 0x01, 0x2B, 0x23, 0x61, 0x38, 0x21, 0x59, 0xB1,
	0x30, 0x01, 0x14, 0x2B, 0x2D, 0xB0, 0x47, 0x2C, 0xB1, 0x00, 0x3A, 0x2B, 0x2E, 0xB1, 0x30, 0x01,
	0x14, 0x2B, 0x2D, 0xB0, 0x48, 0x2C, 0xB1, 0x00, 0x3B, 0x2B, 0x21, 0x23, 0x20, 0x20, 0x3C, 0xB0,
	0x06, 0x23, 0x42, 0x23, 0x38, 0xB1, 0x30, 0x01, 0x14, 0x2B, 0xB0, 0x06, 0x43, 0x2E, 0xB0, 0x30,
	0x2B, 0x2D, 0xB0, 0x49, 0x2C, 0xB0, 0x00, 0x15, 0x20, 0x47, 0xB0, 0x00, 0x23, 0x42, 0xB2, 0x00,
	0x01, 0x01, 0x15, 0x14, 0x13, 0x2E, 0xB0, 0x36, 0x2A, 0x2D, 0xB0, 0x4A, 0x2C, 0xB0, 0x00, 0x15,
	0x20, 0x47, 0xB0, 0x00, 0x23, 0x42, 0xB2, 0x00, 0x01, 0x01, 0x15, 0x14, 0x13, 0x2E, 0xB0, 0x36,
	0x2A, 0x2D, 0xB0, 0x4B, 0x2C, 0xB1, 0x00, 0x01, 0x14, 0x13, 0xB0, 0x37, 0x2A, 0x2D, 0xB0, 0x4C,
	0x2C, 0xB0, 0x39, 0x2A, 0x2D, 0xB0, 0x4D, 0x2C, 0xB0, 0x00, 0x16, 0x45, 0x23, 0x20, 0x2E, 0x20,
	0x46, 0x8A, 0x23, 0x61, 0x38, 0xB1, 0x30, 0x01, 0x14, 0x2B, 0x2D, 0xB0, 0x4E, 0x2C, 0xB0, 0x0A,
	0x23, 0x42, 0xB0, 0x4D, 0x2B, 0x2D, 0xB0, 0x4F, 0x2C, 0xB2, 0x00, 0x00, 0x46, 0x2B, 0x2D, 0xB0,
	0x50, 0x2C, 0xB2, 0x00, 0x01, 0x46, 0x2B, 0x2D, 0xB0, 0x51, 0x2C, 0xB2, 0x01, 0x00, 0x46, 0x2B,
	0x2D, 0xB0, 0x52, 0x2C, 0xB2, 0x01, 0x01, 0x46, 0x2B, 0x2D, 0xB0, 0x53, 0x2C, 0xB2, 0x00, 0x00,
	0x47, 0x2B, 0x2D, 0xB0, 0x54, 0x2C, 0xB2, 0x00, 0x01, 0x47, 0x2B, 0x2D, 0xB0, 0x55, 0x2C, 0xB2,
	0x01, 0x00, 0x47, 0x2B, 0x2D, 0xB0, 0x56, 0x2C, 0xB2, 0x01, 0x01, 0x47, 0x2B, 0x2D, 0xB0, 0x57,
	0x2C, 0xB3, 0x00, 0x00, 0x00, 0x43, 0x2B, 0x2D, 0xB0, 0x58, 0x2C, 0xB3, 0x00, 0x01, 0x00, 0x43,
	0x2B, 0x2D, 0xB0, 0x59, 0x2C, 0xB3, 0x01, 0x00, 0x00, 0x43, 0x2B, 0x2D, 0xB0, 0x5A, 0x2C, 0xB3,
	0x01, 0x01, 0x00, 0x43, 0x2B, 0x2D, 0xB0, 0x5B, 0x2C, 0xB3, 0x00, 0x00, 0x01, 0x43, 0x2B, 0x2D,
	0xB0, 0x5C, 0x2C, 0xB3, 0x00, 0x01, 0x01, 0x43, 0x2B, 0x2D, 0xB0, 0x5D, 0x2C, 0xB3, 0x01, 0x00,
	0x01, 0x43, 0x2B, 0x2D, 0xB0, 0x5E, 0x2C, 0xB3, 0x01, 0x01, 0x01, 0x43, 0x2B, 0x2D, 0xB0, 0x5F,
	0x2C, 0xB2, 0x00, 0x00, 0x45, 0x2B, 0x2D, 0xB0, 0x60, 0x2C, 0xB2, 0x00, 0x01, 0x45, 0x2B, 0x2D,
	0xB0, 0x61, 0x2C, 0xB2, 0x01, 0x00, 0x45, 0x2B, 0x2D, 0xB0, 0x62, 0x2C, 0xB2, 0x01, 0x01, 0x45,
	0x2B, 0x2D, 0xB0, 0x63, 0x2C, 0xB2, 0x00, 0x00, 0x48, 0x2B, 0x2D, 0xB0, 0x64, 0x2C, 0xB2, 0x00,
	0x01, 0x48, 0x2B, 0x2D, 0xB0, 0x65, 0x2C, 0xB2, 0x01, 0x00, 0x48, 0x2B, 0x2D, 0xB0, 0x66, 0x2C,
	0xB2, 0x01, 0x01, 0x48, 0x2B, 0x2D, 0xB0, 0x67, 0x2C, 0xB3, 0x00, 0x00, 0x00, 0x44, 0x2B, 0x2D,
	0xB0, 0x68, 0x2C, 0xB3, 0x00, 0x01, 0x00, 0x44, 0x2B, 0x2D, 0xB0, 0x69, 0x2C, 0xB3, 0x01, 0x00,
	0x00, 0x44, 0x2B, 0x2D, 0xB0, 0x6A, 0x2C, 0xB3, 0x01, 0x01, 0x00, 0x44, 0x2B, 0x2D, 0xB0, 0x6B,
	0x2C, 0xB3, 0x00, 0x00, 0x01, 0x44, 0x2B, 0x2D, 0xB0, 0x6C, 0x2C, 0xB3, 0x00, 0x01, 0x01, 0x44,
	0x2B, 0x2D, 0xB0, 0x6D, 0x2C, 0xB3, 0x01, 0x00, 0x01, 0x44, 0x2B, 0x2D, 0xB0, 0x6E, 0x2C, 0xB3,
	0x01, 0x01, 0x01, 0x44, 0x2B, 0x2D, 0xB0, 0x6F, 0x2C, 0xB1, 0x00, 0x3C, 0x2B, 0x2E, 0xB1, 0x30,
	0x01, 0x14, 0x2B, 0x2D, 0xB0, 0x70, 0x2C, 0xB1, 0x00, 0x3C, 0x2B, 0xB0, 0x40, 0x2B, 0x2D, 0xB0,
	0x71, 0x2C, 0xB1, 0x00, 0x3C, 0x2B, 0xB0, 0x41, 0x2B, 0x2D, 0xB0, 0x72, 0x2C, 0xB0, 0x00, 0x16,
	0xB1, 0x00, 0x3C, 0x2B, 0xB0, 0x42, 0x2B, 0x2D, 0xB0, 0x73, 0x2C, 0xB1, 0x01, 0x3C, 0x2B, 0xB0,
	0x40, 0x2B, 0x2D, 0xB0, 0x74, 0x2C, 0xB1, 0x01, 0x3C, 0x2B, 0xB0, 0x41, 0x2B, 0x2D, 0xB0, 0x75,
	0x2C, 0xB0, 0x00, 0x16, 0xB1, 0x01, 0x3C, 0x2B, 0xB0, 0x42, 0x2B, 0x2D, 0xB0, 0x76, 0x2C, 0xB1,
	0x00, 0x3D, 0x2B, 0x2E, 0xB1, 0x30, 0x01, 0x14, 0x2B, 0x2D, 0xB0, 0x77, 0x2C, 0xB1, 0x00, 0x3D,
	0x2B, 0xB0, 0x40, 0x2B, 0x2D, 0xB0, 0x78, 0x2C, 0xB1, 0x00, 0x3D, 0x2B, 0xB0, 0x41, 0x2B, 0x2D,
	0xB0, 0x79, 0x2C, 0xB1, 0x00, 0x3D, 0x2B, 0xB0, 0x42, 0x2B, 0x2D, 0xB0, 0x7A, 0x2C, 0xB1, 0x01,
	0x3D, 0x2B, 0xB0, 0x40, 0x2B, 0x2D, 0xB0, 0x7B, 0x2C, 0xB1, 0x01, 0x3D, 0x2B, 0xB0, 0x41, 0x2B,
	0x2D, 0xB0, 0x7C, 0x2C, 0xB1, 0x01, 0x3D, 0x2B, 0xB0, 0x42, 0x2B, 0x2D, 0xB0, 0x7D, 0x2C, 0xB1,
	0x00, 0x3E, 0x2B, 0x2E, 0xB1, 0x30, 0x01, 0x14, 0x2B, 0x2D, 0xB0, 0x7E, 0x2C, 0xB1, 0x00, 0x3E,
	0x2B, 0xB0, 0x40, 0x2B, 0x2D, 0xB0, 0x7F, 0x2C, 0xB1, 0x00, 0x3E, 0x2B, 0xB0, 0x41, 0x2B, 0x2D,
	0xB0, 0x80, 0x2C, 0xB1, 0x00, 0x3E, 0x2B, 0xB0, 0x42, 0x2B, 0x2D, 0xB0, 0x81, 0x2C, 0xB1, 0x01,
	0x3E, 0x2B, 0xB0, 0x40, 0x2B, 0x2D, 0xB0, 0x82, 0x2C, 0xB1, 0x01, 0x3E, 0x2B, 0xB0, 0x41, 0x2B,
	0x2D, 0xB0, 0x83, 0x2C, 0xB1, 0x01, 0x3E, 0x2B, 0xB0, 0x42, 0x2B, 0x2D, 0xB0, 0x84, 0x2C, 0xB1,
	0x00, 0x3F, 0x2B, 0x2E, 0xB1, 0x30, 0x01, 0x14, 0x2B, 0x2D, 0xB0, 0x85, 0x2C, 0xB1, 0x00, 0x3F,
	0x2B, 0xB0, 0x40, 0x2B, 0x2D, 0xB0, 0x86, 0x2C, 0xB1, 0x00, 0x3F, 0x2B, 0xB0, 0x41, 0x2B, 0x2D,
	0xB0, 0x87, 0x2C, 0xB1, 0x00, 0x3F, 0x2B, 0xB0, 0x42, 0x2B, 0x2D, 0xB0, 0x88, 0x2C, 0xB1, 0x01,
	0x3F, 0x2B, 0xB0, 0x40, 0x2B, 0x2D, 0xB0, 0x89, 0x2C, 0xB1, 0x01, 0x3F, 0x2B, 0xB0, 0x41, 0x2B,
	0x2D, 0xB0, 0x8A, 0x2C, 0xB1, 0x01, 0x3F, 0x2B, 0xB0, 0x42, 0x2B, 0x2D, 0xB0, 0x8B, 0x2C, 0xB2,
	0x0B, 0x00, 0x03, 0x45, 0x50, 0x58, 0xB0, 0x06, 0x1B, 0xB2, 0x04, 0x02, 0x03, 0x45, 0x58, 0x23,
	0x21, 0x1B, 0x21, 0x59, 0x59, 0x42, 0x2B, 0xB0, 0x08, 0x65, 0xB0, 0x03, 0x24, 0x50, 0x78, 0xB1,
	0x05, 0x01, 0x15, 0x45, 0x58, 0x30, 0x59, 0x2D, 0x00, 0x01, 0x00, 0x00, 0x00, 0x0A, 0x00, 0x34,
	0x00, 0x62, 0x00, 0x02, 0x44, 0x46, 0x4C, 0x54, 0x00, 0x1C, 0x6C, 0x61, 0x74, 0x6E, 0x00, 0x0E,
	0x00, 0x04, 0x00, 0x00, 0x00, 0x00, 0xFF, 0xFF, 0x00, 0x02, 0x00, 0x00, 0x00, 0x02, 0x00, 0x04,
	0x00, 0x00, 0x00, 0x00, 0xFF, 0xFF, 0x00, 0x02, 0x00, 0x01, 0x00, 0x02, 0x00, 0x03, 0x6B, 0x65,
	0x72, 0x6E, 0x00, 0x22, 0x6B, 0x65, 0x72, 0x6E, 0x00, 0x1A, 0x6D, 0x61, 0x72, 0x6B, 0x00, 0x14,
	0x00, 0x00, 0x00, 0x01, 0x00, 0x04, 0x00, 0x00, 0x00, 0x02, 0x00, 0x02, 0x00, 0x03, 0x00, 0x00,
	0x00, 0x04, 0x00, 0x02, 0x00, 0x03, 0x00, 0x00, 0x00, 0x01, 0x00, 0x05, 0x06, 0x0C, 0x05, 0x96,
	0x03, 0xA0, 0x03, 0x62, 0x00, 0x0C, 0x00, 0x04, 0x00, 0x00, 0x00, 0x01, 0x00, 0x08, 0x00, 0x01,
	0x03, 0x3A, 0x02, 0x76, 0x00, 0x02, 0x02, 0xE8, 0x00, 0x0C, 0x00, 0x37, 0x02, 0x64, 0x02, 0x5E,
	0x02, 0x58, 0x00, 0x00, 0x02, 0x52, 0x00, 0x00, 0x02, 0x4C, 0x02, 0x46, 0x02, 0x40, 0x00, 0x00,
	0x02, 0x3A, 0x02, 0x34, 0x02, 0x2E, 0x00, 0x00, 0x02, 0x28, 0x02, 0x22, 0x02, 0x1C, 0x00, 0x00,
	0x02, 0x16, 0x02, 0x10, 0x02, 0x0A, 0x00, 0x00, 0x00, 0x00, 0x02, 0x04, 0x02, 0x16, 0x01, 0xFE,
	0x01, 0xF8, 0x01, 0xF2, 0x01, 0xEC, 0x00, 0x00, 0x01, 0xEC, 0x00, 0x00, 0x01, 0xE6, 0x00, 0x00,
	0x01, 0xE0, 0x00, 0x00, 0x01, 0xDA, 0x01, 0xD4, 0x01, 0xCE, 0x01, 0xC8, 0x01, 0xC2, 0x01, 0xBC,
	0x01, 0xB6, 0x01, 0xB0, 0x01, 0xAA, 0x00, 0x00, 0x01, 0xA4, 0x00, 0x00, 0x01, 0xE0, 0x01, 0x9E,
	0x01, 0x98, 0x01, 0x92, 0x01, 0x8C, 0x00, 0x00, 0x01, 0x86, 0x00, 0x00, 0x01, 0x80, 0x01, 0x7A,
	0x01, 0x86, 0x00, 0x00, 0x01, 0x98, 0x01, 0x74, 0x01, 0x6E, 0x00, 0x00, 0x01, 0x98, 0x00, 0x00,
	0x01, 0x68, 0x00, 0x00, 0x00, 0x00, 0x01, 0x62, 0x01, 0x5C, 0x00, 0x00, 0x01, 0x56, 0x00, 0x00,
	0x01, 0x50, 0x00, 0x00, 0x00, 0x00, 0x01, 0x4A, 0x01, 0x68, 0x01, 0x44, 0x01, 0x3E, 0x00, 0x00,
	0x01, 0x38, 0x01, 0x32, 0x01, 0x2C, 0x00, 0x00, 0x01, 0x2C, 0x00, 0x00, 0x01, 0x26, 0x00, 0x00,
	0x01, 0x20, 0x00, 0x00, 0x01, 0x1A, 0x01, 0x14, 0x01, 0x38, 0x01, 0x0E, 0x01, 0x08, 0x01, 0x02,
	0x01, 0x38, 0x00, 0xFC, 0x00, 0xF6, 0x00, 0x00, 0x00, 0xF0, 0x00, 0x00, 0x00, 0xEA, 0x00, 0x00,
	0x00, 0x00, 0x00, 0xE4, 0x00, 0xDE, 0x00, 0x00, 0x00, 0x01, 0x01, 0xBE, 0x04, 0x92, 0x00, 0x01,
	0x01, 0x17, 0x00, 0xD4, 0x00, 0x01, 0x02, 0x4B, 0x04, 0x86, 0x00, 0x01, 0x02, 0x30, 0x04, 0x86,
	0x00, 0x01, 0x02, 0xEA, 0x04, 0x86, 0x00, 0x01, 0x03, 0x38, 0x00, 0x06, 0x00, 0x01, 0x02, 0x2A,
	0x00, 0x06, 0x00, 0x01, 0x01, 0x37, 0x06, 0x08, 0x00, 0x01, 0x02, 0x54, 0x00, 0x06, 0x00, 0x01,
	0x00, 0xE2, 0xFF, 0x88, 0x00, 0x01, 0x01, 0x68, 0x04, 0x86, 0x00, 0x01, 0x02, 0x50, 0x04, 0x86,
	0x00, 0x01, 0x03, 0xC8, 0x04, 0x86, 0x00, 0x01, 0x02, 0x55, 0x04, 0x86, 0x00, 0x01, 0x02, 0x54,
	0xFF, 0x88, 0x00, 0x01, 0x02, 0x54, 0x04, 0x86, 0x00, 0x01, 0x03, 0x5D, 0x04, 0x86, 0x00, 0x01,
	0x00, 0xE1, 0xFF, 0x88, 0x00, 0x01, 0x02, 0x32, 0xFF, 0x88, 0x00, 0x01, 0x01, 0x30, 0x04, 0x86,
	0x00, 0x01, 0x01, 0x2E, 0x04, 0x86, 0x00, 0x01, 0x00, 0xE8, 0x04, 0x86, 0x00, 0x01, 0x00, 0xE2,
	0x00, 0x06, 0x00, 0x01, 0x00, 0xE1, 0x06, 0x08, 0x00, 0x01, 0x01, 0x68, 0x06, 0x08, 0x00, 0x01,
	0x02, 0x4F, 0x00, 0x06, 0x00, 0x01, 0x02, 0x88, 0x00, 0x05, 0x00, 0x01, 0x02, 0x88, 0x04, 0x86,
	0x00, 0x01, 0x02, 0x4F, 0x06, 0x08, 0x00, 0x01, 0x03, 0xBC, 0x04, 0x86, 0x00, 0x01, 0x03, 0xBE,
	0x00, 0x06, 0x00, 0x01, 0x02, 0x4F, 0x04, 0x86, 0x00, 0x01, 0x02, 0xA2, 0x00, 0x06, 0x00, 0x01,
	0x02, 0xAE, 0x06, 0x08, 0x00, 0x01, 0x03, 0x37, 0x06, 0x08, 0x00, 0x01, 0x02, 0xCE, 0x00, 0x06,
	0x00, 0x01, 0x02, 0xCE, 0x06, 0x08, 0x00, 0x01, 0x02, 0x6B, 0x00, 0x06, 0x00, 0x01, 0x02, 0x6B,
	0x06, 0x08, 0x00, 0x01, 0x02, 0xBC, 0x00, 0x06, 0x00, 0x01, 0x02, 0xBC, 0x06, 0x08, 0x00, 0x01,
	0x02, 0xAF, 0xFF, 0x88, 0x00, 0x01, 0x02, 0xAF, 0x06, 0x08, 0x00, 0x01, 0x02, 0xA2, 0x06, 0x08,
	0x00, 0x01, 0x04, 0x8E, 0x06, 0x08, 0x00, 0x01, 0x02, 0xDB, 0x06, 0x08, 0x00, 0x01, 0x02, 0xB4,
	0xFF, 0x88, 0x00, 0x01, 0x02, 0xB4, 0x06, 0x08, 0x00, 0x01, 0x02, 0x81, 0xFF, 0x88, 0x00, 0x01,
	0x02, 0xB9, 0xFF, 0x88, 0x00, 0x01, 0x02, 0x4E, 0x06, 0x08, 0x00, 0x01, 0x00, 0xF6, 0x00, 0x06,
	0x00, 0x01, 0x00, 0xF5, 0x06, 0x08, 0x00, 0x01, 0x02, 0xCF, 0x06, 0x08, 0x00, 0x01, 0x02, 0xC6,
	0xFF, 0x88, 0x00, 0x01, 0x02, 0xC6, 0x06, 0x08, 0x00, 0x01, 0x02, 0x5E, 0x06, 0x08, 0x00, 0x01,
	0x02, 0xA6, 0x00, 0x06, 0x00, 0x01, 0x02, 0xA6, 0x06, 0x08, 0x00, 0x01, 0x02, 0xC5, 0x06, 0x08,
	0x00, 0x01, 0x02, 0xB2, 0x00, 0x06, 0x00, 0x01, 0x02, 0xB2, 0x06, 0x08, 0x00, 0x01, 0x02, 0xC0,
	0x06, 0x08, 0x00, 0x01, 0x03, 0xFE, 0x06, 0x08, 0x00, 0x01, 0x04, 0xB4, 0x00, 0x06, 0x00, 0x01,
	0x02, 0xA9, 0x06, 0x08, 0x00, 0x01, 0x00, 0x37, 0x00, 0x01, 0x00, 0x0B, 0x00, 0x0D, 0x00, 0x0E,
	0x00, 0x14, 0x00, 0x19, 0x00, 0x23, 0x00, 0x24, 0x00, 0x28, 0x00, 0x2B, 0x00, 0x36, 0x00, 0x38,
	0x00, 0x39, 0x00, 0x40, 0x00, 0x45, 0x00, 0x4D, 0x00, 0x50, 0x00, 0x51, 0x00, 0x55, 0x00, 0x58,
	0x00, 0x60, 0x00, 0x64, 0x00, 0x70, 0x00, 0x76, 0x00, 0x7B, 0x00, 0x88, 0x00, 0x92, 0x00, 0x94,
	0x00, 0x96, 0x00, 0x9C, 0x00, 0xA1, 0x00, 0xAB, 0x00, 0xAC, 0x00, 0xB0, 0x00, 0xB3, 0x00, 0xB4,
	0x00, 0xBE, 0x00, 0xBF, 0x00, 0xC1, 0x00, 0xC3, 0x00, 0xC8, 0x00, 0xCA, 0x00, 0xD0, 0x00, 0xD8,
	0x00, 0xDB, 0x00, 0xDC, 0x00, 0xE0, 0x00, 0xE3, 0x00, 0xEA, 0x00, 0xEE, 0x01, 0x03, 0x01, 0x09,
	0x01, 0x0E, 0x01, 0x47, 0x01, 0x8A, 0x00, 0x08, 0x00, 0x00, 0x00, 0x4C, 0x00, 0x00, 0x00, 0x46,
	0x00, 0x00, 0x00, 0x40, 0x00, 0x00, 0x00, 0x3A, 0x00, 0x00, 0x00, 0x34, 0x00, 0x00, 0x00, 0x2E,
	0x00, 0x00, 0x00, 0x28, 0x00, 0x01, 0x00, 0x22, 0x00, 0x01, 0x01, 0x19, 0x00, 0xD4, 0x00, 0x01,
	0x01, 0xA3, 0x04, 0xFB, 0x00, 0x01, 0x01, 0xC2, 0x04, 0xAE, 0x00, 0x01, 0x01, 0x8E, 0x04, 0x64,
	0x00, 0x01, 0x01, 0x9C, 0x04, 0x59, 0x00, 0x01, 0x00, 0xD6, 0x04, 0x92, 0x00, 0x01, 0x01, 0x2A,
	0x04, 0x92, 0x00, 0x01, 0x00, 0xCE, 0x04, 0xBC, 0x00, 0x01, 0x00, 0x08, 0x01, 0x77, 0x01, 0x78,
	0x01, 0x79, 0x01, 0x7C, 0x01, 0x7D, 0x01, 0x7F, 0x01, 0x80, 0x01, 0x83, 0x00, 0x02, 0x00, 0x00,
	0x00, 0x02, 0x00, 0x1E, 0x00, 0x0A, 0x00, 0x02, 0x00, 0x52, 0x00, 0x04, 0x00, 0x00, 0x00, 0x94,
	0x02, 0x60, 0x00, 0x01, 0x00, 0x02, 0x00, 0x00, 0xFF, 0xEC, 0x00, 0x01, 0x00, 0x0C, 0x00, 0x04,
	0x00, 0x00, 0x00, 0x01, 0x00, 0x12, 0x00, 0x01, 0x00, 0x01, 0x01, 0x1D, 0x00, 0x03, 0x01, 0x81,
	0xFF, 0xC4, 0x01, 0x82, 0xFF, 0xC4, 0x01, 0x83, 0xFF, 0xC4, 0x00, 0x02, 0x00, 0x08, 0x00, 0x02,
	0x00, 0x64, 0x00, 0x0A, 0x00, 0x02, 0x00, 0x14, 0x00, 0x04, 0x00, 0x00, 0x00, 0x56, 0x00, 0x1C,
	0x00, 0x01, 0x00, 0x02, 0x00, 0x00, 0xFF, 0xEC, 0x00, 0x01, 0x00, 0x02, 0x01, 0x32, 0x01, 0x33,
	0x00, 0x02, 0x00, 0x09, 0x00, 0x00, 0x00, 0x00, 0x00, 0x01, 0x01, 0x20, 0x01, 0x26, 0x00, 0x01,
	0x01, 0x29, 0x01, 0x2F, 0x00, 0x01, 0x01, 0x31, 0x01, 0x39, 0x00, 0x01, 0x01, 0x3C, 0x01, 0x52,
	0x00, 0x01, 0x01, 0x54, 0x01, 0x59, 0x00, 0x01, 0x01, 0x5B, 0x01, 0x64, 0x00, 0x01, 0x01, 0x66,
	0x01, 0x75, 0x00, 0x01, 0x01, 0x86, 0x01, 0x92, 0x00, 0x01, 0x00, 0x02, 0x00, 0x00, 0x00, 0x01,
	0x00, 0x0E, 0x00, 0x04, 0x00, 0x00, 0x00, 0x02, 0x01, 0x8C, 0x00, 0x16, 0x00, 0x01, 0x00, 0x02,
	0x01, 0x1C, 0x01, 0x1D, 0x00, 0x5D, 0x00, 0x00, 0xFF, 0xC4, 0x01, 0x1E, 0xFF, 0xC4, 0x01, 0x20,
	0xFF, 0xC4, 0x01, 0x21, 0xFF, 0xC4, 0x01, 0x22, 0xFF, 0xC4, 0x01, 0x23, 0xFF, 0xC4, 0x01, 0x24,
	0xFF, 0xC4, 0x01, 0x25, 0xFF, 0xC4, 0x01, 0x26, 0xFF, 0xC4, 0x01, 0x29, 0xFF, 0xC4, 0x01, 0x2A,
	0xFF, 0xC4, 0x01, 0x2B, 0xFF, 0xC4, 0x01, 0x2C, 0xFF, 0xC4, 0x01, 0x2D, 0xFF, 0xC4, 0x01, 0x2E,
	0xFF, 0xC4, 0x01, 0x2F, 0xFF, 0xC4, 0x01, 0x31, 0xFF, 0xC4, 0x01, 0x32, 0xFF, 0xC4, 0x01, 0x33,
	0xFF, 0xC4, 0x01, 0x34, 0xFF, 0xC4, 0x01, 0x35, 0xFF, 0xC4, 0x01, 0x36, 0xFF, 0xC4, 0x01, 0x37,
	0xFF, 0xC4, 0x01, 0x38, 0xFF, 0xC4, 0x01, 0x39, 0xFF, 0xC4, 0x01, 0x3C, 0xFF, 0xC4, 0x01, 0x3D,
	0xFF, 0xC4, 0x01, 0x3E, 0xFF, 0xC4, 0x01, 0x3F, 0xFF, 0xC4, 0x01, 0x40, 0xFF, 0xC4, 0x01, 0x41,
	0xFF, 0xC4, 0x01, 0x42, 0xFF, 0xC4, 0x01, 0x43, 0xFF, 0xC4, 0x01, 0x44, 0xFF, 0xC4, 0x01, 0x45,
	0xFF, 0xC4, 0x01, 0x46, 0xFF, 0xC4, 0x01, 0x47, 0xFF, 0xC4, 0x01, 0x48, 0xFF, 0xC4, 0x01, 0x49,
	0xFF, 0xC4, 0x01, 0x4A, 0xFF, 0xC4, 0x01, 0x4B, 0xFF, 0xC4, 0x01, 0x4C, 0xFF, 0xC4, 0x01, 0x4D,
	0xFF, 0xC4, 0x01, 0x4E, 0xFF, 0xC4, 0x01, 0x4F, 0xFF, 0xC4, 0x01, 0x50, 0xFF, 0xC4, 0x01, 0x51,
	0xFF, 0xC4, 0x01, 0x52, 0xFF, 0xC4, 0x01, 0x54, 0xFF, 0xC4, 0x01, 0x55, 0xFF, 0xC4, 0x01, 0x56,
	0xFF, 0xC4, 0x01, 0x57, 0xFF, 0xC4, 0x01, 0x58, 0xFF, 0xC4, 0x01, 0x59, 0xFF, 0xC4, 0x01, 0x5B,
	0xFF, 0xC4, 0x01, 0x5C, 0xFF, 0xC4, 0x01, 0x5D, 0xFF, 0xC4, 0x01, 0x5E, 0xFF, 0xC4, 0x01, 0x5F,
	0xFF, 0xC4, 0x01, 0x60, 0xFF, 0xC4, 0x01, 0x61, 0xFF, 0xC4, 0x01, 0x62, 0xFF, 0xC4, 0x01, 0x63,
	0xFF, 0xC4, 0x01, 0x64, 0xFF, 0xC4, 0x01, 0x66, 0xFF, 0xC4, 0x01, 0x67, 0xFF, 0xC4, 0x01, 0x68,
	0xFF, 0xC4, 0x01, 0x69, 0xFF, 0xC4, 0x01, 0x6A, 0xFF, 0xC4, 0x01, 0x6B, 0xFF, 0xC4, 0x01, 0x6C,
	0xFF, 0xC4, 0x01, 0x6D, 0xFF, 0xC4, 0x01, 0x6E, 0xFF, 0xC4, 0x01, 0x6F, 0xFF, 0xC4, 0x01, 0x70,
	0xFF, 0xC4, 0x01, 0x71, 0xFF, 0xC4, 0x01, 0x72, 0xFF, 0xC4, 0x01, 0x73, 0xFF, 0xC4, 0x01, 0x74,
	0xFF, 0xC4, 0x01, 0x75, 0xFF, 0xC4, 0x01, 0x86, 0xFF, 0xC4, 0x01, 0x87, 0xFF, 0xC4, 0x01, 0x88,
	0xFF, 0xC4, 0x01, 0x89, 0xFF, 0xC4, 0x01, 0x8A, 0xFF, 0xC4, 0x01, 0x8B, 0xFF, 0xC4, 0x01, 0x8C,
	0xFF, 0xC4, 0x01, 0x8D, 0xFF, 0xC4, 0x01, 0x8E, 0xFF, 0xC4, 0x01, 0x8F, 0xFF, 0xC4, 0x01, 0x90,
	0xFF, 0xC4, 0x01, 0x91, 0xFF, 0xC4, 0x01, 0x92, 0xFF, 0xC4, 0x00, 0x01, 0x01, 0x1D, 0xFF, 0xD8,
	0x00, 0x02, 0x00, 0x00, 0x00, 0x02, 0x00, 0x56, 0x00, 0x0A, 0x00, 0x02, 0x00, 0x18, 0x00, 0x04,
	0x00, 0x00, 0x00, 0x36, 0x00, 0x2C, 0x00, 0x02, 0x00, 0x02, 0x00, 0x00, 0xFF, 0xC4, 0x00, 0x00,
	0xFF, 0xC4, 0x00, 0x01, 0x00, 0x08, 0x00, 0x76, 0x00, 0x77, 0x00, 0x78, 0x00, 0x79, 0x00, 0x7A,
	0x01, 0x02, 0x01, 0x09, 0x01, 0x0D, 0x00, 0x02, 0x00, 0x01, 0x01, 0x81, 0x01, 0x83, 0x00, 0x01,
	0x00, 0x02, 0x00, 0x03, 0x01, 0x02, 0x01, 0x02, 0x00, 0x01, 0x01, 0x09, 0x01, 0x09, 0x00, 0x01,
	0x01, 0x0D, 0x01, 0x0D, 0x00, 0x01, 0x00, 0x01, 0x00, 0x0C, 0x00, 0x04, 0x00, 0x00, 0x00, 0x01,
	0x00, 0x12, 0x00, 0x01, 0x00, 0x01, 0x00, 0x6F, 0x00, 0x03, 0x01, 0x81, 0xFF, 0xB0, 0x01, 0x82,
	0xFF, 0xB0, 0x01, 0x83, 0xFF, 0xB0, 0x00, 0x02, 0x00, 0x08, 0x00, 0x02, 0x09, 0x80, 0x00, 0x0A,
	0x00, 0x02, 0x04, 0x84, 0x00, 0x04, 0x00, 0x00, 0x07, 0xEC, 0x05, 0xAE, 0x00, 0x1E, 0x00, 0x13,
	0x00, 0x00, 0x00, 0x00, 0x00, 0x00, 0x00, 0x00, 0x00, 0x00, 0x00, 0x00, 0x00, 0x00, 0x00, 0x00,
	0x00, 0x00, 0x00, 0x00, 0x00, 0x00, 0xFF, 0xD8, 0xFF, 0xEC, 0xFF, 0xF6, 0x00, 0x00, 0x00, 0x00,
	0xFF, 0xC4, 0x00, 0x00, 0x00, 0x00, 0x00, 0x00, 0x00, 0x00, 0x00, 0x00, 0x00, 0x00, 0x00, 0x00,
	0x00, 0x00, 0x00, 0x00, 0x00, 0x00, 0x00, 0x00, 0x00, 0x00, 0x00, 0x00, 0x00, 0x00, 0x00, 0x00,
	0x00, 0x00, 0x00, 0x00, 0x00, 0x00, 0xFF, 0xC4, 0x00, 0x00, 0x00, 0x00, 0x00, 0x00, 0x00, 0x00,
	0x00, 0x00, 0x00, 0x00, 0xFF, 0xF6, 0x00, 0x00, 0x00, 0x00, 0x00, 0x00, 0x00, 0x00, 0x00, 0x00,
	0x00, 0x00, 0xFF, 0x88, 0xFF, 0xEC, 0x00, 0x00, 0x00, 0x00, 0xFF, 0x9C, 0xFF, 0xEC, 0x00, 0x00,
	0xFF, 0x9C, 0x00, 0x00, 0x00, 0x00, 0x00, 0x00, 0xFF, 0xEC, 0x00, 0x00, 0x00, 0x00, 0x00, 0x00,
	0x00, 0x00, 0x00, 0x00, 0xFF, 0x74, 0x00, 0x00, 0xFF, 0x38, 0xFF, 0x88, 0x00, 0x00, 0x00, 0x00,
	0xFF, 0x60, 0xFF, 0xD8, 0x00, 0x00, 0xFF, 0x60, 0x00, 0x00, 0x00, 0x00, 0x00, 0x00, 0x00, 0x00,
	0x00, 0x00, 0x00, 0x00, 0x00, 0x00, 0x00, 0x00, 0x00, 0x00, 0x00, 0x00, 0x00, 0x00, 0x00, 0x00,
	0x00, 0x00, 0x00, 0x00, 0x00, 0x00, 0x00, 0x00, 0xFF, 0xC4, 0x00, 0x00, 0x00, 0x00, 0x00, 0x00,
	0x00, 0x00, 0x00, 0x00, 0x00, 0x00, 0x00, 0x00, 0x00, 0x00, 0x00, 0x00, 0x00, 0x00, 0x00, 0x00,
	0x00, 0x00, 0x00, 0x00, 0xFF, 0x9C, 0xFF, 0xEC, 0x00, 0x00, 0x00, 0x00, 0xFF, 0x74, 0xFF, 0xD8,
	0x00, 0x00, 0xFF, 0x74, 0x00, 0x00, 0x00, 0x00, 0x00, 0x00, 0x00, 0x00, 0x00, 0x00, 0xFF, 0xEC,
	0x00, 0x00, 0x00, 0x00, 0x00, 0x00, 0x00, 0x00, 0x00, 0x00, 0xFF, 0x60, 0xFF, 0xE2, 0xFF, 0xEC,
	0x00, 0x00, 0xFF, 0x60, 0xFF, 0xD8, 0x00, 0x00, 0xFF, 0x60, 0x00, 0x00, 0x00, 0x00, 0x00, 0x00,
	0x00, 0x00, 0x00, 0x00, 0x00, 0x00, 0x00, 0x00, 0x00, 0x00, 0x00, 0x00, 0xFF, 0xEC, 0x00, 0x00,
	0xFF, 0xB0, 0x00, 0x00, 0x00, 0x00, 0x00, 0x00, 0x00, 0x00, 0x00, 0x00, 0x00, 0x00, 0x00, 0x00,
	0x00, 0x00, 0x00, 0x00, 0x00, 0x00, 0xFF, 0xEC, 0x00, 0x00, 0x00, 0x00, 0x00, 0x00, 0x00, 0x00,
	0x00, 0x00, 0x00, 0x00, 0x00, 0x00, 0x00, 0x00, 0x00, 0x00, 0x00, 0x00, 0x00, 0x00, 0x00, 0x00,
	0x00, 0x00, 0x00, 0x00, 0x00, 0x00, 0x00, 0x00, 0x00, 0x00, 0x00, 0x00, 0xFF, 0x60, 0xFF, 0x74,
	0xFF, 0x60, 0x00, 0x00, 0xFF, 0x9C, 0xFF, 0xC4, 0x00, 0x00, 0xFF, 0x9C, 0x00, 0x00, 0xFF, 0x9C,
	0x00, 0x00, 0xFF, 0x4C, 0x00, 0x00, 0x00, 0x00, 0x00, 0x00, 0x00, 0x00, 0x00, 0x00, 0x00, 0x00,
	0x00, 0x00, 0x00, 0x00, 0x00, 0x00, 0x00, 0x00, 0x00, 0x00, 0x00, 0x00, 0x00, 0x00, 0x00, 0x00,
	0x00, 0x00, 0x00, 0x00, 0x00, 0x00, 0x00, 0x00, 0x00, 0x00, 0xFF, 0x9C, 0x00, 0x00, 0x00, 0x00,
	0xFF, 0x9C, 0x00, 0x00, 0x00, 0x00, 0x00, 0x00, 0xFF, 0xD8, 0x00, 0x00, 0x00, 0x00, 0xFF, 0xD8,
	0x00, 0x00, 0x00, 0x00, 0x00, 0x00, 0x00, 0x00, 0xFF, 0x10, 0xFF, 0xB0, 0x00, 0x00, 0x00, 0x00,
	0xFF, 0x38, 0x00, 0x00, 0xFF, 0xD8, 0xFF, 0x38, 0x00, 0x00, 0xFF, 0xC4, 0xFF, 0xC4, 0xFF, 0x60,
	0xFF, 0x88, 0xFF, 0x38, 0xFF, 0xB0, 0xFF, 0x38, 0x00, 0x00, 0x00, 0x00, 0xFF, 0xC4, 0x00, 0x00,
	0xFF, 0xD8, 0x00, 0x00, 0xFF, 0x24, 0x00, 0x00, 0x00, 0x00, 0xFF, 0xB0, 0x00, 0x00, 0x00, 0x00,
	0x00, 0x00, 0x00, 0x00, 0x00, 0x00, 0x00, 0x00, 0x00, 0x00, 0x00, 0x00, 0x00, 0x00, 0x00, 0x00,
	0x00, 0x00, 0x00, 0x00, 0xFF, 0x74, 0x00, 0x00, 0x00, 0x00, 0x00, 0x00, 0xFF, 0x9C, 0x00, 0x00,
	0x00, 0x00, 0xFF, 0x9C, 0x00, 0x00, 0x00, 0x00, 0x00, 0x00, 0x00, 0x00, 0x00, 0x00, 0x00, 0x00,
	0x00, 0x00, 0x00, 0x00, 0x00, 0x00, 0x00, 0x00, 0x00, 0x00, 0xFF, 0xC4, 0x00, 0x00, 0x00, 0x00,
	0xFF, 0xEC, 0xFF, 0x9C, 0xFF, 0xEC, 0x00, 0x00, 0xFF, 0x9C, 0x00, 0x00, 0x00, 0x00, 0x00, 0x00,
	0x00, 0x00, 0x00, 0x00, 0xFF, 0x74, 0xFF, 0xEC, 0x00, 0x00, 0x00, 0x00, 0x00, 0x00, 0x00, 0x00,
	0x00, 0x00, 0x00, 0x00, 0x00, 0x00, 0x00, 0x00, 0x00, 0x00, 0x00, 0x00, 0xFF, 0xEC, 0x00, 0x00,
	0x00, 0x00, 0x00, 0x00, 0x00, 0x00, 0xFF, 0xEC, 0x00, 0x00, 0x00, 0x00, 0x00, 0x00, 0x00, 0x00,
	0x00, 0x00, 0x00, 0x00, 0x00, 0x00, 0x00, 0x00, 0x00, 0x00, 0x00, 0x00, 0x00, 0x00, 0x00, 0x00,
	0x00, 0x00, 0x00, 0x00, 0x00, 0x00, 0x00, 0x00, 0x00, 0x00, 0x00, 0x00, 0x00, 0x00, 0x00, 0x00,
	0x00, 0x00, 0x00, 0x00, 0x00, 0x00, 0x00, 0x00, 0x00, 0x00, 0x00, 0x00, 0xFF, 0x9C, 0x00, 0x00,
	0x00, 0x00, 0x00, 0x00, 0x00, 0x00, 0xFF, 0xD8, 0x00, 0x00, 0x00, 0x00, 0x00, 0x00, 0x00, 0x00,
	0x00, 0x00, 0xFF, 0x9C, 0xFF, 0x9C, 0x00, 0x00, 0x00, 0x00, 0x00, 0x00, 0x00, 0x00, 0x00, 0x00,
	0x00, 0x00, 0x00, 0x00, 0x00, 0x00, 0x00, 0x00, 0xFF, 0x4C, 0x00, 0x00, 0xFF, 0xC4, 0x00, 0x00,
	0x00, 0x00, 0x00, 0x00, 0x00, 0x00, 0x00, 0x00, 0xFF, 0xB0, 0xFF, 0xEC, 0x00, 0x00, 0x00, 0x00,
	0xFF, 0xEC, 0xFF, 0xD8, 0x00, 0x00, 0x00, 0x00, 0x00, 0x00, 0x00, 0x00, 0x00, 0x00, 0x00, 0x00,
	0x00, 0x00, 0xFF, 0x9C, 0x00, 0x00, 0x00, 0x00, 0x00, 0x00, 0xFF, 0xC4, 0xFF, 0xC4, 0xFF, 0xE2,
	0xFF, 0xE2, 0xFF, 0x88, 0x00, 0x00, 0xFF, 0xEC, 0xFF, 0xD8, 0x00, 0x00, 0x00, 0x00, 0x00, 0x00,
	0x00, 0x00, 0x00, 0x00, 0xFF, 0xB0, 0x00, 0x00, 0xFF, 0xEC, 0x00, 0x00, 0x00, 0x00, 0x00, 0x00,
	0x00, 0x00, 0x00, 0x00, 0xFF, 0xF6, 0x00, 0x00, 0xFF, 0xB0, 0x00, 0x00, 0x00, 0x00, 0x00, 0x00,
	0x00, 0x00, 0x00, 0x00, 0x00, 0x00, 0x00, 0x00, 0x00, 0x00, 0xFF, 0x4C, 0x00, 0x00, 0x00, 0x00,
	0x00, 0x00, 0x00, 0x00, 0x00, 0x00, 0x00, 0x00, 0x00, 0x00, 0x00, 0x00, 0x00, 0x00, 0x00, 0x00,
	0x00, 0x00, 0x00, 0x00, 0x00, 0x00, 0x00, 0x00, 0x00, 0x00, 0xFF, 0xD8, 0x00, 0x00, 0x00, 0x00,
	0x00, 0x00, 0x00, 0x00, 0x00, 0x00, 0x00, 0x00, 0x00, 0x00, 0x00, 0x00, 0x00, 0x00, 0x00, 0x00,
	0x00, 0x00, 0x00, 0x00, 0x00, 0x00, 0x00, 0x00, 0x00, 0x00, 0x00, 0x00, 0x00, 0x00, 0x00, 0x00,
	0x00, 0x00, 0x00, 0x00, 0x00, 0x00, 0x00, 0x00, 0x00, 0x00, 0xFF, 0xD8, 0x00, 0x00, 0x00, 0x00,
	0x00, 0x00, 0x00, 0x00, 0x00, 0x00, 0x00, 0x00, 0x00, 0x00, 0x00, 0x00, 0x00, 0x00, 0x00, 0x00,
	0x00, 0x00, 0x00, 0x00, 0x00, 0x00, 0xFF, 0x9C, 0x00, 0x00, 0x00, 0x00, 0x00, 0x00, 0x00, 0x00,
	0xFF, 0xD8, 0x00, 0x00, 0x00, 0x00, 0x00, 0x00, 0x00, 0x00, 0x00, 0x00, 0x00, 0x00, 0x00, 0x00,
	0x00, 0x00, 0x00, 0x00, 0x00, 0x00, 0x00, 0x00, 0xFF, 0xEC, 0x00, 0x00, 0xFF, 0xB0, 0x00, 0x00,
	0x00, 0x00, 0x00, 0x00, 0x00, 0x00, 0x00, 0x00, 0x00, 0x00, 0x00, 0x00, 0x00, 0x00, 0xFF, 0xEC,
	0x00, 0x00, 0xFF, 0xD8, 0xFF, 0xD8, 0x00, 0x00, 0x00, 0x00, 0x00, 0x00, 0x00, 0x00, 0x00, 0x00,
	0x00, 0x00, 0x00, 0x00, 0x00, 0x00, 0x00, 0x00, 0x00, 0x00, 0x00, 0x00, 0x00, 0x00, 0x00, 0x00,
	0x00, 0x00, 0x00, 0x00, 0x00, 0x00, 0x00, 0x00, 0xFF, 0xEC, 0xFF, 0xEC, 0x00, 0x00, 0x00, 0x00,
	0x00, 0x00, 0x00, 0x00, 0x00, 0x00, 0x00, 0x00, 0x00, 0x00, 0x00, 0x00, 0x00, 0x00, 0x00, 0x00,
	0x00, 0x00, 0x00, 0x00, 0x00, 0x00, 0x00, 0x00, 0x00, 0x00, 0x00, 0x00, 0x00, 0x00, 0x00, 0x00,
	0x00, 0x00, 0x00, 0x00, 0x00, 0x00, 0x00, 0x00, 0x00, 0x00, 0x00, 0x00, 0x00, 0x00, 0x00, 0x00,
	0x00, 0x00, 0x00, 0x00, 0x00, 0x00, 0x00, 0x00, 0xFF, 0xC4, 0x00, 0x00, 0x00, 0x00, 0x00, 0x00,
	0x00, 0x00, 0x00, 0x00, 0x00, 0x00, 0x00, 0x00, 0x00, 0x00, 0x00, 0x00, 0x00, 0x00, 0x00, 0x00,
	0x00, 0x00, 0x00, 0x00, 0xFF, 0xD8, 0x00, 0x00, 0x00, 0x00, 0x00, 0x00, 0x00, 0x00, 0x00, 0x00,
	0x00, 0x00, 0x00, 0x00, 0x00, 0x02, 0x00, 0x31, 0x00, 0x01, 0x00, 0x0A, 0x00, 0x00, 0x00, 0x0D,
	0x00, 0x14, 0x00, 0x0A, 0x00, 0x23, 0x00, 0x24, 0x00, 0x12, 0x00, 0x28, 0x00, 0x28, 0x00, 0x14,
	0x00, 0x2B, 0x00, 0x2B, 0x00, 0x15, 0x00, 0x32, 0x00, 0x32, 0x00, 0x16, 0x00, 0x36, 0x00, 0x36,
	0x00, 0x17, 0x00, 0x39, 0x00, 0x3E, 0x00, 0x18, 0x00, 0x40, 0x00, 0x40, 0x00, 0x1E, 0x00, 0x43,
	0x00, 0x43, 0x00, 0x1F, 0x00, 0x45, 0x00, 0x46, 0x00, 0x20, 0x00, 0x48, 0x00, 0x4A, 0x00, 0x22,
	0x00, 0x4F, 0x00, 0x4F, 0x00, 0x25, 0x00, 0x54, 0x00, 0x55, 0x00, 0x26, 0x00, 0x57, 0x00, 0x58,
	0x00, 0x28, 0x00, 0x5F, 0x00, 0x6E, 0x00, 0x2A, 0x00, 0x70, 0x00, 0x71, 0x00, 0x3A, 0x00, 0x73,
	0x00, 0x74, 0x00, 0x3C, 0x00, 0x76, 0x00, 0x7A, 0x00, 0x3E, 0x00, 0x81, 0x00, 0x81, 0x00, 0x43,
	0x00, 0x84, 0x00, 0x85, 0x00, 0x44, 0x00, 0x87, 0x00, 0x89, 0x00, 0x46, 0x00, 0x8B, 0x00, 0x91,
	0x00, 0x49, 0x00, 0x96, 0x00, 0x9C, 0x00, 0x50, 0x00, 0x9E, 0x00, 0x9E, 0x00, 0x57, 0x00, 0xA1,
	0x00, 0xAC, 0x00, 0x58, 0x00, 0xB3, 0x00, 0xB3, 0x00, 0x64, 0x00, 0xBE, 0x00, 0xBE, 0x00, 0x65,
	0x00, 0xC3, 0x00, 0xC3, 0x00, 0x66, 0x00, 0xC8, 0x00, 0xC8, 0x00, 0x67, 0x00, 0xCA, 0x00, 0xCB,
	0x00, 0x68, 0x00, 0xCD, 0x00, 0xCE, 0x00, 0x6A, 0x00, 0xD0, 0x00, 0xD5, 0x00, 0x6C, 0x00, 0xD7,
	0x00, 0xD7, 0x00, 0x72, 0x00, 0xDA, 0x00, 0xDC, 0x00, 0x73, 0x00, 0xDF, 0x00, 0xE1, 0x00, 0x76,
	0x00, 0xE3, 0x00, 0xE7, 0x00, 0x79, 0x00, 0xE9, 0x00, 0xE9, 0x00, 0x7E, 0x00, 0xEC, 0x00, 0xEC,
	0x00, 0x7F, 0x00, 0xEE, 0x00, 0xF5, 0x00, 0x80, 0x00, 0xFE, 0x01, 0x07, 0x00, 0x88, 0x01, 0x09,
	0x01, 0x09, 0x00, 0x92, 0x01, 0x0D, 0x01, 0x11, 0x00, 0x93, 0x01, 0x16, 0x01, 0x17, 0x00, 0x98,
	0x01, 0x19, 0x01, 0x19, 0x00, 0x9A, 0x01, 0x1C, 0x01, 0x1C, 0x00, 0x9B, 0x01, 0x1E, 0x01, 0x1F,
	0x00, 0x9C, 0x01, 0x32, 0x01, 0x33, 0x00, 0x9E, 0x01, 0x53, 0x01, 0x53, 0x00, 0xA0, 0x00, 0x02,
	0x00, 0x5F, 0x00, 0x00, 0x00, 0x00, 0x00, 0x02, 0x00, 0x01, 0x00, 0x0A, 0x00, 0x05, 0x00, 0x0B,
	0x00, 0x0B, 0x00, 0x01, 0x00, 0x0C, 0x00, 0x0C, 0x00, 0x05, 0x00, 0x0E, 0x00, 0x0E, 0x00, 0x06,
	0x00, 0x0F, 0x00, 0x13, 0x00, 0x01, 0x00, 0x15, 0x00, 0x17, 0x00, 0x01, 0x00, 0x1A, 0x00, 0x1C,
	0x00, 0x01, 0x00, 0x1F, 0x00, 0x1F, 0x00, 0x01, 0x00, 0x21, 0x00, 0x22, 0x00, 0x01, 0x00, 0x24,
	0x00, 0x24, 0x00, 0x06, 0x00, 0x25, 0x00, 0x27, 0x00, 0x01, 0x00, 0x29, 0x00, 0x2A, 0x00, 0x01,
	0x00, 0x2C, 0x00, 0x2C, 0x00, 0x01, 0x00, 0x2E, 0x00, 0x2E, 0x00, 0x01, 0x00, 0x31, 0x00, 0x31,
	0x00, 0x01, 0x00, 0x33, 0x00, 0x35, 0x00, 0x01, 0x00, 0x36, 0x00, 0x37, 0x00, 0x0E, 0x00, 0x3A,
	0x00, 0x3D, 0x00, 0x01, 0x00, 0x41, 0x00, 0x42, 0x00, 0x01, 0x00, 0x44, 0x00, 0x44, 0x00, 0x01,
	0x00, 0x45, 0x00, 0x46, 0x00, 0x06, 0x00, 0x47, 0x00, 0x47, 0x00, 0x01, 0x00, 0x48, 0x00, 0x4A,
	0x00, 0x06, 0x00, 0x4B, 0x00, 0x4C, 0x00, 0x01, 0x00, 0x4D, 0x00, 0x4D, 0x00, 0x06, 0x00, 0x4E,
	0x00, 0x4E, 0x00, 0x01, 0x00, 0x4F, 0x00, 0x4F, 0x00, 0x06, 0x00, 0x50, 0x00, 0x50, 0x00, 0x01,
	0x00, 0x53, 0x00, 0x53, 0x00, 0x01, 0x00, 0x54, 0x00, 0x54, 0x00, 0x06, 0x00, 0x56, 0x00, 0x57,
	0x00, 0x01, 0x00, 0x59, 0x00, 0x5C, 0x00, 0x01, 0x00, 0x60, 0x00, 0x60, 0x00, 0x0F, 0x00, 0x61,
	0x00, 0x61, 0x00, 0x01, 0x00, 0x62, 0x00, 0x62, 0x00, 0x0F, 0x00, 0x66, 0x00, 0x66, 0x00, 0x01,
	0x00, 0x6A, 0x00, 0x6E, 0x00, 0x01, 0x00, 0x70, 0x00, 0x74, 0x00, 0x09, 0x00, 0x76, 0x00, 0x79,
	0x00, 0x0B, 0x00, 0x7A, 0x00, 0x7A, 0x00, 0x01, 0x00, 0x7F, 0x00, 0x84, 0x00, 0x01, 0x00, 0x88,
	0x00, 0x91, 0x00, 0x04, 0x00, 0x92, 0x00, 0x92, 0x00, 0x01, 0x00, 0x93, 0x00, 0x93, 0x00, 0x04,
	0x00, 0x96, 0x00, 0x96, 0x00, 0x03, 0x00, 0x97, 0x00, 0x9B, 0x00, 0x01, 0x00, 0x9C, 0x00, 0x9C,
	0x00, 0x04, 0x00, 0x9D, 0x00, 0x9F, 0x00, 0x01, 0x00, 0xA1, 0x00, 0xAA, 0x00, 0x07, 0x00, 0xAC,
	0x00, 0xAC, 0x00, 0x03, 0x00, 0xAD, 0x00, 0xAF, 0x00, 0x01, 0x00, 0xB1, 0x00, 0xB2, 0x00, 0x01,
	0x00, 0xB4, 0x00, 0xBD, 0x00, 0x01, 0x00, 0xBE, 0x00, 0xBF, 0x00, 0x10, 0x00, 0xC0, 0x00, 0xC0,
	0x00, 0x01, 0x00, 0xC2, 0x00, 0xC2, 0x00, 0x01, 0x00, 0xC4, 0x00, 0xC7, 0x00, 0x01, 0x00, 0xC8,
	0x00, 0xC8, 0x00, 0x08, 0x00, 0xCA, 0x00, 0xCA, 0x00, 0x08, 0x00, 0xCB, 0x00, 0xCD, 0x00, 0x01,
	0x00, 0xCE, 0x00, 0xCE, 0x00, 0x08, 0x00, 0xCF, 0x00, 0xCF, 0x00, 0x01, 0x00, 0xD0, 0x00, 0xDA,
	0x00, 0x03, 0x00, 0xDB, 0x00, 0xDB, 0x00, 0x01, 0x00, 0xDC, 0x00, 0xDC, 0x00, 0x08, 0x00, 0xDE,
	0x00, 0xDE, 0x00, 0x01, 0x00, 0xDF, 0x00, 0xDF, 0x00, 0x03, 0x00, 0xE0, 0x00, 0xE2, 0x00, 0x08,
	0x00, 0xE4, 0x00, 0xE7, 0x00, 0x01, 0x00, 0xEB, 0x00, 0xEC, 0x00, 0x01, 0x00, 0xF0, 0x00, 0xF0,
	0x00, 0x01, 0x00, 0xF4, 0x00, 0xFB, 0x00, 0x01, 0x00, 0xFF, 0x01, 0x01, 0x00, 0x01, 0x01, 0x02,
	0x01, 0x02, 0x00, 0x0C, 0x01, 0x03, 0x01, 0x07, 0x00, 0x0A, 0x01, 0x09, 0x01, 0x09, 0x00, 0x0C,
	0x01, 0x0A, 0x01, 0x0A, 0x00, 0x01, 0x01, 0x0B, 0x01, 0x0B, 0x00, 0x0C, 0x01, 0x0C, 0x01, 0x0C,
	0x00, 0x01, 0x01, 0x0D, 0x01, 0x0D, 0x00, 0x0C, 0x01, 0x0E, 0x01, 0x11, 0x00, 0x0D, 0x01, 0x12,
	0x01, 0x15, 0x00, 0x01, 0x01, 0x16, 0x01, 0x16, 0x00, 0x11, 0x01, 0x1C, 0x01, 0x1C, 0x00, 0x11,
	0x01, 0x20, 0x01, 0x26, 0x00, 0x02, 0x01, 0x29, 0x01, 0x2F, 0x00, 0x02, 0x01, 0x31, 0x01, 0x39,
	0x00, 0x02, 0x01, 0x3C, 0x01, 0x52, 0x00, 0x02, 0x01, 0x53, 0x01, 0x53, 0x00, 0x01, 0x01, 0x54,
	0x01, 0x59, 0x00, 0x02, 0x01, 0x5A, 0x01, 0x5A, 0x00, 0x12, 0x01, 0x5B, 0x01, 0x64, 0x00, 0x02,
	0x01, 0x66, 0x01, 0x75, 0x00, 0x02, 0x01, 0x86, 0x01, 0x92, 0x00, 0x02, 0x00, 0x02, 0x00, 0x41,
	0x00, 0x01, 0x00, 0x0A, 0x00, 0x03, 0x00, 0x0D, 0x00, 0x0D, 0x00, 0x11, 0x00, 0x0E, 0x00, 0x13,
	0x00, 0x08, 0x00, 0x14, 0x00, 0x14, 0x00, 0x07, 0x00, 0x23, 0x00, 0x23, 0x00, 0x15, 0x00, 0x24,
	0x00, 0x24, 0x00, 0x16, 0x00, 0x28, 0x00, 0x28, 0x00, 0x04, 0x00, 0x2B, 0x00, 0x2B, 0x00, 0x04,
	0x00, 0x32, 0x00, 0x32, 0x00, 0x04, 0x00, 0x36, 0x00, 0x36, 0x00, 0x01, 0x00, 0x39, 0x00, 0x3A,
	0x00, 0x0B, 0x00, 0x3B, 0x00, 0x3B, 0x00, 0x12, 0x00, 0x3C, 0x00, 0x3D, 0x00, 0x0B, 0x00, 0x3E,
	0x00, 0x3E, 0x00, 0x04, 0x00, 0x40, 0x00, 0x40, 0x00, 0x04, 0x00, 0x43, 0x00, 0x43, 0x00, 0x04,
	0x00, 0x45, 0x00, 0x46, 0x00, 0x07, 0x00, 0x48, 0x00, 0x4A, 0x00, 0x07, 0x00, 0x4F, 0x00, 0x4F,
	0x00, 0x07, 0x00, 0x54, 0x00, 0x54, 0x00, 0x07, 0x00, 0x55, 0x00, 0x55, 0x00, 0x17, 0x00, 0x57,
	0x00, 0x57, 0x00, 0x17, 0x00, 0x58, 0x00, 0x58, 0x00, 0x16, 0x00, 0x5F, 0x00, 0x5F, 0x00, 0x11,
	0x00, 0x60, 0x00, 0x63, 0x00, 0x09, 0x00, 0x64, 0x00, 0x6E, 0x00, 0x01, 0x00, 0x70, 0x00, 0x71,
	0x00, 0x0F, 0x00, 0x73, 0x00, 0x74, 0x00, 0x0F, 0x00, 0x76, 0x00, 0x7A, 0x00, 0x0C, 0x00, 0x81,
	0x00, 0x81, 0x00, 0x0B, 0x00, 0x84, 0x00, 0x85, 0x00, 0x09, 0x00, 0x87, 0x00, 0x87, 0x00, 0x15,
	0x00, 0x88, 0x00, 0x89, 0x00, 0x05, 0x00, 0x8B, 0x00, 0x91, 0x00, 0x05, 0x00, 0x96, 0x00, 0x9B,
	0x00, 0x0A, 0x00, 0x9C, 0x00, 0x9C, 0x00, 0x01, 0x00, 0x9E, 0x00, 0x9E, 0x00, 0x12, 0x00, 0xA1,
	0x00, 0xAA, 0x00, 0x02, 0x00, 0xAB, 0x00, 0xAB, 0x00, 0x13, 0x00, 0xB3, 0x00, 0xB3, 0x00, 0x04,
	0x00, 0xBE, 0x00, 0xBE, 0x00, 0x04, 0x00, 0xC3, 0x00, 0xC3, 0x00, 0x04, 0x00, 0xD0, 0x00, 0xD5,
	0x00, 0x06, 0x00, 0xD7, 0x00, 0xD7, 0x00, 0x06, 0x00, 0xDA, 0x00, 0xDA, 0x00, 0x06, 0x00, 0xDB,
	0x00, 0xDB, 0x00, 0x02, 0x00, 0xDC, 0x00, 0xDC, 0x00, 0x06, 0x00, 0xE0, 0x00, 0xE1, 0x00, 0x1B,
	0x00, 0xE3, 0x00, 0xE7, 0x00, 0x0D, 0x00, 0xE9, 0x00, 0xE9, 0x00, 0x11, 0x00, 0xEC, 0x00, 0xEC,
	0x00, 0x12, 0x00, 0xFE, 0x00, 0xFE, 0x00, 0x13, 0x01, 0x02, 0x01, 0x02, 0x00, 0x14, 0x01, 0x03,
	0x01, 0x07, 0x00, 0x0E, 0x01, 0x09, 0x01, 0x09, 0x00, 0x14, 0x01, 0x0D, 0x01, 0x0D, 0x00, 0x14,
	0x01, 0x0E, 0x01, 0x11, 0x00, 0x10, 0x01, 0x16, 0x01, 0x16, 0x00, 0x19, 0x01, 0x17, 0x01, 0x17,
	0x00, 0x1C, 0x01, 0x19, 0x01, 0x19, 0x00, 0x18, 0x01, 0x1C, 0x01, 0x1C, 0x00, 0x1D, 0x01, 0x1E,
	0x01, 0x1E, 0x00, 0x18, 0x01, 0x1F, 0x01, 0x1F, 0x00, 0x19, 0x01, 0x32, 0x01, 0x33, 0x00, 0x1A,
	0x01, 0x53, 0x01, 0x53, 0x00, 0x13, 0x00, 0x01, 0x00, 0xB2, 0x00, 0x04, 0x00, 0x00, 0x00, 0x54,
	0x0B, 0x7C, 0x0B, 0x7C, 0x0B, 0x7C, 0x0B, 0x7C, 0x0B, 0x7C, 0x0B, 0x7C, 0x0B, 0x7C, 0x0B, 0x7C,
	0x0B, 0x7C, 0x0B, 0x7C, 0x0B, 0x76, 0x0B, 0x6C, 0x0A, 0xCE, 0x0A, 0xC8, 0x0A, 0xC8, 0x0A, 0xC8,
	0x0A, 0xC8, 0x0B, 0x76, 0x0B, 0x76, 0x0B, 0x76, 0x0B, 0x76, 0x0B, 0x76, 0x0B, 0x76, 0x0A, 0x22,
	0x0B, 0x76, 0x0B, 0x6C, 0x0A, 0x1C, 0x0A, 0x1C, 0x0A, 0x1C, 0x0A, 0x1C, 0x05, 0xBA, 0x05, 0x80,
	0x05, 0x7A, 0x05, 0x7A, 0x05, 0x7A, 0x05, 0x7A, 0x05, 0x7A, 0x0A, 0xC8, 0x0A, 0x1C, 0x0A, 0x1C,
	0x05, 0x70, 0x05, 0x70, 0x05, 0x70, 0x05, 0x70, 0x05, 0x70, 0x05, 0x70, 0x05, 0x70, 0x05, 0x70,
	0x05, 0x70, 0x05, 0x66, 0x05, 0x66, 0x05, 0x66, 0x05, 0x66, 0x05, 0x66, 0x05, 0x66, 0x05, 0x66,
	0x05, 0x66, 0x05, 0x66, 0x05, 0x66, 0x04, 0xC8, 0x04, 0xBA, 0x04, 0xBA, 0x04, 0xBA, 0x04, 0xBA,
	0x04, 0xBA, 0x04, 0xBA, 0x04, 0xBA, 0x04, 0xBA, 0x05, 0x66, 0x04, 0xBA, 0x04, 0xB0, 0x04, 0xB0,
	0x04, 0xB0, 0x04, 0xB0, 0x04, 0xB0, 0x04, 0xA6, 0x04, 0x9C, 0x04, 0x0A, 0x04, 0x9C, 0x04, 0x9C,
	0x0B, 0x76, 0x04, 0x04, 0x01, 0x5E, 0x0B, 0x76, 0x00, 0x01, 0x00, 0x54, 0x00, 0x01, 0x00, 0x02,
	0x00, 0x03, 0x00, 0x04, 0x00, 0x05, 0x00, 0x06, 0x00, 0x07, 0x00, 0x08, 0x00, 0x09, 0x00, 0x0A,
	0x00, 0x14, 0x00, 0x24, 0x00, 0x38, 0x00, 0x39, 0x00, 0x3A, 0x00, 0x3C, 0x00, 0x3D, 0x00, 0x45,
	0x00, 0x46, 0x00, 0x48, 0x00, 0x49, 0x00, 0x4A, 0x00, 0x4F, 0x00, 0x51, 0x00, 0x54, 0x00, 0x58,
	0x00, 0x60, 0x00, 0x61, 0x00, 0x62, 0x00, 0x63, 0x00, 0x6F, 0x00, 0x75, 0x00, 0x76, 0x00, 0x77,
	0x00, 0x78, 0x00, 0x79, 0x00, 0x7A, 0x00, 0x81, 0x00, 0x84, 0x00, 0x85, 0x00, 0x88, 0x00, 0x89,
	0x00, 0x8B, 0x00, 0x8C, 0x00, 0x8D, 0x00, 0x8E, 0x00, 0x8F, 0x00, 0x90, 0x00, 0x91, 0x00, 0xA1,
	0x00, 0xA2, 0x00, 0xA3, 0x00, 0xA4, 0x00, 0xA5, 0x00, 0xA6, 0x00, 0xA7, 0x00, 0xA8, 0x00, 0xA9,
	0x00, 0xAA, 0x00, 0xC1, 0x00, 0xD0, 0x00, 0xD1, 0x00, 0xD2, 0x00, 0xD3, 0x00, 0xD4, 0x00, 0xD5,
	0x00, 0xD7, 0x00, 0xDA, 0x00, 0xDB, 0x00, 0xDC, 0x00, 0xE3, 0x00, 0xE4, 0x00, 0xE5, 0x00, 0xE6,
	0x00, 0xE7, 0x00, 0xEA, 0x01, 0x02, 0x01, 0x08, 0x01, 0x09, 0x01, 0x0D, 0x01, 0x16, 0x01, 0x1C,
	0x01, 0x1D, 0x01, 0x1F, 0x00, 0xA9, 0x00, 0x0B, 0xFF, 0xC4, 0x00, 0x0D, 0xFF, 0xD8, 0x00, 0x0F,
	0xFF, 0xC4, 0x00, 0x10, 0xFF, 0xC4, 0x00, 0x11, 0xFF, 0xC4, 0x00, 0x12, 0xFF, 0xC4, 0x00, 0x13,
	0xFF, 0xC4, 0x00, 0x14, 0xFF, 0xD8, 0x00, 0x15, 0xFF, 0xC4, 0x00, 0x16, 0xFF, 0xC4, 0x00, 0x17,
	0xFF, 0xC4, 0x00, 0x19, 0xFF, 0xD8, 0x00, 0x1A, 0xFF, 0xC4, 0x00, 0x1B, 0xFF, 0xC4, 0x00, 0x1C,
	0xFF, 0xC4, 0x00, 0x1D, 0xFF, 0xD8, 0x00, 0x1E, 0xFF, 0xD8, 0x00, 0x1F, 0xFF, 0xC4, 0x00, 0x20,
	0xFF, 0xD8, 0x00, 0x21, 0xFF, 0xC4, 0x00, 0x22, 0xFF, 0xC4, 0x00, 0x23, 0xFF, 0xD8, 0x00, 0x25,
	0xFF, 0xC4, 0x00, 0x26, 0xFF, 0xC4, 0x00, 0x27, 0xFF, 0xC4, 0x00, 0x28, 0xFF, 0xD8, 0x00, 0x29,
	0xFF, 0xC4, 0x00, 0x2A, 0xFF, 0xC4, 0x00, 0x2B, 0xFF, 0xD8, 0x00, 0x2C, 0xFF, 0xC4, 0x00, 0x2D,
	0xFF, 0xD8, 0x00, 0x2E, 0xFF, 0xC4, 0x00, 0x31, 0xFF, 0xC4, 0x00, 0x33, 0xFF, 0xC4, 0x00, 0x34,
	0xFF, 0xC4, 0x00, 0x35, 0xFF, 0xC4, 0x00, 0x36, 0xFF, 0x4C, 0x00, 0x37, 0xFF, 0x4C, 0x00, 0x38,
	0xFF, 0xD8, 0x00, 0x39, 0xFF, 0xD8, 0x00, 0x3A, 0xFF, 0xC4, 0x00, 0x3B, 0xFF, 0xC4, 0x00, 0x3C,
	0xFF, 0xC4, 0x00, 0x3D, 0xFF, 0xC4, 0x00, 0x3E, 0xFF, 0xD8, 0x00, 0x40, 0xFF, 0xD8, 0x00, 0x41,
	0xFF, 0xC4, 0x00, 0x42, 0xFF, 0xC4, 0x00, 0x43, 0xFF, 0xD8, 0x00, 0x44, 0xFF, 0xC4, 0x00, 0x47,
	0xFF, 0xC4, 0x00, 0x4B, 0xFF, 0xC4, 0x00, 0x4C, 0xFF, 0xC4, 0x00, 0x4E, 0xFF, 0xC4, 0x00, 0x50,
	0xFF, 0xC4, 0x00, 0x51, 0xFF, 0xD8, 0x00, 0x53, 0xFF, 0xC4, 0x00, 0x55, 0xFF, 0xD8, 0x00, 0x56,
	0xFF, 0xC4, 0x00, 0x57, 0xFF, 0xC4, 0x00, 0x59, 0xFF, 0xC4, 0x00, 0x5A, 0xFF, 0xC4, 0x00, 0x5B,
	0xFF, 0xC4, 0x00, 0x5C, 0xFF, 0xC4, 0x00, 0x61, 0xFF, 0xC4, 0x00, 0x66, 0xFF, 0xC4, 0x00, 0x6A,
	0xFF, 0xC4, 0x00, 0x6B, 0xFF, 0xC4, 0x00, 0x6C, 0xFF, 0xC4, 0x00, 0x6D, 0xFF, 0xC4, 0x00, 0x6E,
	0xFF, 0xC4, 0x00, 0x7A, 0xFF, 0xC4, 0x00, 0x7F, 0xFF, 0xC4, 0x00, 0x80, 0xFF, 0xC4, 0x00, 0x81,
	0xFF, 0xC4, 0x00, 0x82, 0xFF, 0xC4, 0x00, 0x83, 0xFF, 0xC4, 0x00, 0x84, 0xFF, 0xC4, 0x00, 0x88,
	0xFF, 0x9C, 0x00, 0x89, 0xFF, 0x9C, 0x00, 0x8A, 0xFF, 0x9C, 0x00, 0x8B, 0xFF, 0x9C, 0x00, 0x8C,
	0xFF, 0x9C, 0x00, 0x8D, 0xFF, 0x9C, 0x00, 0x8E, 0xFF, 0x9C, 0x00, 0x8F, 0xFF, 0x9C, 0x00, 0x90,
	0xFF, 0x9C, 0x00, 0x91, 0xFF, 0x9C, 0x00, 0x92, 0xFF, 0xC4, 0x00, 0x93, 0xFF, 0x9C, 0x00, 0x96,
	0xFF, 0x9C, 0x00, 0x97, 0xFF, 0xC4, 0x00, 0x98, 0xFF, 0xC4, 0x00, 0x99, 0xFF, 0xC4, 0x00, 0x9A,
	0xFF, 0xC4, 0x00, 0x9B, 0xFF, 0xC4, 0x00, 0x9C, 0xFF, 0x9C, 0x00, 0x9D, 0xFF, 0xC4, 0x00, 0x9E,
	0xFF, 0xC4, 0x00, 0x9F, 0xFF, 0xC4, 0x00, 0xAC, 0xFF, 0x9C, 0x00, 0xAD, 0xFF, 0xC4, 0x00, 0xAE,
	0xFF, 0xC4, 0x00, 0xAF, 0xFF, 0xC4, 0x00, 0xB0, 0xFF, 0xD8, 0x00, 0xB1, 0xFF, 0xC4, 0x00, 0xB2,
	0xFF, 0xC4, 0x00, 0xB3, 0xFF, 0xD8, 0x00, 0xB4, 0xFF, 0xC4, 0x00, 0xB5, 0xFF, 0xC4, 0x00, 0xB6,
	0xFF, 0xC4, 0x00, 0xB7, 0xFF, 0xC4, 0x00, 0xB8, 0xFF, 0xC4, 0x00, 0xB9, 0xFF, 0xC4, 0x00, 0xBA,
	0xFF, 0xC4, 0x00, 0xBB, 0xFF, 0xC4, 0x00, 0xBC, 0xFF, 0xC4, 0x00, 0xBD, 0xFF, 0xC4, 0x00, 0xC0,
	0xFF, 0xC4, 0x00, 0xC1, 0xFF, 0xD8, 0x00, 0xC2, 0xFF, 0xC4, 0x00, 0xC3, 0xFF, 0xD8, 0x00, 0xC4,
	0xFF, 0xC4, 0x00, 0xC5, 0xFF, 0xC4, 0x00, 0xC6, 0xFF, 0xC4, 0x00, 0xC7, 0xFF, 0xC4, 0x00, 0xCB,
	0xFF, 0xC4, 0x00, 0xCC, 0xFF, 0xC4, 0x00, 0xCD, 0xFF, 0xC4, 0x00, 0xCF, 0xFF, 0xC4, 0x00, 0xD0,
	0xFF, 0x9C, 0x00, 0xD1, 0xFF, 0x9C, 0x00, 0xD2, 0xFF, 0x9C, 0x00, 0xD3, 0xFF, 0x9C, 0x00, 0xD4,
	0xFF, 0x9C, 0x00, 0xD5, 0xFF, 0x9C, 0x00, 0xD6, 0xFF, 0x9C, 0x00, 0xD7, 0xFF, 0x9C, 0x00, 0xD8,
	0xFF, 0x9C, 0x00, 0xD9, 0xFF, 0x9C, 0x00, 0xDA, 0xFF, 0x9C, 0x00, 0xDB, 0xFF, 0xC4, 0x00, 0xDE,
	0xFF, 0xC4, 0x00, 0xDF, 0xFF, 0x9C, 0x00, 0xE4, 0xFF, 0xC4, 0x00, 0xE5, 0xFF, 0xC4, 0x00, 0xE6,
	0xFF, 0xC4, 0x00, 0xE7, 0xFF, 0xC4, 0x00, 0xEB, 0xFF, 0xC4, 0x00, 0xEC, 0xFF, 0xC4, 0x00, 0xF0,
	0xFF, 0xC4, 0x00, 0xF4, 0xFF, 0xC4, 0x00, 0xF5, 0xFF, 0xC4, 0x00, 0xF6, 0xFF, 0xC4, 0x00, 0xF7,
	0xFF, 0xC4, 0x00, 0xF8, 0xFF, 0xC4, 0x00, 0xF9, 0xFF, 0xC4, 0x00, 0xFA, 0xFF, 0xC4, 0x00, 0xFB,
	0xFF, 0xC4, 0x00, 0xFF, 0xFF, 0xC4, 0x01, 0x00, 0xFF, 0xC4, 0x01, 0x01, 0xFF, 0xC4, 0x01, 0x0A,
	0xFF, 0xC4, 0x01, 0x0C, 0xFF, 0xC4, 0x01, 0x12, 0xFF, 0xC4, 0x01, 0x13, 0xFF, 0xC4, 0x01, 0x14,
	0xFF, 0xC4, 0x01, 0x15, 0xFF, 0xC4, 0x01, 0x53, 0xFF, 0xC4, 0x00, 0x01, 0x00, 0xEA, 0x00, 0x14,
	0x00, 0x24, 0x00, 0x88, 0xFF, 0xEC, 0x00, 0x89, 0xFF, 0xEC, 0x00, 0x8A, 0xFF, 0xEC, 0x00, 0x8B,
	0xFF, 0xEC, 0x00, 0x8C, 0xFF, 0xEC, 0x00, 0x8D, 0xFF, 0xEC, 0x00, 0x8E, 0xFF, 0xEC, 0x00, 0x8F,
	0xFF, 0xEC, 0x00, 0x90, 0xFF, 0xEC, 0x00, 0x91, 0xFF, 0xEC, 0x00, 0x93, 0xFF, 0xEC, 0x00, 0x96,
	0xFF, 0xCE, 0x00, 0x9C, 0xFF, 0xEC, 0x00, 0xA1, 0xFF, 0xF6, 0x00, 0xA2, 0xFF, 0xF6, 0x00, 0xA3,
	0xFF, 0xF6, 0x00, 0xA4, 0xFF, 0xF6, 0x00, 0xA5, 0xFF, 0xF6, 0x00, 0xA6, 0xFF, 0xF6, 0x00, 0xA7,
	0xFF, 0xF6, 0x00, 0xA8, 0xFF, 0xF6, 0x00, 0xA9, 0xFF, 0xF6, 0x00, 0xAA, 0xFF, 0xF6, 0x00, 0xAC,
	0xFF, 0xCE, 0x00, 0xD0, 0xFF, 0xCE, 0x00, 0xD1, 0xFF, 0xCE, 0x00, 0xD2, 0xFF, 0xCE, 0x00, 0xD3,
	0xFF, 0xCE, 0x00, 0xD4, 0xFF, 0xCE, 0x00, 0xD5, 0xFF, 0xCE, 0x00, 0xD6, 0xFF, 0xCE, 0x00, 0xD7,
	0xFF, 0xCE, 0x00, 0xD8, 0xFF, 0xCE, 0x00, 0xD9, 0xFF, 0xCE, 0x00, 0xDA, 0xFF, 0xCE, 0x00, 0xDF,
	0xFF, 0xCE, 0x00, 0x02, 0x00, 0x6F, 0xFF, 0xD8, 0x00, 0xE3, 0xFF, 0xEC, 0x00, 0x02, 0x00, 0xE3,
	0xFF, 0xEC, 0x00, 0xEA, 0xFF, 0xEC, 0x00, 0x02, 0x00, 0xE3, 0xFF, 0xF6, 0x00, 0xEA, 0xFF, 0xF6,
	0x00, 0x03, 0x00, 0x6F, 0xFF, 0x9C, 0x00, 0x75, 0xFF, 0xC4, 0x01, 0x08, 0xFF, 0xCE, 0x00, 0x27,
	0x00, 0x88, 0xFF, 0xD8, 0x00, 0x89, 0xFF, 0xD8, 0x00, 0x8A, 0xFF, 0xD8, 0x00, 0x8B, 0xFF, 0xD8,
	0x00, 0x8C, 0xFF, 0xD8, 0x00, 0x8D, 0xFF, 0xD8, 0x00, 0x8E, 0xFF, 0xD8, 0x00, 0x8F, 0xFF, 0xD8,
	0x00, 0x90, 0xFF, 0xD8, 0x00, 0x91, 0xFF, 0xD8, 0x00, 0x93, 0xFF, 0xD8, 0x00, 0x96, 0xFF, 0xC4,
	0x00, 0x9C, 0xFF, 0xD8, 0x00, 0xA1, 0xFF, 0xD8, 0x00, 0xA2, 0xFF, 0xD8, 0x00, 0xA3, 0xFF, 0xD8,
	0x00, 0xA4, 0xFF, 0xD8, 0x00, 0xA5, 0xFF, 0xD8, 0x00, 0xA6, 0xFF, 0xD8, 0x00, 0xA7, 0xFF, 0xD8,
	0x00, 0xA8, 0xFF, 0xD8, 0x00, 0xA9, 0xFF, 0xD8, 0x00, 0xAA, 0xFF, 0xD8, 0x00, 0xAC, 0xFF, 0xC4,
	0x00, 0xBE, 0xFF, 0xC4, 0x00, 0xBF, 0xFF, 0xC4, 0x00, 0xD0, 0xFF, 0xC4, 0x00, 0xD1, 0xFF, 0xC4,
	0x00, 0xD2, 0xFF, 0xC4, 0x00, 0xD3, 0xFF, 0xC4, 0x00, 0xD4, 0xFF, 0xC4, 0x00, 0xD5, 0xFF, 0xC4,
	0x00, 0xD6, 0xFF, 0xC4, 0x00, 0xD7, 0xFF, 0xC4, 0x00, 0xD8, 0xFF, 0xC4, 0x00, 0xD9, 0xFF, 0xC4,
	0x00, 0xDA, 0xFF, 0xC4, 0x00, 0xDF, 0xFF, 0xC4, 0x00, 0xE3, 0xFF, 0xEC, 0x00, 0x02, 0x00, 0xE3,
	0xFF, 0xF6, 0x01, 0x08, 0xFF, 0xF6, 0x00, 0x02, 0x00, 0x6F, 0xFF, 0xD8, 0x01, 0x08, 0xFF, 0xEC,
	0x00, 0x01, 0x00, 0xE3, 0xFF, 0x74, 0x00, 0x0E, 0x00, 0x96, 0xFF, 0xC4, 0x00, 0xAC, 0xFF, 0xC4,
	0x00, 0xD0, 0xFF, 0xC4, 0x00, 0xD1, 0xFF, 0xC4, 0x00, 0xD2, 0xFF, 0xC4, 0x00, 0xD3, 0xFF, 0xC4,
	0x00, 0xD4, 0xFF, 0xC4, 0x00, 0xD5, 0xFF, 0xC4, 0x00, 0xD6, 0xFF, 0xC4, 0x00, 0xD7, 0xFF, 0xC4,
	0x00, 0xD8, 0xFF, 0xC4, 0x00, 0xD9, 0xFF, 0xC4, 0x00, 0xDA, 0xFF, 0xC4, 0x00, 0xDF, 0xFF, 0xC4,
	0x01, 0x18, 0x00, 0x00, 0xFF, 0xB0, 0x00, 0x01, 0xFF, 0x42, 0x00, 0x02, 0xFF, 0x42, 0x00, 0x03,
	0xFF, 0x42, 0x00, 0x04, 0xFF, 0x42, 0x00, 0x05, 0xFF, 0x42, 0x00, 0x06, 0xFF, 0x42, 0x00, 0x07,
	0xFF, 0x42, 0x00, 0x08, 0xFF, 0x42, 0x00, 0x09, 0xFF, 0x42, 0x00, 0x0A, 0xFF, 0x42, 0x00, 0x0B,
	0xFF, 0xB0, 0x00, 0x0C, 0xFF, 0x42, 0x00, 0x0E, 0xFF, 0xD8, 0x00, 0x0F, 0xFF, 0xB0, 0x00, 0x10,
	0xFF, 0xB0, 0x00, 0x11, 0xFF, 0xB0, 0x00, 0x12, 0xFF, 0xB0, 0x00, 0x13, 0xFF, 0xB0, 0x00, 0x15,
	0xFF, 0xB0, 0x00, 0x16, 0xFF, 0xB0, 0x00, 0x17, 0xFF, 0xB0, 0x00, 0x1A, 0xFF, 0xB0, 0x00, 0x1B,
	0xFF, 0xB0, 0x00, 0x1C, 0xFF, 0xB0, 0x00, 0x1F, 0xFF, 0xB0, 0x00, 0x21, 0xFF, 0xB0, 0x00, 0x22,
	0xFF, 0xB0, 0x00, 0x24, 0xFF, 0xD8, 0x00, 0x25, 0xFF, 0xB0, 0x00, 0x26, 0xFF, 0xB0, 0x00, 0x27,
	0xFF, 0xB0, 0x00, 0x29, 0xFF, 0xB0, 0x00, 0x2A, 0xFF, 0xB0, 0x00, 0x2C, 0xFF, 0xB0, 0x00, 0x2E,
	0xFF, 0xB0, 0x00, 0x31, 0xFF, 0xB0, 0x00, 0x33, 0xFF, 0xB0, 0x00, 0x34, 0xFF, 0xB0, 0x00, 0x35,
	0xFF, 0xB0, 0x00, 0x36, 0xFF, 0x4C, 0x00, 0x37, 0xFF, 0x4C, 0x00, 0x3A, 0xFF, 0xB0, 0x00, 0x3B,
	0xFF, 0xB0, 0x00, 0x3C, 0xFF, 0xB0, 0x00, 0x3D, 0xFF, 0xB0, 0x00, 0x41, 0xFF, 0xB0, 0x00, 0x42,
	0xFF, 0xB0, 0x00, 0x44, 0xFF, 0xB0, 0x00, 0x45, 0xFF, 0xD8, 0x00, 0x46, 0xFF, 0xD8, 0x00, 0x47,
	0xFF, 0xB0, 0x00, 0x48, 0xFF, 0xD8, 0x00, 0x49, 0xFF, 0xD8, 0x00, 0x4A, 0xFF, 0xD8, 0x00, 0x4B,
	0xFF, 0xB0, 0x00, 0x4C, 0xFF, 0xB0, 0x00, 0x4D, 0xFF, 0xD8, 0x00, 0x4E, 0xFF, 0xB0, 0x00, 0x4F,
	0xFF, 0xD8, 0x00, 0x50, 0xFF, 0xB0, 0x00, 0x53, 0xFF, 0xB0, 0x00, 0x54, 0xFF, 0xD8, 0x00, 0x56,
	0xFF, 0xB0, 0x00, 0x57, 0xFF, 0xB0, 0x00, 0x59, 0xFF, 0xB0, 0x00, 0x5A, 0xFF, 0xB0, 0x00, 0x5B,
	0xFF, 0xB0, 0x00, 0x5C, 0xFF, 0xB0, 0x00, 0x61, 0xFF, 0xB0, 0x00, 0x66, 0xFF, 0xB0, 0x00, 0x6A,
	0xFF, 0xB0, 0x00, 0x6B, 0xFF, 0xB0, 0x00, 0x6C, 0xFF, 0xB0, 0x00, 0x6D, 0xFF, 0xB0, 0x00, 0x6E,
	0xFF, 0xB0, 0x00, 0x7A, 0xFF, 0xB0, 0x00, 0x7F, 0xFF, 0xB0, 0x00, 0x80, 0xFF, 0xB0, 0x00, 0x81,
	0xFF, 0xB0, 0x00, 0x82, 0xFF, 0xB0, 0x00, 0x83, 0xFF, 0xB0, 0x00, 0x84, 0xFF, 0xB0, 0x00, 0x88,
	0xFF, 0xB0, 0x00, 0x89, 0xFF, 0xB0, 0x00, 0x8A, 0xFF, 0xB0, 0x00, 0x8B, 0xFF, 0xB0, 0x00, 0x8C,
	0xFF, 0xB0, 0x00, 0x8D, 0xFF, 0xB0, 0x00, 0x8E, 0xFF, 0xB0, 0x00, 0x8F, 0xFF, 0xB0, 0x00, 0x90,
	0xFF, 0xB0, 0x00, 0x91, 0xFF, 0xB0, 0x00, 0x92, 0xFF, 0xB0, 0x00, 0x93, 0xFF, 0xB0, 0x00, 0x96,
	0xFF, 0x9C, 0x00, 0x97, 0xFF, 0xB0, 0x00, 0x98, 0xFF, 0xB0, 0x00, 0x99, 0xFF, 0xB0, 0x00, 0x9A,
	0xFF, 0xB0, 0x00, 0x9B, 0xFF, 0xB0, 0x00, 0x9C, 0xFF, 0xB0, 0x00, 0x9D, 0xFF, 0xB0, 0x00, 0x9E,
	0xFF, 0xB0, 0x00, 0x9F, 0xFF, 0xB0, 0x00, 0xA1, 0xFF, 0xBA, 0x00, 0xA2, 0xFF, 0xBA, 0x00, 0xA3,
	0xFF, 0xBA, 0x00, 0xA4, 0xFF, 0xBA, 0x00, 0xA5, 0xFF, 0xBA, 0x00, 0xA6, 0xFF, 0xBA, 0x00, 0xA7,
	0xFF, 0xBA, 0x00, 0xA8, 0xFF, 0xBA, 0x00, 0xA9, 0xFF, 0xBA, 0x00, 0xAA, 0xFF, 0xBA, 0x00, 0xAC,
	0xFF, 0x9C, 0x00, 0xAD, 0xFF, 0xB0, 0x00, 0xAE, 0xFF, 0xB0, 0x00, 0xAF, 0xFF, 0xB0, 0x00, 0xB1,
	0xFF, 0xB0, 0x00, 0xB2, 0xFF, 0xB0, 0x00, 0xB4, 0xFF, 0xB0, 0x00, 0xB5, 0xFF, 0xB0, 0x00, 0xB6,
	0xFF, 0xB0, 0x00, 0xB7, 0xFF, 0xB0, 0x00, 0xB8, 0xFF, 0xB0, 0x00, 0xB9, 0xFF, 0xB0, 0x00, 0xBA,
	0xFF, 0xB0, 0x00, 0xBB, 0xFF, 0xB0, 0x00, 0xBC, 0xFF, 0xB0, 0x00, 0xBD, 0xFF, 0xB0, 0x00, 0xBE,
	0xFF, 0xC4, 0x00, 0xBF, 0xFF, 0xC4, 0x00, 0xC0, 0xFF, 0xB0, 0x00, 0xC2, 0xFF, 0xB0, 0x00, 0xC4,
	0xFF, 0xB0, 0x00, 0xC5, 0xFF, 0xB0, 0x00, 0xC6, 0xFF, 0xB0, 0x00, 0xC7, 0xFF, 0xB0, 0x00, 0xCB,
	0xFF, 0xB0, 0x00, 0xCC, 0xFF, 0xB0, 0x00, 0xCD, 0xFF, 0xB0, 0x00, 0xCF, 0xFF, 0xB0, 0x00, 0xD0,
	0xFF, 0x9C, 0x00, 0xD1, 0xFF, 0x9C, 0x00, 0xD2, 0xFF, 0x9C, 0x00, 0xD3, 0xFF, 0x9C, 0x00, 0xD4,
	0xFF, 0x9C, 0x00, 0xD5, 0xFF, 0x9C, 0x00, 0xD6, 0xFF, 0x9C, 0x00, 0xD7, 0xFF, 0x9C, 0x00, 0xD8,
	0xFF, 0x9C, 0x00, 0xD9, 0xFF, 0x9C, 0x00, 0xDA, 0xFF, 0x9C, 0x00, 0xDB, 0xFF, 0xB0, 0x00, 0xDE,
	0xFF, 0xB0, 0x00, 0xDF, 0xFF, 0x9C, 0x00, 0xE3, 0xFF, 0xCE, 0x00, 0xE4, 0xFF, 0xB0, 0x00, 0xE5,
	0xFF, 0xB0, 0x00, 0xE6, 0xFF, 0xB0, 0x00, 0xE7, 0xFF, 0xB0, 0x00, 0xEB, 0xFF, 0xB0, 0x00, 0xEC,
	0xFF, 0xB0, 0x00, 0xF0, 0xFF, 0xB0, 0x00, 0xF4, 0xFF, 0xB0, 0x00, 0xF5, 0xFF, 0xB0, 0x00, 0xF6,
	0xFF, 0xB0, 0x00, 0xF7, 0xFF, 0xB0, 0x00, 0xF8, 0xFF, 0xB0, 0x00, 0xF9, 0xFF, 0xB0, 0x00, 0xFA,
	0xFF, 0xB0, 0x00, 0xFB, 0xFF, 0xB0, 0x00, 0xFF, 0xFF, 0xB0, 0x01, 0x00, 0xFF, 0xB0, 0x01, 0x01,
	0xFF, 0xB0, 0x01, 0x02, 0xFF, 0xD8, 0x01, 0x09, 0xFF, 0xD8, 0x01, 0x0A, 0xFF, 0xB0, 0x01, 0x0B,
	0xFF, 0xD8, 0x01, 0x0C, 0xFF, 0xB0, 0x01, 0x0D, 0xFF, 0xD8, 0x01, 0x12, 0xFF, 0xB0, 0x01, 0x13,
	0xFF, 0xB0, 0x01, 0x14, 0xFF, 0xB0, 0x01, 0x15, 0xFF, 0xB0, 0x01, 0x16, 0xFF, 0xD8, 0x01, 0x1C,
	0xFF, 0xD8, 0x01, 0x20, 0xFF, 0xB0, 0x01, 0x21, 0xFF, 0xB0, 0x01, 0x22, 0xFF, 0xB0, 0x01, 0x23,
	0xFF, 0xB0, 0x01, 0x24, 0xFF, 0xB0, 0x01, 0x25, 0xFF, 0xB0, 0x01, 0x26, 0xFF, 0xB0, 0x01, 0x29,
	0xFF, 0xB0, 0x01, 0x2A, 0xFF, 0xB0, 0x01, 0x2B, 0xFF, 0xB0, 0x01, 0x2C, 0xFF, 0xB0, 0x01, 0x2D,
	0xFF, 0xB0, 0x01, 0x2E, 0xFF, 0xB0, 0x01, 0x2F, 0xFF, 0xB0, 0x01, 0x31, 0xFF, 0xB0, 0x01, 0x32,
	0xFF, 0xB0, 0x01, 0x33, 0xFF, 0xB0, 0x01, 0x34, 0xFF, 0xB0, 0x01, 0x35, 0xFF, 0xB0, 0x01, 0x36,
	0xFF, 0xB0, 0x01, 0x37, 0xFF, 0xB0, 0x01, 0x38, 0xFF, 0xB0, 0x01, 0x39, 0xFF, 0xB0, 0x01, 0x3C,
	0xFF, 0xB0, 0x01, 0x3D, 0xFF, 0xB0, 0x01, 0x3E, 0xFF, 0xB0, 0x01, 0x3F, 0xFF, 0xB0, 0x01, 0x40,
	0xFF, 0xB0, 0x01, 0x41, 0xFF, 0xB0, 0x01, 0x42, 0xFF, 0xB0, 0x01, 0x43, 0xFF, 0xB0, 0x01, 0x44,
	0xFF, 0xB0, 0x01, 0x45, 0xFF, 0xB0, 0x01, 0x46, 0xFF, 0xB0, 0x01, 0x47, 0xFF, 0xB0, 0x01, 0x48,
	0xFF, 0xB0, 0x01, 0x49, 0xFF, 0xB0, 0x01, 0x4A, 0xFF, 0xB0, 0x01, 0x4B, 0xFF, 0xB0, 0x01, 0x4C,
	0xFF, 0xB0, 0x01, 0x4D, 0xFF, 0xB0, 0x01, 0x4E, 0xFF, 0xB0, 0x01, 0x4F, 0xFF, 0xB0, 0x01, 0x50,
	0xFF, 0xB0, 0x01, 0x51, 0xFF, 0xB0, 0x01, 0x52, 0xFF, 0xB0, 0x01, 0x53, 0xFF, 0xB0, 0x01, 0x54,
	0xFF, 0xB0, 0x01, 0x55, 0xFF, 0xB0, 0x01, 0x56, 0xFF, 0xB0, 0x01, 0x57, 0xFF, 0xB0, 0x01, 0x58,
	0xFF, 0xB0, 0x01, 0x59, 0xFF, 0xB0, 0x01, 0x5B, 0xFF, 0xB0, 0x01, 0x5C, 0xFF, 0xB0, 0x01, 0x5D,
	0xFF, 0xB0, 0x01, 0x5E, 0xFF, 0xB0, 0x01, 0x5F, 0xFF, 0xB0, 0x01, 0x60, 0xFF, 0xB0, 0x01, 0x61,
	0xFF, 0xB0, 0x01, 0x62, 0xFF, 0xB0, 0x01, 0x63, 0xFF, 0xB0, 0x01, 0x64, 0xFF, 0xB0, 0x01, 0x66,
	0xFF, 0xB0, 0x01, 0x67, 0xFF, 0xB0, 0x01, 0x68, 0xFF, 0xB0, 0x01, 0x69, 0xFF, 0xB0, 0x01, 0x6A,
	0xFF, 0xB0, 0x01, 0x6B, 0xFF, 0xB0, 0x01, 0x6C, 0xFF, 0xB0, 0x01, 0x6D, 0xFF, 0xB0, 0x01, 0x6E,
	0xFF, 0xB0, 0x01, 0x6F, 0xFF, 0xB0, 0x01, 0x70, 0xFF, 0xB0, 0x01, 0x71, 0xFF, 0xB0, 0x01, 0x72,
	0xFF, 0xB0, 0x01, 0x73, 0xFF, 0xB0, 0x01, 0x74, 0xFF, 0xB0, 0x01, 0x75, 0xFF, 0xB0, 0x01, 0x86,
	0xFF, 0xB0, 0x01, 0x87, 0xFF, 0xB0, 0x01, 0x88, 0xFF, 0xB0, 0x01, 0x89, 0xFF, 0xB0, 0x01, 0x8A,
	0xFF, 0xB0, 0x01, 0x8B, 0xFF, 0xB0, 0x01, 0x8C, 0xFF, 0xB0, 0x01, 0x8D, 0xFF, 0xB0, 0x01, 0x8E,
	0xFF, 0xB0, 0x01, 0x8F, 0xFF, 0xB0, 0x01, 0x90, 0xFF, 0xB0, 0x01, 0x91, 0xFF, 0xB0, 0x01, 0x92,
	0xFF, 0xB0, 0x00, 0x01, 0x00, 0xE3, 0xFF, 0x9C, 0x00, 0x29, 0x00, 0x01, 0xFF, 0x9C, 0x00, 0x02,
	0xFF, 0x9C, 0x00, 0x03, 0xFF, 0x9C, 0x00, 0x04, 0xFF, 0x9C, 0x00, 0x05, 0xFF, 0x9C, 0x00, 0x06,
	0xFF, 0x9C, 0x00, 0x07, 0xFF, 0x9C, 0x00, 0x08, 0xFF, 0x9C, 0x00, 0x09, 0xFF, 0x9C, 0x00, 0x0A,
	0xFF, 0x9C, 0x00, 0x0C, 0xFF, 0x9C, 0x00, 0x36, 0xFF, 0x24, 0x00, 0x37, 0xFF, 0x24, 0x00, 0x88,
	0xFF, 0xEC, 0x00, 0x89, 0xFF, 0xEC, 0x00, 0x8A, 0xFF, 0xEC, 0x00, 0x8B, 0xFF, 0xEC, 0x00, 0x8C,
	0xFF, 0xEC, 0x00, 0x8D, 0xFF, 0xEC, 0x00, 0x8E, 0xFF, 0xEC, 0x00, 0x8F, 0xFF, 0xEC, 0x00, 0x90,
	0xFF, 0xEC, 0x00, 0x91, 0xFF, 0xEC, 0x00, 0x93, 0xFF, 0xEC, 0x00, 0x96, 0xFF, 0xD8, 0x00, 0x9C,
	0xFF, 0xEC, 0x00, 0xAC, 0xFF, 0xD8, 0x00, 0xBE, 0xFF, 0xC4, 0x00, 0xBF, 0xFF, 0xC4, 0x00, 0xD0,
	0xFF, 0xD8, 0x00, 0xD1, 0xFF, 0xD8, 0x00, 0xD2, 0xFF, 0xD8, 0x00, 0xD3, 0xFF, 0xD8, 0x00, 0xD4,
	0xFF, 0xD8, 0x00, 0xD5, 0xFF, 0xD8, 0x00, 0xD6, 0xFF, 0xD8, 0x00, 0xD7, 0xFF, 0xD8, 0x00, 0xD8,
	0xFF, 0xD8, 0x00, 0xD9, 0xFF, 0xD8, 0x00, 0xDA, 0xFF, 0xD8, 0x00, 0xDF, 0xFF, 0xD8, 0x00, 0x01,
	0x00, 0x6F, 0xFF, 0x60, 0x00, 0x27, 0x00, 0x88, 0xFF, 0xB0, 0x00, 0x89, 0xFF, 0xB0, 0x00, 0x8A,
	0xFF, 0xB0, 0x00, 0x8B, 0xFF, 0xB0, 0x00, 0x8C, 0xFF, 0xB0, 0x00, 0x8D, 0xFF, 0xB0, 0x00, 0x8E,
	0xFF, 0xB0, 0x00, 0x8F, 0xFF, 0xB0, 0x00, 0x90, 0xFF, 0xB0, 0x00, 0x91, 0xFF, 0xB0, 0x00, 0x93,
	0xFF, 0xB0, 0x00, 0x96, 0xFF, 0xB0, 0x00, 0x9C, 0xFF, 0xB0, 0x00, 0xA1, 0xFF, 0xB0, 0x00, 0xA2,
	0xFF, 0xB0, 0x00, 0xA3, 0xFF, 0xB0, 0x00, 0xA4, 0xFF, 0xB0, 0x00, 0xA5, 0xFF, 0xB0, 0x00, 0xA6,
	0xFF, 0xB0, 0x00, 0xA7, 0xFF, 0xB0, 0x00, 0xA8, 0xFF, 0xB0, 0x00, 0xA9, 0xFF, 0xB0, 0x00, 0xAA,
	0xFF, 0xB0, 0x00, 0xAC, 0xFF, 0xB0, 0x00, 0xBE, 0xFF, 0x9C, 0x00, 0xBF, 0xFF, 0x9C, 0x00, 0xD0,
	0xFF, 0xB0, 0x00, 0xD1, 0xFF, 0xB0, 0x00, 0xD2, 0xFF, 0xB0, 0x00, 0xD3, 0xFF, 0xB0, 0x00, 0xD4,
	0xFF, 0xB0, 0x00, 0xD5, 0xFF, 0xB0, 0x00, 0xD6, 0xFF, 0xB0, 0x00, 0xD7, 0xFF, 0xB0, 0x00, 0xD8,
	0xFF, 0xB0, 0x00, 0xD9, 0xFF, 0xB0, 0x00, 0xDA, 0xFF, 0xB0, 0x00, 0xDF, 0xFF, 0xB0, 0x00, 0xE3,
	0xFF, 0xC4, 0x00, 0x02, 0x00, 0xEA, 0x00, 0x14, 0x01, 0x1D, 0xFF, 0xD8, 0x00, 0x01, 0x00, 0x6F,
	0xFF, 0xD8, 0x00, 0x01, 0x00, 0x6F, 0xFF, 0x42, 0x00, 0x02, 0x00, 0x66, 0x00, 0x00, 0x03, 0x9A,
	0x04, 0x44, 0x00, 0x03, 0x00, 0x07, 0x00, 0x29, 0x40, 0x26, 0x00, 0x00, 0x00, 0x02, 0x03, 0x00,
	0x02, 0x67, 0x04, 0x01, 0x03, 0x01, 0x01, 0x03, 0x57, 0x04, 0x01, 0x03, 0x03, 0x01, 0x5F, 0x00,
	0x01, 0x03, 0x01, 0x4F, 0x04, 0x04, 0x04, 0x07, 0x04, 0x07, 0x12, 0x11, 0x10, 0x05, 0x06, 0x19,
	0x2B, 0x13, 0x21, 0x11, 0x21, 0x25, 0x11, 0x21, 0x11, 0x66, 0x03, 0x34, 0xFC, 0xCC, 0x02, 0xCE,
	0xFD, 0x98, 0x04, 0x44, 0xFB, 0xBC, 0x66, 0x03, 0x78, 0xFC, 0x88, 0x00, 0x00, 0x01, 0x00, 0x28,
	0x00, 0x00, 0x05, 0x29, 0x05, 0x8E, 0x00, 0x0A, 0x00, 0x25, 0x40, 0x22, 0x08, 0x01, 0x03, 0x00,
	0x01, 0x4C, 0x00, 0x03, 0x00, 0x02, 0x01, 0x03, 0x02, 0x68, 0x00, 0x00, 0x00, 0x11, 0x4D, 0x04,
	0x01, 0x01, 0x01, 0x12, 0x01, 0x4E, 0x12, 0x11, 0x11, 0x11, 0x10, 0x05, 0x07, 0x1B, 0x2B, 0x01,
	0x21, 0x01, 0x23, 0x03, 0x21, 0x37, 0x33, 0x03, 0x01, 0x23, 0x02, 0x25, 0x01, 0x07, 0x01, 0xFD,
	0xE1, 0x9B, 0xFE, 0x73, 0x4C, 0xF5, 0xB8, 0xFE, 0x60, 0xE1, 0x05, 0x8E, 0xFA, 0x72, 0x01, 0xAC,
	0xD2, 0x01, 0xFC, 0xFB, 0x86, 0x00, 0x00, 0x02, 0x00, 0x28, 0x00, 0x00, 0x05, 0x29, 0x07, 0xAE,
	0x00, 0x03, 0x00, 0x0E, 0x00, 0x2B, 0x40, 0x28, 0x0C, 0x01, 0x03, 0x00, 0x01, 0x4C, 0x03, 0x02,
	0x01, 0x03, 0x00, 0x4A, 0x00, 0x03, 0x00, 0x02, 0x01, 0x03, 0x02, 0x68, 0x00, 0x00, 0x00, 0x11,
	0x4D, 0x04, 0x01, 0x01, 0x01, 0x12, 0x01, 0x4E, 0x12, 0x11, 0x11, 0x11, 0x14, 0x05, 0x07, 0x1B,
	0x2B, 0x01, 0x17, 0x03, 0x27, 0x07, 0x21, 0x01, 0x23, 0x03, 0x21, 0x37, 0x33, 0x03, 0x01, 0x23,
	0x02, 0xB8, 0xB7, 0xC6, 0x72, 0x12, 0x01, 0x07, 0x01, 0xFD, 0xE1, 0x9B, 0xFE, 0x73, 0x4C, 0xF5,
	0xB8, 0xFE, 0x60, 0xE1, 0x07, 0xAE, 0x58, 0xFE, 0xB2, 0x35, 0xAF, 0xFA, 0x72, 0x01, 0xAC, 0xD2,
	0x01, 0xFC, 0xFB, 0x86, 0x00, 0x02, 0x00, 0x28, 0x00, 0x00, 0x05, 0x29, 0x07, 0x34, 0x00, 0x0F,
	0x00, 0x1A, 0x00, 0x42, 0x40, 0x3F, 0x18, 0x01, 0x07, 0x04, 0x01, 0x4C, 0x09, 0x03, 0x02, 0x01,
	0x00, 0x01, 0x85, 0x00, 0x00, 0x00, 0x02, 0x04, 0x00, 0x02, 0x69, 0x00, 0x07, 0x00, 0x06, 0x05,
	0x07, 0x06, 0x68, 0x00, 0x04, 0x04, 0x11, 0x4D, 0x08, 0x01, 0x05, 0x05, 0x12, 0x05, 0x4E, 0x00,
	0x00, 0x1A, 0x19, 0x17, 0x16, 0x15, 0x14, 0x13, 0x12, 0x11, 0x10, 0x00, 0x0F, 0x00, 0x0F, 0x23,
	0x12, 0x22, 0x0A, 0x07, 0x19, 0x2B, 0x01, 0x14, 0x16, 0x33, 0x32, 0x36, 0x35, 0x33, 0x14, 0x06,
	0x06, 0x23, 0x22, 0x26, 0x26, 0x35, 0x13, 0x21, 0x01, 0x23, 0x03, 0x21, 0x37, 0x33, 0x03, 0x01,
	0x23, 0x02, 0x05, 0x61, 0x43, 0x44, 0x60, 0x86, 0x51, 0x87, 0x52, 0x52, 0x87, 0x51, 0xA6, 0x01,
	0x07, 0x01, 0xFD, 0xE1, 0x9B, 0xFE, 0x73, 0x4C, 0xF5, 0xB8, 0xFE, 0x60, 0xE1, 0x07, 0x34, 0x43,
	0x61, 0x61, 0x43, 0x52, 0x87, 0x51, 0x51, 0x87, 0x52, 0xFE, 0x5A, 0xFA, 0x72, 0x01, 0xAC, 0xD2,
	0x01, 0xFC, 0xFB, 0x86, 0x00, 0x02, 0x00, 0x28, 0x00, 0x00, 0x05, 0x29, 0x07, 0x3C, 0x00, 0x06,
	0x00, 0x11, 0x00, 0x37, 0x40, 0x34, 0x04, 0x01, 0x01, 0x00, 0x0F, 0x01, 0x06, 0x03, 0x02, 0x4C,
	0x00, 0x00, 0x01, 0x00, 0x85, 0x02, 0x01, 0x01, 0x03, 0x01, 0x85, 0x00, 0x06, 0x00, 0x05, 0x04,
	0x06, 0x05, 0x68, 0x00, 0x03, 0x03, 0x11, 0x4D, 0x07, 0x01, 0x04, 0x04, 0x12, 0x04, 0x4E, 0x12,
	0x11, 0x11, 0x11, 0x11, 0x12, 0x11, 0x10, 0x08, 0x07, 0x1E, 0x2B, 0x01, 0x33, 0x13, 0x23, 0x27,
	0x07, 0x23, 0x17, 0x21, 0x01, 0x23, 0x03, 0x21, 0x37, 0x33, 0x03, 0x01, 0x23, 0x02, 0x5C, 0x9B,
	0xEA, 0x8D, 0xAB, 0xAA, 0x8D, 0xB3, 0x01, 0x07, 0x01, 0xFD, 0xE1, 0x9B, 0xFE, 0x73, 0x4C, 0xF5,
	0xB8, 0xFE, 0x60, 0xE1, 0x07, 0x3C, 0xFE, 0xCB, 0xAC, 0xAC, 0x79, 0xFA, 0x72, 0x01, 0xAC, 0xD2,
	0x01, 0xFC, 0xFB, 0x86, 0x00, 0x03, 0x00, 0x28, 0x00, 0x00, 0x05, 0x29, 0x06, 0xE6, 0x00, 0x0B,
	0x00, 0x17, 0x00, 0x22, 0x00, 0x33, 0x40, 0x30, 0x20, 0x01, 0x07, 0x04, 0x01, 0x4C, 0x02, 0x01,
	0x00, 0x03, 0x01, 0x01, 0x04, 0x00, 0x01, 0x69, 0x00, 0x07, 0x00, 0x06, 0x05, 0x07, 0x06, 0x68,
	0x00, 0x04, 0x04, 0x11, 0x4D, 0x08, 0x01, 0x05, 0x05, 0x12, 0x05, 0x4E, 0x12, 0x11, 0x11, 0x11,
	0x12, 0x24, 0x24, 0x24, 0x22, 0x09, 0x07, 0x1F, 0x2B, 0x01, 0x34, 0x36, 0x33, 0x32, 0x16, 0x15,
	0x14, 0x06, 0x23, 0x22, 0x26, 0x25, 0x34, 0x36, 0x33, 0x32, 0x16, 0x15, 0x14, 0x06, 0x23, 0x22,
	0x26, 0x07, 0x21, 0x01, 0x23, 0x03, 0x21, 0x37, 0x33, 0x03, 0x01, 0x23, 0x01, 0x91, 0x40, 0x2E,
	0x2F, 0x40, 0x40, 0x2F, 0x2E, 0x40, 0x01, 0x54, 0x40, 0x2E, 0x2F, 0x40, 0x40, 0x2F, 0x2E, 0x40,
	0xC0, 0x01, 0x07, 0x01, 0xFD, 0xE1, 0x9B, 0xFE, 0x73, 0x4C, 0xF5, 0xB8, 0xFE, 0x60, 0xE1, 0x06,
	0x77, 0x2F, 0x40, 0x40, 0x2F, 0x2E, 0x40, 0x40, 0x2E, 0x2F, 0x40, 0x40, 0x2F, 0x2E, 0x40, 0x40,
	0xBB, 0xFA, 0x72, 0x01, 0xAC, 0xD2, 0x01, 0xFC, 0xFB, 0x86, 0x00, 0x02, 0x00, 0x28, 0x00, 0x00,
	0x05, 0x29, 0x07, 0xAE, 0x00, 0x03, 0x00, 0x0E, 0x00, 0x2B, 0x40, 0x28, 0x0C, 0x01, 0x03, 0x00,
	0x01, 0x4C, 0x03, 0x02, 0x01, 0x03, 0x00, 0x4A, 0x00, 0x03, 0x00, 0x02, 0x01, 0x03, 0x02, 0x68,
	0x00, 0x00, 0x00, 0x11, 0x4D, 0x04, 0x01, 0x01, 0x01, 0x12, 0x01, 0x4E, 0x12, 0x11, 0x11, 0x11,
	0x14, 0x05, 0x07, 0x1B, 0x2B, 0x01, 0x13, 0x07, 0x03, 0x13, 0x21, 0x01, 0x23, 0x03, 0x21, 0x37,
	0x33, 0x03, 0x01, 0x23, 0x02, 0x9A, 0x81, 0x72, 0xC6, 0x42, 0x01, 0x07, 0x01, 0xFD, 0xE1, 0x9B,
	0xFE, 0x73, 0x4C, 0xF5, 0xB8, 0xFE, 0x60, 0xE1, 0x07, 0xAE, 0xFE, 0x8F, 0x35, 0x01, 0x4E, 0xFE,
	0x38, 0xFA, 0x72, 0x01, 0xAC, 0xD2, 0x01, 0xFC, 0xFB, 0x86, 0x00, 0x02, 0x00, 0x28, 0x00, 0x00,
	0x05, 0x29, 0x06, 0x9B, 0x00, 0x03, 0x00, 0x0E, 0x00, 0x2F, 0x40, 0x2C, 0x0C, 0x01, 0x05, 0x02,
	0x01, 0x4C, 0x00, 0x00, 0x00, 0x01, 0x02, 0x00, 0x01, 0x67, 0x00, 0x05, 0x00, 0x04, 0x03, 0x05,
	0x04, 0x68, 0x00, 0x02, 0x02, 0x11, 0x4D, 0x06, 0x01, 0x03, 0x03, 0x12, 0x03, 0x4E, 0x12, 0x11,
	0x11, 0x11, 0x11, 0x11, 0x10, 0x07, 0x07, 0x1D, 0x2B, 0x01, 0x21, 0x15, 0x21, 0x17, 0x21, 0x01,
	0x23, 0x03, 0x21, 0x37, 0x33, 0x03, 0x01, 0x23, 0x01, 0x7E, 0x02, 0x55, 0xFD, 0xAB, 0xA7, 0x01,
	0x07, 0x01, 0xFD, 0xE1, 0x9B, 0xFE, 0x73, 0x4C, 0xF5, 0xB8, 0xFE, 0x60, 0xE1, 0x06, 0x9B, 0x93,
	0x7A, 0xFA, 0x72, 0x01, 0xAC, 0xD2, 0x01, 0xFC, 0xFB, 0x86, 0x00, 0x01, 0x00, 0x28, 0xFE, 0xCD,
	0x05, 0x70, 0x05, 0x8E, 0x00, 0x1B, 0x00, 0x38, 0x40, 0x35, 0x08, 0x01, 0x02, 0x04, 0x16, 0x01,
	0x06, 0x00, 0x17, 0x01, 0x07, 0x06, 0x03, 0x4C, 0x00, 0x02, 0x00, 0x01, 0x00, 0x02, 0x01, 0x68,
	0x00, 0x06, 0x00, 0x07, 0x06, 0x07, 0x65, 0x00, 0x04, 0x04, 0x11, 0x4D, 0x05, 0x03, 0x02, 0x00,
	0x00, 0x12, 0x00, 0x4E, 0x26, 0x14, 0x11, 0x11, 0x12, 0x11, 0x11, 0x12, 0x08, 0x07, 0x1E, 0x2B,
	0x05, 0x34, 0x37, 0x23, 0x03, 0x21, 0x37, 0x33, 0x03, 0x01, 0x23, 0x01, 0x21, 0x01, 0x23, 0x06,
	0x06, 0x15, 0x14, 0x33, 0x32, 0x36, 0x37, 0x15, 0x06, 0x06, 0x23, 0x22, 0x04, 0x42, 0x28, 0x22,
	0x9B, 0xFE, 0x73, 0x4C, 0xF5, 0xB8, 0xFE, 0x60, 0xE1, 0x01, 0xFD, 0x01, 0x07, 0x01, 0xFD, 0x2B,
	0x17, 0x0E, 0x29, 0x0D, 0x24, 0x3D, 0x42, 0x3B, 0x19, 0x98, 0xB1, 0x47, 0x6A, 0x01, 0xAC, 0xD2,
	0x01, 0xFC, 0xFB, 0x86, 0x05, 0x8E, 0xFA, 0x72, 0x3F, 0x30, 0x0F, 0x1F, 0x04, 0x0A, 0x94, 0x0A,
	0x06, 0x00, 0x00, 0x03, 0x00, 0x28, 0x00, 0x00, 0x05, 0x29, 0x07, 0x85, 0x00, 0x0F, 0x00, 0x1F,
	0x00, 0x2A, 0x00, 0x39, 0x40, 0x36, 0x28, 0x01, 0x07, 0x04, 0x01, 0x4C, 0x00, 0x00, 0x00, 0x03,
	0x02, 0x00, 0x03, 0x69, 0x00, 0x02, 0x00, 0x01, 0x04, 0x02, 0x01, 0x69, 0x00, 0x07, 0x00, 0x06,
	0x05, 0x07, 0x06, 0x68, 0x00, 0x04, 0x04, 0x11, 0x4D, 0x08, 0x01, 0x05, 0x05, 0x12, 0x05, 0x4E,
	0x12, 0x11, 0x11, 0x11, 0x13, 0x35, 0x35, 0x35, 0x32, 0x09, 0x07, 0x1F, 0x2B, 0x01, 0x34, 0x36,
	0x33, 0x33, 0x32, 0x16, 0x15, 0x15, 0x14, 0x06, 0x23, 0x23, 0x22, 0x26, 0x35, 0x33, 0x14, 0x16,
	0x33, 0x33, 0x32, 0x36, 0x35, 0x35, 0x34, 0x26, 0x23, 0x23, 0x22, 0x06, 0x15, 0x03, 0x21, 0x01,
	0x23, 0x03, 0x21, 0x37, 0x33, 0x03, 0x01, 0x23, 0x01, 0xEB, 0x64, 0x46, 0x28, 0x47, 0x63, 0x63,
	0x47, 0x28, 0x46, 0x64, 0x76, 0x1E, 0x16, 0x28, 0x16, 0x1E, 0x1E, 0x16, 0x28, 0x16, 0x1E, 0x3C,
	0x01, 0x07, 0x01, 0xFD, 0xE1, 0x9B, 0xFE, 0x73, 0x4C, 0xF5, 0xB8, 0xFE, 0x60, 0xE1, 0x06, 0xDC,
	0x47, 0x62, 0x62, 0x47, 0x2B, 0x46, 0x63, 0x63, 0x46, 0x15, 0x1E, 0x1E, 0x15, 0x2B, 0x15, 0x1E,
	0x1E, 0x15, 0xFE, 0xB2, 0xFA, 0x72, 0x01, 0xAC, 0xD2, 0x01, 0xFC, 0xFB, 0x86, 0x00, 0x00, 0x02,
	0x00, 0x28, 0x00, 0x00, 0x05, 0x29, 0x06, 0xED, 0x00, 0x17, 0x00, 0x22, 0x00, 0x48, 0x40, 0x45,
	0x20, 0x01, 0x09, 0x06, 0x01, 0x4C, 0x02, 0x01, 0x00, 0x00, 0x04, 0x03, 0x00, 0x04, 0x69, 0x00,
	0x01, 0x0B, 0x05, 0x02, 0x03, 0x06, 0x01, 0x03, 0x6A, 0x00, 0x09, 0x00, 0x08, 0x07, 0x09, 0x08,
	0x68, 0x00, 0x06, 0x06, 0x11, 0x4D, 0x0A, 0x01, 0x07, 0x07, 0x12, 0x07, 0x4E, 0x00, 0x00, 0x22,
	0x21, 0x1F, 0x1E, 0x1D, 0x1C, 0x1B, 0x1A, 0x19, 0x18, 0x00, 0x17, 0x00, 0x17, 0x24, 0x22, 0x11,
	0x24, 0x22, 0x0C, 0x07, 0x1B, 0x2B, 0x01, 0x36, 0x36, 0x33, 0x32, 0x16, 0x17, 0x16, 0x16, 0x33,
	0x32, 0x35, 0x33, 0x14, 0x06, 0x23, 0x22, 0x26, 0x27, 0x26, 0x26, 0x23, 0x22, 0x15, 0x17, 0x21,
	0x01, 0x23, 0x03, 0x21, 0x37, 0x33, 0x03, 0x01, 0x23, 0x01, 0x5F, 0x01, 0x6D, 0x54, 0x17, 0x39,
	0x33, 0x37, 0x35, 0x17, 0x2D, 0x9D, 0x70, 0x50, 0x17, 0x39, 0x35, 0x38, 0x36, 0x17, 0x2D, 0x2B,
	0x01, 0x07, 0x01, 0xFD, 0xE1, 0x9B, 0xFE, 0x73, 0x4C, 0xF5, 0xB8, 0xFE, 0x60, 0xE1, 0x06, 0x10,
	0x60, 0x7D, 0x10, 0x15, 0x16, 0x10, 0x46, 0x5D, 0x83, 0x12, 0x16, 0x18, 0x11, 0x49, 0x82, 0xFA,
	0x72, 0x01, 0xAC, 0xD2, 0x01, 0xFC, 0xFB, 0x86, 0x00, 0x02, 0x00, 0x28, 0x00, 0x00, 0x07, 0x84,
	0x05, 0x8E, 0x00, 0x0F, 0x00, 0x13, 0x00, 0x38, 0x40, 0x35, 0x00, 0x08, 0x00, 0x09, 0x04, 0x08,
	0x09, 0x67, 0x00, 0x05, 0x00, 0x04, 0x02, 0x05, 0x04, 0x67, 0x06, 0x01, 0x01, 0x01, 0x00, 0x5F,
	0x00, 0x00, 0x00, 0x11, 0x4D, 0x00, 0x02, 0x02, 0x03, 0x5F, 0x07, 0x01, 0x03, 0x03, 0x12, 0x03,
	0x4E, 0x13, 0x12, 0x11, 0x11, 0x11, 0x11, 0x11, 0x11, 0x11, 0x11, 0x10, 0x0A, 0x07, 0x1F, 0x2B,
	0x01, 0x21, 0x15, 0x21, 0x11, 0x21, 0x15, 0x21, 0x11, 0x21, 0x37, 0x33, 0x11, 0x23, 0x01, 0x23,
	0x01, 0x21, 0x15, 0x21, 0x02, 0x15, 0x05, 0x6F, 0xFC, 0x81, 0x03, 0x7F, 0xFB, 0xAF, 0xFE, 0xE2,
	0x49, 0xD5, 0x86, 0xFE, 0x5B, 0xE0, 0x04, 0x57, 0x03, 0x04, 0xFC, 0xFC, 0x05, 0x8E, 0xD2, 0xFC,
	0x17, 0xD3, 0x01, 0xAC, 0xD2, 0x02, 0x3E, 0xFB, 0x44, 0x03, 0x4D, 0xD2, 0x00, 0x03, 0x00, 0x28,
	0x00, 0x00, 0x07, 0x84, 0x07, 0xAE, 0x00, 0x03, 0x00, 0x13, 0x00, 0x17, 0x00, 0x3E, 0x40, 0x3B,
	0x03, 0x02, 0x01, 0x03, 0x00, 0x4A, 0x00, 0x08, 0x00, 0x09, 0x04, 0x08, 0x09, 0x67, 0x00, 0x05,
	0x00, 0x04, 0x02, 0x05, 0x04, 0x67, 0x06, 0x01, 0x01, 0x01, 0x00, 0x5F, 0x00, 0x00, 0x00, 0x11,
	0x4D, 0x00, 0x02, 0x02, 0x03, 0x5F, 0x07, 0x01, 0x03, 0x03, 0x12, 0x03, 0x4E, 0x17, 0x16, 0x11,
	0x11, 0x11, 0x11, 0x11, 0x11, 0x11, 0x11, 0x14, 0x0A, 0x07, 0x1F, 0x2B, 0x01, 0x17, 0x03, 0x27,
	0x05, 0x21, 0x15, 0x21, 0x11, 0x21, 0x15, 0x21, 0x11, 0x21, 0x37, 0x33, 0x11, 0x23, 0x01, 0x23,
	0x01, 0x21, 0x15, 0x21, 0x04, 0x0D, 0xB7, 0xC6, 0x72, 0xFE, 0x89, 0x05, 0x6F, 0xFC, 0x81, 0x03,
	0x7F, 0xFB, 0xAF, 0xFE, 0xE2, 0x49, 0xD5, 0x86, 0xFE, 0x5B, 0xE0, 0x04, 0x57, 0x03, 0x04, 0xFC,
	0xFC, 0x07, 0xAE, 0x58, 0xFE, 0xB2, 0x35, 0xAF, 0xD2, 0xFC, 0x17, 0xD3, 0x01, 0xAC, 0xD2, 0x02,
	0x3E, 0xFB, 0x44, 0x03, 0x4D, 0xD2, 0x00, 0x02, 0x00, 0x8C, 0x00, 0x00, 0x05, 0x12, 0x05, 0x8E,
	0x00, 0x11, 0x00, 0x25, 0x00, 0x38, 0x40, 0x35, 0x08, 0x01, 0x03, 0x04, 0x01, 0x4C, 0x00, 0x04,
	0x00, 0x03, 0x02, 0x04, 0x03, 0x67, 0x00, 0x05, 0x05, 0x00, 0x5F, 0x00, 0x00, 0x00, 0x11, 0x4D,
	0x06, 0x01, 0x02, 0x02, 0x01, 0x5F, 0x00, 0x01, 0x01, 0x12, 0x01, 0x4E, 0x13, 0x12, 0x24, 0x22,
	0x1D, 0x1B, 0x1A, 0x18, 0x12, 0x25, 0x13, 0x25, 0x2D, 0x20, 0x07, 0x07, 0x18, 0x2B, 0x13, 0x21,
	0x32, 0x16, 0x16, 0x15, 0x15, 0x14, 0x07, 0x16, 0x16, 0x15, 0x15, 0x14, 0x06, 0x06, 0x23, 0x21,
	0x25, 0x32, 0x36, 0x35, 0x35, 0x34, 0x26, 0x23, 0x21, 0x35, 0x21, 0x32, 0x36, 0x35, 0x35, 0x34,
	0x26, 0x23, 0x21, 0x11, 0x8C, 0x02, 0xED, 0x63, 0xA0, 0x5F, 0x50, 0x47, 0x40, 0x5F, 0xA0, 0x61,
	0xFC, 0xDA, 0x03, 0x28, 0x3A, 0x52, 0x52, 0x3B, 0xFE, 0x24, 0x01, 0xA2, 0x3B, 0x55, 0x55, 0x3B,
	0xFD, 0xE6, 0x05, 0x8E, 0x5E, 0x9E, 0x62, 0x5D, 0x8B, 0x48, 0x2E, 0x7F, 0x5F, 0x9D, 0x5E, 0x9C,
	0x5D, 0xD3, 0x4F, 0x38, 0x9D, 0x38, 0x50, 0xD2, 0x4D, 0x37, 0x5B, 0x3A, 0x52, 0xFC, 0x17, 0x00,
	0x00, 0x01, 0x00, 0x78, 0x00, 0x00, 0x04, 0xF7, 0x05, 0x8E, 0x00, 0x15, 0x00, 0x1F, 0x40, 0x1C,
	0x00, 0x01, 0x01, 0x00, 0x5F, 0x00, 0x00, 0x00, 0x11, 0x4D, 0x00, 0x02, 0x02, 0x03, 0x5F, 0x00,
	0x03, 0x03, 0x12, 0x03, 0x4E, 0x21, 0x25, 0x21, 0x23, 0x04, 0x07, 0x1A, 0x2B, 0x13, 0x34, 0x36,
	0x36, 0x33, 0x21, 0x15, 0x21, 0x22, 0x06, 0x15, 0x11, 0x14, 0x16, 0x33, 0x21, 0x15, 0x21, 0x22,
	0x26, 0x26, 0x35, 0x78, 0x6E, 0xB8, 0x70, 0x02, 0xE9, 0xFD, 0x17, 0x51, 0x72, 0x72, 0x51, 0x02,
	0xE9, 0xFD, 0x17, 0x70, 0xB8, 0x6E, 0x03, 0xFE, 0x6F, 0xB5, 0x6C, 0xD2, 0x6F, 0x4F, 0xFD, 0x8E,
	0x4C, 0x6D, 0xD3, 0x6A, 0xB3, 0x6C, 0x00, 0x02, 0x00, 0x78, 0x00, 0x00, 0x04, 0xF7, 0x07, 0xAE,
	0x00, 0x03, 0x00, 0x19, 0x00, 0x25, 0x40, 0x22, 0x03, 0x02, 0x01, 0x03, 0x00, 0x4A, 0x00, 0x01,
	0x01, 0x00, 0x5F, 0x00, 0x00, 0x00, 0x11, 0x4D, 0x00, 0x02, 0x02, 0x03, 0x5F, 0x00, 0x03, 0x03,
	0x12, 0x03, 0x4E, 0x21, 0x25, 0x21, 0x27, 0x04, 0x07, 0x1A, 0x2B, 0x01, 0x17, 0x03, 0x27, 0x01,
	0x34, 0x36, 0x36, 0x33, 0x21, 0x15, 0x21, 0x22, 0x06, 0x15, 0x11, 0x14, 0x16, 0x33, 0x21, 0x15,
	0x21, 0x22, 0x26, 0x26, 0x35, 0x02, 0xC1, 0xB7, 0xC6, 0x72, 0xFE, 0x38, 0x6E, 0xB8, 0x70, 0x02,
	0xE9, 0xFD, 0x17, 0x51, 0x72, 0x72, 0x51, 0x02, 0xE9, 0xFD, 0x17, 0x70, 0xB8, 0x6E, 0x07, 0xAE,
	0x58, 0xFE, 0xB2, 0x35, 0xFD, 0xC1, 0x6F, 0xB5, 0x6C, 0xD2, 0x6F, 0x4F, 0xFD, 0x8E, 0x4C, 0x6D,
	0xD3, 0x6A, 0xB3, 0x6C, 0x00, 0x02, 0x00, 0x78, 0x00, 0x00, 0x04, 0xF7, 0x07, 0x3D, 0x00, 0x06,
	0x00, 0x1C, 0x00, 0x3D, 0x40, 0x3A, 0x01, 0x01, 0x01, 0x00, 0x01, 0x4C, 0x07, 0x02, 0x02, 0x00,
	0x01, 0x00, 0x85, 0x00, 0x01, 0x03, 0x01, 0x85, 0x00, 0x04, 0x04, 0x03, 0x5F, 0x00, 0x03, 0x03,
	0x11, 0x4D, 0x00, 0x05, 0x05, 0x06, 0x5F, 0x00, 0x06, 0x06, 0x12, 0x06, 0x4E, 0x00, 0x00, 0x19,
	0x17, 0x16, 0x14, 0x0F, 0x0D, 0x0C, 0x0A, 0x00, 0x06, 0x00, 0x06, 0x11, 0x12, 0x08, 0x07, 0x18,
	0x2B, 0x01, 0x17, 0x37, 0x33, 0x03, 0x23, 0x03, 0x01, 0x34, 0x36, 0x36, 0x33, 0x21, 0x15, 0x21,
	0x22, 0x06, 0x15, 0x11, 0x14, 0x16, 0x33, 0x21, 0x15, 0x21, 0x22, 0x26, 0x26, 0x35, 0x02, 0x07,
	0xAA, 0xAB, 0x8D, 0xEA, 0x9B, 0xEA, 0xFE, 0xFE, 0x6E, 0xB8, 0x70, 0x02, 0xE9, 0xFD, 0x17, 0x51,
	0x72, 0x72, 0x51, 0x02, 0xE9, 0xFD, 0x17, 0x70, 0xB8, 0x6E, 0x07, 0x3D, 0xAC, 0xAC, 0xFE, 0xCB,
	0x01, 0x35, 0xFC, 0xC1, 0x6F, 0xB5, 0x6C, 0xD2, 0x6F, 0x4F, 0xFD, 0x8E, 0x4C, 0x6D, 0xD3, 0x6A,
	0xB3, 0x6C, 0x00, 0x01, 0x00, 0x78, 0xFE, 0xCD, 0x04, 0xF7, 0x05, 0x8E, 0x00, 0x26, 0x00, 0x35,
	0x40, 0x32, 0x05, 0x00, 0x02, 0x00, 0x01, 0x26, 0x01, 0x06, 0x00, 0x02, 0x4C, 0x00, 0x00, 0x00,
	0x06, 0x00, 0x06, 0x65, 0x00, 0x03, 0x03, 0x02, 0x5F, 0x00, 0x02, 0x02, 0x11, 0x4D, 0x00, 0x04,
	0x04, 0x01, 0x61, 0x05, 0x01, 0x01, 0x01, 0x12, 0x01, 0x4E, 0x23, 0x11, 0x25, 0x21, 0x27, 0x24,
	0x22, 0x07, 0x07, 0x1D, 0x2B, 0x05, 0x16, 0x16, 0x33, 0x32, 0x35, 0x34, 0x26, 0x27, 0x23, 0x22,
	0x26, 0x26, 0x35, 0x11, 0x34, 0x36, 0x36, 0x33, 0x21, 0x15, 0x21, 0x22, 0x06, 0x15, 0x11, 0x14,
	0x16, 0x33, 0x21, 0x15, 0x21, 0x16, 0x15, 0x14, 0x23, 0x22, 0x26, 0x27, 0x01, 0xF7, 0x3E, 0x23,
	0x0D, 0x29, 0x0E, 0x17, 0x5B, 0x70, 0xB8, 0x6E, 0x6E, 0xB8, 0x70, 0x02, 0xE9, 0xFD, 0x17, 0x51,
	0x72, 0x72, 0x51, 0x02, 0xE9, 0xFE, 0x06, 0x28, 0x98, 0x19, 0x3B, 0x42, 0x8F, 0x0A, 0x04, 0x1F,
	0x0F, 0x31, 0x3E, 0x6A, 0xB3, 0x6C, 0x02, 0x75, 0x6F, 0xB5, 0x6C, 0xD2, 0x6F, 0x4F, 0xFD, 0x8E,
	0x4C, 0x6D, 0xD3, 0x6C, 0x45, 0x82, 0x06, 0x0A, 0x00, 0x02, 0x00, 0x78, 0x00, 0x00, 0x04, 0xF7,
	0x07, 0x3C, 0x00, 0x06, 0x00, 0x1C, 0x00, 0x33, 0x40, 0x30, 0x04, 0x01, 0x01, 0x00, 0x01, 0x4C,
	0x00, 0x00, 0x01, 0x00, 0x85, 0x02, 0x01, 0x01, 0x03, 0x01, 0x85, 0x00, 0x04, 0x04, 0x03, 0x5F,
	0x00, 0x03, 0x03, 0x11, 0x4D, 0x00, 0x05, 0x05, 0x06, 0x5F, 0x00, 0x06, 0x06, 0x12, 0x06, 0x4E,
	0x21, 0x25, 0x21, 0x24, 0x12, 0x11, 0x10, 0x07, 0x07, 0x1D, 0x2B, 0x01, 0x33, 0x13, 0x23, 0x27,
	0x07, 0x23, 0x01, 0x34, 0x36, 0x36, 0x33, 0x21, 0x15, 0x21, 0x22, 0x06, 0x15, 0x11, 0x14, 0x16,
	0x33, 0x21, 0x15, 0x21, 0x22, 0x26, 0x26, 0x35, 0x02, 0x65, 0x9B, 0xEA, 0x8D, 0xAB, 0xAA, 0x8D,
	0xFE, 0xFD, 0x6E, 0xB8, 0x70, 0x02, 0xE9, 0xFD, 0x17, 0x51, 0x72, 0x72, 0x51, 0x02, 0xE9, 0xFD,
	0x17, 0x70, 0xB8, 0x6E, 0x07, 0x3C, 0xFE, 0xCB, 0xAC, 0xAC, 0xFD, 0xF7, 0x6F, 0xB5, 0x6C, 0xD2,
	0x6F, 0x4F, 0xFD, 0x8E, 0x4C, 0x6D, 0xD3, 0x6A, 0xB3, 0x6C, 0x00, 0x02, 0x00, 0x78, 0x00, 0x00,
	0x04, 0xF7, 0x06, 0xE5, 0x00, 0x0B, 0x00, 0x21, 0x00, 0x29, 0x40, 0x26, 0x00, 0x00, 0x00, 0x01,
	0x02, 0x00, 0x01, 0x69, 0x00, 0x03, 0x03, 0x02, 0x5F, 0x00, 0x02, 0x02, 0x11, 0x4D, 0x00, 0x04,
	0x04, 0x05, 0x5F, 0x00, 0x05, 0x05, 0x12, 0x05, 0x4E, 0x21, 0x25, 0x21, 0x25, 0x24, 0x22, 0x06,
	0x07, 0x1C, 0x2B, 0x01, 0x34, 0x36, 0x33, 0x32, 0x16, 0x15, 0x14, 0x06, 0x23, 0x22, 0x26, 0x01,
	0x34, 0x36, 0x36, 0x33, 0x21, 0x15, 0x21, 0x22, 0x06, 0x15, 0x11, 0x14, 0x16, 0x33, 0x21, 0x15,
	0x21, 0x22, 0x26, 0x26, 0x35, 0x02, 0x43, 0x41, 0x2E, 0x2E, 0x40, 0x40, 0x2E, 0x2E, 0x41, 0xFE,
	0x35, 0x6E, 0xB8, 0x70, 0x02, 0xE9, 0xFD, 0x17, 0x51, 0x72, 0x72, 0x51, 0x02, 0xE9, 0xFD, 0x17,
	0x70, 0xB8, 0x6E, 0x06, 0x76, 0x2F, 0x40, 0x40, 0x2F, 0x2E, 0x40, 0x40, 0xFD, 0xB6, 0x6F, 0xB5,
	0x6C, 0xD2, 0x6F, 0x4F, 0xFD, 0x8E, 0x4C, 0x6D, 0xD3, 0x6A, 0xB3, 0x6C, 0x00, 0x02, 0x00, 0x8C,
	0x00, 0x00, 0x05, 0x12, 0x05, 0x8E, 0x00, 0x0B, 0x00, 0x15, 0x00, 0x26, 0x40, 0x23, 0x00, 0x03,
	0x03, 0x00, 0x5F, 0x00, 0x00, 0x00, 0x11, 0x4D, 0x04, 0x01, 0x02, 0x02, 0x01, 0x5F, 0x00, 0x01,
	0x01, 0x12, 0x01, 0x4E, 0x0D, 0x0C, 0x14, 0x12, 0x0C, 0x15, 0x0D, 0x15, 0x27, 0x20, 0x05, 0x07,
	0x18, 0x2B, 0x13, 0x21, 0x32, 0x16, 0x16, 0x15, 0x11, 0x14, 0x06, 0x06, 0x23, 0x21, 0x25, 0x32,
	0x36, 0x35, 0x11, 0x34, 0x26, 0x23, 0x21, 0x11, 0x8C, 0x02, 0xF4, 0x6F, 0xB7, 0x6C, 0x6C, 0xB7,
	0x6F, 0xFD, 0x0C, 0x02, 0xF4, 0x50, 0x70, 0x70, 0x50, 0xFD, 0xDF, 0x05, 0x8E, 0x6C, 0xB5, 0x6F,
	0xFD, 0x8E, 0x6D, 0xB4, 0x6B, 0xD3, 0x6E, 0x4E, 0x02, 0x6F, 0x4F, 0x6F, 0xFC, 0x17, 0x00, 0x02,
	0x00, 0x5A, 0x00, 0x00, 0x05, 0x41, 0x05, 0x8E, 0x00, 0x0F, 0x00, 0x1D, 0x00, 0x36, 0x40, 0x33,
	0x06, 0x01, 0x00, 0x07, 0x01, 0x03, 0x04, 0x00, 0x03, 0x67, 0x00, 0x05, 0x05, 0x01, 0x5F, 0x00,
	0x01, 0x01, 0x11, 0x4D, 0x08, 0x01, 0x04, 0x04, 0x02, 0x5F, 0x00, 0x02, 0x02, 0x12, 0x02, 0x4E,
	0x11, 0x10, 0x1C, 0x1B, 0x1A, 0x19, 0x18, 0x16, 0x10, 0x1D, 0x11, 0x1D, 0x11, 0x27, 0x21, 0x10,
	0x09, 0x07, 0x1A, 0x2B, 0x13, 0x33, 0x11, 0x21, 0x32, 0x16, 0x16, 0x15, 0x11, 0x14, 0x06, 0x06,
	0x23, 0x21, 0x11, 0x23, 0x01, 0x32, 0x36, 0x35, 0x11, 0x34, 0x26, 0x23, 0x21, 0x11, 0x21, 0x15,
	0x21, 0x11, 0x5A, 0x61, 0x02, 0xF3, 0x6F, 0xB7, 0x6D, 0x6D, 0xB7, 0x6F, 0xFD, 0x0D, 0x61, 0x03,
	0x54, 0x50, 0x71, 0x71, 0x50, 0xFD, 0xDF, 0x01, 0xD6, 0xFE, 0x2A, 0x03, 0x34, 0x02, 0x5A, 0x6C,
	0xB5, 0x6F, 0xFD, 0x8E, 0x6D, 0xB4, 0x6B, 0x02, 0x8A, 0xFE, 0x49, 0x6E, 0x4E, 0x02, 0x6F, 0x4F,
	0x6F, 0xFE, 0x78, 0xAA, 0xFE, 0x49, 0x00, 0x03, 0x00, 0x8C, 0x00, 0x00, 0x05, 0x12, 0x07, 0x3D,
	0x00, 0x06, 0x00, 0x12, 0x00, 0x1C, 0x00, 0x42, 0x40, 0x3F, 0x01, 0x01, 0x01, 0x00, 0x01, 0x4C,
	0x07, 0x02, 0x02, 0x00, 0x01, 0x00, 0x85, 0x00, 0x01, 0x03, 0x01, 0x85, 0x00, 0x06, 0x06, 0x03,
	0x5F, 0x00, 0x03, 0x03, 0x11, 0x4D, 0x08, 0x01, 0x05, 0x05, 0x04, 0x5F, 0x00, 0x04, 0x04, 0x12,
	0x04, 0x4E, 0x14, 0x13, 0x00, 0x00, 0x1B, 0x19, 0x13, 0x1C, 0x14, 0x1C, 0x12, 0x10, 0x09, 0x07,
	0x00, 0x06, 0x00, 0x06, 0x11, 0x12, 0x09, 0x07, 0x18, 0x2B, 0x01, 0x17, 0x37, 0x33, 0x03, 0x23,
	0x03, 0x01, 0x21, 0x32, 0x16, 0x16, 0x15, 0x11, 0x14, 0x06, 0x06, 0x23, 0x21, 0x25, 0x32, 0x36,
	0x35, 0x11, 0x34, 0x26, 0x23, 0x21, 0x11, 0x02, 0x1A, 0xAA, 0xAB, 0x8D, 0xEA, 0x9B, 0xEA, 0xFE,
	0xFF, 0x02, 0xF4, 0x6F, 0xB7, 0x6C, 0x6C, 0xB7, 0x6F, 0xFD, 0x0C, 0x02, 0xF4, 0x50, 0x70, 0x70,
	0x50, 0xFD, 0xDF, 0x07, 0x3D, 0xAC, 0xAC, 0xFE, 0xCB, 0x01, 0x35, 0xFE, 0x51, 0x6C, 0xB5, 0x6F,
	0xFD, 0x8E, 0x6D, 0xB4, 0x6B, 0xD3, 0x6E, 0x4E, 0x02, 0x6F, 0x4F, 0x6F, 0xFC, 0x17, 0x00, 0x02,
	0x00, 0x5A, 0x00, 0x00, 0x05, 0x41, 0x05, 0x8E, 0x00, 0x0F, 0x00, 0x1D, 0x00, 0x36, 0x40, 0x33,
	0x06, 0x01, 0x00, 0x07, 0x01, 0x03, 0x04, 0x00, 0x03, 0x67, 0x00, 0x05, 0x05, 0x01, 0x5F, 0x00,
	0x01, 0x01, 0x11, 0x4D, 0x08, 0x01, 0x04, 0x04, 0x02, 0x5F, 0x00, 0x02, 0x02, 0x12, 0x02, 0x4E,
	0x11, 0x10, 0x1C, 0x1B, 0x1A, 0x19, 0x18, 0x16, 0x10, 0x1D, 0x11, 0x1D, 0x11, 0x27, 0x21, 0x10,
	0x09, 0x07, 0x1A, 0x2B, 0x13, 0x33, 0x11, 0x21, 0x32, 0x16, 0x16, 0x15, 0x11, 0x14, 0x06, 0x06,
	0x23, 0x21, 0x11, 0x23, 0x01, 0x32, 0x36, 0x35, 0x11, 0x34, 0x26, 0x23, 0x21, 0x11, 0x21, 0x15,
	0x21, 0x11, 0x5A, 0x61, 0x02, 0xF3, 0x6F, 0xB7, 0x6D, 0x6D, 0xB7, 0x6F, 0xFD, 0x0D, 0x61, 0x03,
	0x54, 0x50, 0x71, 0x71, 0x50, 0xFD, 0xDF, 0x01, 0xD6, 0xFE, 0x2A, 0x03, 0x34, 0x02, 0x5A, 0x6C,
	0xB5, 0x6F, 0xFD, 0x8E, 0x6D, 0xB4, 0x6B, 0x02, 0x8A, 0xFE, 0x49, 0x6E, 0x4E, 0x02, 0x6F, 0x4F,
	0x6F, 0xFE, 0x78, 0xAA, 0xFE, 0x49, 0x00, 0x03, 0x00, 0x8C, 0x00, 0x00, 0x05, 0x12, 0x06, 0xE5,
	0x00, 0x0B, 0x00, 0x17, 0x00, 0x21, 0x00, 0x30, 0x40, 0x2D, 0x00, 0x00, 0x00, 0x01, 0x02, 0x00,
	0x01, 0x69, 0x00, 0x05, 0x05, 0x02, 0x5F, 0x00, 0x02, 0x02, 0x11, 0x4D, 0x06, 0x01, 0x04, 0x04,
	0x03, 0x5F, 0x00, 0x03, 0x03, 0x12, 0x03, 0x4E, 0x19, 0x18, 0x20, 0x1E, 0x18, 0x21, 0x19, 0x21,
	0x27, 0x22, 0x24, 0x22, 0x07, 0x07, 0x1A, 0x2B, 0x01, 0x34, 0x36, 0x33, 0x32, 0x16, 0x15, 0x14,
	0x06, 0x23, 0x22, 0x26, 0x05, 0x21, 0x32, 0x16, 0x16, 0x15, 0x11, 0x14, 0x06, 0x06, 0x23, 0x21,
	0x25, 0x32, 0x36, 0x35, 0x11, 0x34, 0x26, 0x23, 0x21, 0x11, 0x02, 0x56, 0x41, 0x2E, 0x2E, 0x40,
	0x40, 0x2E, 0x2E, 0x41, 0xFE, 0x36, 0x02, 0xF4, 0x6F, 0xB7, 0x6C, 0x6C, 0xB7, 0x6F, 0xFD, 0x0C,
	0x02, 0xF4, 0x50, 0x70, 0x70, 0x50, 0xFD, 0xDF, 0x06, 0x76, 0x2F, 0x40, 0x40, 0x2F, 0x2E, 0x40,
	0x40, 0xBA, 0x6C, 0xB5, 0x6F, 0xFD, 0x8E, 0x6D, 0xB4, 0x6B, 0xD3, 0x6E, 0x4E, 0x02, 0x6F, 0x4F,
	0x6F, 0xFC, 0x17, 0x00, 0x00, 0x02, 0x00, 0x8C, 0x00, 0x00, 0x04, 0xDB, 0x05, 0x8E, 0x00, 0x07,
	0x00, 0x0B, 0x00, 0x29, 0x40, 0x26, 0x00, 0x04, 0x00, 0x05, 0x02, 0x04, 0x05, 0x67, 0x00, 0x01,
	0x01, 0x00, 0x5F, 0x00, 0x00, 0x00, 0x11, 0x4D, 0x00, 0x02, 0x02, 0x03, 0x5F, 0x00, 0x03, 0x03,
	0x12, 0x03, 0x4E, 0x11, 0x11, 0x11, 0x11, 0x11, 0x10, 0x06, 0x07, 0x1C, 0x2B, 0x13, 0x21, 0x15,
	0x21, 0x11, 0x21, 0x15, 0x21, 0x01, 0x21, 0x15, 0x21, 0x8C, 0x04, 0x4F, 0xFC, 0x84, 0x03, 0x7C,
	0xFB, 0xB1, 0x01, 0x4B, 0x03, 0x04, 0xFC, 0xFC, 0x05, 0x8E, 0xD2, 0xFC, 0x17, 0xD3, 0x03, 0x4D,
	0xD2, 0x00, 0x00, 0x03, 0x00, 0x8C, 0x00, 0x00, 0x04, 0xDB, 0x07, 0xAE, 0x00, 0x03, 0x00, 0x0B,
	0x00, 0x0F, 0x00, 0x2F, 0x40, 0x2C, 0x03, 0x02, 0x01, 0x03, 0x00, 0x4A, 0x00, 0x04, 0x00, 0x05,
	0x02, 0x04, 0x05, 0x67, 0x00, 0x01, 0x01, 0x00, 0x5F, 0x00, 0x00, 0x00, 0x11, 0x4D, 0x00, 0x02,
	0x02, 0x03, 0x5F, 0x00, 0x03, 0x03, 0x12, 0x03, 0x4E, 0x11, 0x11, 0x11, 0x11, 0x11, 0x14, 0x06,
	0x07, 0x1C, 0x2B, 0x01, 0x17, 0x03, 0x27, 0x05, 0x21, 0x15, 0x21, 0x11, 0x21, 0x15, 0x21, 0x01,
	0x21, 0x15, 0x21, 0x02, 0xB5, 0xB7, 0xC6, 0x72, 0xFE, 0x58, 0x04, 0x4F, 0xFC, 0x84, 0x03, 0x7C,
	0xFB, 0xB1, 0x01, 0x4B, 0x03, 0x04, 0xFC, 0xFC, 0x07, 0xAE, 0x58, 0xFE, 0xB2, 0x35, 0xAF, 0xD2,
	0xFC, 0x17, 0xD3, 0x03, 0x4D, 0xD2, 0x00, 0x03, 0x00, 0x8C, 0x00, 0x00, 0x04, 0xDB, 0x07, 0x34,
	0x00, 0x0F, 0x00, 0x17, 0x00, 0x1B, 0x00, 0x47, 0x40, 0x44, 0x0A, 0x03, 0x02, 0x01, 0x00, 0x01,
	0x85, 0x00, 0x00, 0x00, 0x02, 0x04, 0x00, 0x02, 0x69, 0x00, 0x08, 0x00, 0x09, 0x06, 0x08, 0x09,
	0x67, 0x00, 0x05, 0x05, 0x04, 0x5F, 0x00, 0x04, 0x04, 0x11, 0x4D, 0x00, 0x06, 0x06, 0x07, 0x5F,
	0x00, 0x07, 0x07, 0x12, 0x07, 0x4E, 0x00, 0x00, 0x1B, 0x1A, 0x19, 0x18, 0x17, 0x16, 0x15, 0x14,
	0x13, 0x12, 0x11, 0x10, 0x00, 0x0F, 0x00, 0x0F, 0x23, 0x12, 0x22, 0x0B, 0x07, 0x19, 0x2B, 0x01,
	0x14, 0x16, 0x33, 0x32, 0x36, 0x35, 0x33, 0x14, 0x06, 0x06, 0x23, 0x22, 0x26, 0x26, 0x35, 0x03,
	0x21, 0x15, 0x21, 0x11, 0x21, 0x15, 0x21, 0x01, 0x21, 0x15, 0x21, 0x02, 0x02, 0x61, 0x43, 0x44,
	0x60, 0x86, 0x51, 0x87, 0x52, 0x52, 0x87, 0x51, 0xF0, 0x04, 0x4F, 0xFC, 0x84, 0x03, 0x7C, 0xFB,
	0xB1, 0x01, 0x4B, 0x03, 0x04, 0xFC, 0xFC, 0x07, 0x34, 0x43, 0x61, 0x61, 0x43, 0x52, 0x87, 0x51,
	0x51, 0x87, 0x52, 0xFE, 0x5A, 0xD2, 0xFC, 0x17, 0xD3, 0x03, 0x4D, 0xD2, 0x00, 0x03, 0x00, 0x8C,
	0x00, 0x00, 0x04, 0xDB, 0x07, 0x3D, 0x00, 0x06, 0x00, 0x0E, 0x00, 0x12, 0x00, 0x49, 0x40, 0x46,
	0x01, 0x01, 0x01, 0x00, 0x01, 0x4C, 0x09, 0x02, 0x02, 0x00, 0x01, 0x00, 0x85, 0x00, 0x01, 0x03,
	0x01, 0x85, 0x00, 0x07, 0x00, 0x08, 0x05, 0x07, 0x08, 0x67, 0x00, 0x04, 0x04, 0x03, 0x5F, 0x00,
	0x03, 0x03, 0x11, 0x4D, 0x00, 0x05, 0x05, 0x06, 0x5F, 0x00, 0x06, 0x06, 0x12, 0x06, 0x4E, 0x00,
	0x00, 0x12, 0x11, 0x10, 0x0F, 0x0E, 0x0D, 0x0C, 0x0B, 0x0A, 0x09, 0x08, 0x07, 0x00, 0x06, 0x00,
	0x06, 0x11, 0x12, 0x0A, 0x07, 0x18, 0x2B, 0x01, 0x17, 0x37, 0x33, 0x03, 0x23, 0x03, 0x03, 0x21,
	0x15, 0x21, 0x11, 0x21, 0x15, 0x21, 0x01, 0x21, 0x15, 0x21, 0x01, 0xFB, 0xAA, 0xAB, 0x8D, 0xEA,
	0x9B, 0xEA, 0xE2, 0x04, 0x4F, 0xFC, 0x84, 0x03, 0x7C, 0xFB, 0xB1, 0x01, 0x4B, 0x03, 0x04, 0xFC,
	0xFC, 0x07, 0x3D, 0xAC, 0xAC, 0xFE, 0xCB, 0x01, 0x35, 0xFE, 0x51, 0xD2, 0xFC, 0x17, 0xD3, 0x03,
	0x4D, 0xD2, 0x00, 0x03, 0x00, 0x8C, 0x00, 0x00, 0x04, 0xDB, 0x07, 0x3C, 0x00, 0x06, 0x00, 0x0E,
	0x00, 0x12, 0x00, 0x3D, 0x40, 0x3A, 0x04, 0x01, 0x01, 0x00, 0x01, 0x4C, 0x00, 0x00, 0x01, 0x00,
	0x85, 0x02, 0x01, 0x01, 0x03, 0x01, 0x85, 0x00, 0x07, 0x00, 0x08, 0x05, 0x07, 0x08, 0x67, 0x00,
	0x04, 0x04, 0x03, 0x5F, 0x00, 0x03, 0x03, 0x11, 0x4D, 0x00, 0x05, 0x05, 0x06, 0x5F, 0x00, 0x06,
	0x06, 0x12, 0x06, 0x4E, 0x11, 0x11, 0x11, 0x11, 0x11, 0x11, 0x12, 0x11, 0x10, 0x09, 0x07, 0x1F,
	0x2B, 0x01, 0x33, 0x13, 0x23, 0x27, 0x07, 0x23, 0x07, 0x21, 0x15, 0x21, 0x11, 0x21, 0x15, 0x21,
	0x01, 0x21, 0x15, 0x21, 0x02, 0x59, 0x9B, 0xEA, 0x8D, 0xAB, 0xAA, 0x8D, 0xE3, 0x04, 0x4F, 0xFC,
	0x84, 0x03, 0x7C, 0xFB, 0xB1, 0x01, 0x4B, 0x03, 0x04, 0xFC, 0xFC, 0x07, 0x3C, 0xFE, 0xCB, 0xAC,
	0xAC, 0x79, 0xD2, 0xFC, 0x17, 0xD3, 0x03, 0x4D, 0xD2, 0x00, 0x00, 0x04, 0x00, 0x8C, 0x00, 0x00,
	0x04, 0xDB, 0x06, 0xE6, 0x00, 0x0B, 0x00, 0x17, 0x00, 0x1F, 0x00, 0x23, 0x00, 0x38, 0x40, 0x35,
	0x02, 0x01, 0x00, 0x03, 0x01, 0x01, 0x04, 0x00, 0x01, 0x69, 0x00, 0x08, 0x00, 0x09, 0x06, 0x08,
	0x09, 0x67, 0x00, 0x05, 0x05, 0x04, 0x5F, 0x00, 0x04, 0x04, 0x11, 0x4D, 0x00, 0x06, 0x06, 0x07,
	0x5F, 0x00, 0x07, 0x07, 0x12, 0x07, 0x4E, 0x23, 0x22, 0x11, 0x11, 0x11, 0x11, 0x12, 0x24, 0x24,
	0x24, 0x22, 0x0A, 0x07, 0x1F, 0x2B, 0x01, 0x34, 0x36, 0x33, 0x32, 0x16, 0x15, 0x14, 0x06, 0x23,
	0x22, 0x26, 0x25, 0x34, 0x36, 0x33, 0x32, 0x16, 0x15, 0x14, 0x06, 0x23, 0x22, 0x26, 0x05, 0x21,
	0x15, 0x21, 0x11, 0x21, 0x15, 0x21, 0x01, 0x21, 0x15, 0x21, 0x01, 0x8E, 0x40, 0x2E, 0x2F, 0x40,
	0x40, 0x2F, 0x2E, 0x40, 0x01, 0x54, 0x40, 0x2E, 0x2F, 0x40, 0x40, 0x2F, 0x2E, 0x40, 0xFD, 0xAA,
	0x04, 0x4F, 0xFC, 0x84, 0x03, 0x7C, 0xFB, 0xB1, 0x01, 0x4B, 0x03, 0x04, 0xFC, 0xFC, 0x06, 0x77,
	0x2F, 0x40, 0x40, 0x2F, 0x2E, 0x40, 0x40, 0x2E, 0x2F, 0x40, 0x40, 0x2F, 0x2E, 0x40, 0x40, 0xBB,
	0xD2, 0xFC, 0x17, 0xD3, 0x03, 0x4D, 0xD2, 0x00, 0x00, 0x03, 0x00, 0x8C, 0x00, 0x00, 0x04, 0xDB,
	0x06, 0xE5, 0x00, 0x0B, 0x00, 0x13, 0x00, 0x17, 0x00, 0x33, 0x40, 0x30, 0x00, 0x00, 0x00, 0x01,
	0x02, 0x00, 0x01, 0x69, 0x00, 0x06, 0x00, 0x07, 0x04, 0x06, 0x07, 0x67, 0x00, 0x03, 0x03, 0x02,
	0x5F, 0x00, 0x02, 0x02, 0x11, 0x4D, 0x00, 0x04, 0x04, 0x05, 0x5F, 0x00, 0x05, 0x05, 0x12, 0x05,
	0x4E, 0x11, 0x11, 0x11, 0x11, 0x11, 0x12, 0x24, 0x22, 0x08, 0x07, 0x1E, 0x2B, 0x01, 0x34, 0x36,
	0x33, 0x32, 0x16, 0x15, 0x14, 0x06, 0x23, 0x22, 0x26, 0x05, 0x21, 0x15, 0x21, 0x11, 0x21, 0x15,
	0x21, 0x01, 0x21, 0x15, 0x21, 0x02, 0x37, 0x41, 0x2E, 0x2E, 0x40, 0x40, 0x2E, 0x2E, 0x41, 0xFE,
	0x55, 0x04, 0x4F, 0xFC, 0x84, 0x03, 0x7C, 0xFB, 0xB1, 0x01, 0x4B, 0x03, 0x04, 0xFC, 0xFC, 0x06,
	0x76, 0x2F, 0x40, 0x40, 0x2F, 0x2E, 0x40, 0x40, 0xBA, 0xD2, 0xFC, 0x17, 0xD3, 0x03, 0x4D, 0xD2,
	0x00, 0x03, 0x00, 0x8C, 0x00, 0x00, 0x04, 0xDB, 0x07, 0xAE, 0x00, 0x03, 0x00, 0x0B, 0x00, 0x0F,
	0x00, 0x2F, 0x40, 0x2C, 0x03, 0x02, 0x01, 0x03, 0x00, 0x4A, 0x00, 0x04, 0x00, 0x05, 0x02, 0x04,
	0x05, 0x67, 0x00, 0x01, 0x01, 0x00, 0x5F, 0x00, 0x00, 0x00, 0x11, 0x4D, 0x00, 0x02, 0x02, 0x03,
	0x5F, 0x00, 0x03, 0x03, 0x12, 0x03, 0x4E, 0x11, 0x11, 0x11, 0x11, 0x11, 0x14, 0x06, 0x07, 0x1C,
	0x2B, 0x01, 0x13, 0x07, 0x03, 0x01, 0x21, 0x15, 0x21, 0x11, 0x21, 0x15, 0x21, 0x01, 0x21, 0x15,
	0x21, 0x02, 0x97, 0x81, 0x72, 0xC6, 0xFE, 0xAC, 0x04, 0x4F, 0xFC, 0x84, 0x03, 0x7C, 0xFB, 0xB1,
	0x01, 0x4B, 0x03, 0x04, 0xFC, 0xFC, 0x07, 0xAE, 0xFE, 0x8F, 0x35, 0x01, 0x4E, 0xFE, 0x38, 0xD2,
	0xFC, 0x17, 0xD3, 0x03, 0x4D, 0xD2, 0x00, 0x03, 0x00, 0x8C, 0x00, 0x00, 0x04, 0xDB, 0x06, 0x9B,
	0x00, 0x03, 0x00, 0x0B, 0x00, 0x0F, 0x00, 0x33, 0x40, 0x30, 0x00, 0x00, 0x00, 0x01, 0x02, 0x00,
	0x01, 0x67, 0x00, 0x06, 0x00, 0x07, 0x04, 0x06, 0x07, 0x67, 0x00, 0x03, 0x03, 0x02, 0x5F, 0x00,
	0x02, 0x02, 0x11, 0x4D, 0x00, 0x04, 0x04, 0x05, 0x5F, 0x00, 0x05, 0x05, 0x12, 0x05, 0x4E, 0x11,
	0x11, 0x11, 0x11, 0x11, 0x11, 0x11, 0x10, 0x08, 0x07, 0x1E, 0x2B, 0x01, 0x21, 0x15, 0x21, 0x07,
	0x21, 0x15, 0x21, 0x11, 0x21, 0x15, 0x21, 0x01, 0x21, 0x15, 0x21, 0x01, 0x7B, 0x02, 0x55, 0xFD,
	0xAB, 0xEF, 0x04, 0x4F, 0xFC, 0x84, 0x03, 0x7C, 0xFB, 0xB1, 0x01, 0x4B, 0x03, 0x04, 0xFC, 0xFC,
	0x06, 0x9B, 0x93, 0x7A, 0xD2, 0xFC, 0x17, 0xD3, 0x03, 0x4D, 0xD2, 0x00, 0x00, 0x02, 0x00, 0x8C,
	0xFE, 0xCD, 0x04, 0xDB, 0x05, 0x8E, 0x00, 0x18, 0x00, 0x1C, 0x00, 0x3E, 0x40, 0x3B, 0x13, 0x01,
	0x05, 0x00, 0x14, 0x01, 0x06, 0x05, 0x02, 0x4C, 0x00, 0x07, 0x00, 0x08, 0x03, 0x07, 0x08, 0x67,
	0x00, 0x05, 0x00, 0x06, 0x05, 0x06, 0x65, 0x00, 0x02, 0x02, 0x01, 0x5F, 0x00, 0x01, 0x01, 0x11,
	0x4D, 0x00, 0x03, 0x03, 0x00, 0x5F, 0x04, 0x01, 0x00, 0x00, 0x12, 0x00, 0x4E, 0x11, 0x11, 0x26,
	0x14, 0x11, 0x11, 0x11, 0x11, 0x12, 0x09, 0x07, 0x1F, 0x2B, 0x05, 0x34, 0x37, 0x21, 0x11, 0x21,
	0x15, 0x21, 0x11, 0x21, 0x15, 0x21, 0x06, 0x06, 0x15, 0x14, 0x33, 0x32, 0x36, 0x37, 0x15, 0x06,
	0x06, 0x23, 0x22, 0x03, 0x21, 0x15, 0x21, 0x02, 0x34, 0x28, 0xFE, 0x30, 0x04, 0x4F, 0xFC, 0x84,
	0x03, 0x7C, 0xFE, 0x15, 0x17, 0x0E, 0x29, 0x0D, 0x24, 0x3D, 0x42, 0x3B, 0x19, 0x98, 0x5D, 0x03,
	0x04, 0xFC, 0xFC, 0xB1, 0x47, 0x6A, 0x05, 0x8E, 0xD2, 0xFC, 0x17, 0xD3, 0x3F, 0x30, 0x0F, 0x1F,
	0x04, 0x0A, 0x94, 0x0A, 0x06, 0x04, 0x80, 0xD2, 0x00, 0x02, 0x00, 0x8C, 0x00, 0x00, 0x04, 0x44,
	0x05, 0x8E, 0x00, 0x05, 0x00, 0x09, 0x00, 0x23, 0x40, 0x20, 0x00, 0x03, 0x00, 0x04, 0x02, 0x03,
	0x04, 0x67, 0x00, 0x01, 0x01, 0x00, 0x5F, 0x00, 0x00, 0x00, 0x11, 0x4D, 0x00, 0x02, 0x02, 0x12,
	0x02, 0x4E, 0x11, 0x11, 0x11, 0x11, 0x10, 0x05, 0x07, 0x1B, 0x2B, 0x13, 0x21, 0x15, 0x21, 0x11,
	0x23, 0x01, 0x21, 0x15, 0x21, 0x8C, 0x03, 0xB8, 0xFD, 0x1B, 0xD3, 0x01, 0x4B, 0x02, 0x6D, 0xFD,
	0x93, 0x05, 0x8E, 0xD2, 0xFB, 0x44, 0x03, 0x4D, 0xD2, 0x00, 0x00, 0x01, 0x00, 0x78, 0x00, 0x00,
	0x05, 0x15, 0x05, 0x8E, 0x00, 0x20, 0x00, 0x29, 0x40, 0x26, 0x00, 0x04, 0x00, 0x03, 0x02, 0x04,
	0x03, 0x67, 0x00, 0x01, 0x01, 0x00, 0x5F, 0x00, 0x00, 0x00, 0x11, 0x4D, 0x00, 0x02, 0x02, 0x05,
	0x5F, 0x00, 0x05, 0x05, 0x12, 0x05, 0x4E, 0x34, 0x11, 0x13, 0x35, 0x21, 0x23, 0x06, 0x07, 0x1C,
	0x2B, 0x13, 0x34, 0x36, 0x36, 0x33, 0x21, 0x15, 0x21, 0x22, 0x06, 0x15, 0x11, 0x14, 0x16, 0x33,
	0x21, 0x32, 0x36, 0x35, 0x35, 0x21, 0x35, 0x21, 0x11, 0x14, 0x06, 0x06, 0x23, 0x21, 0x22, 0x26,
	0x26, 0x35, 0x78, 0x73, 0xC0, 0x75, 0x02, 0xA1, 0xFD, 0x5F, 0x58, 0x7D, 0x7D, 0x58, 0x01, 0x4D,
	0x59, 0x7C, 0xFE, 0x7E, 0x02, 0x55, 0x72, 0xC1, 0x75, 0xFE, 0xB3, 0x75, 0xC0, 0x73, 0x03, 0xFE,
	0x6F, 0xB5, 0x6C, 0xD2, 0x6F, 0x4E, 0xFD, 0x90, 0x4E, 0x6F, 0x6F, 0x4E, 0xBA, 0xD2, 0xFE, 0x75,
	0x6E, 0xB6, 0x6C, 0x6C, 0xB6, 0x6E, 0x00, 0x02, 0x00, 0x78, 0x00, 0x00, 0x05, 0x15, 0x07, 0x34,
	0x00, 0x0F, 0x00, 0x30, 0x00, 0x47, 0x40, 0x44, 0x0A, 0x03, 0x02, 0x01, 0x00, 0x01, 0x85, 0x00,
	0x00, 0x00, 0x02, 0x04, 0x00, 0x02, 0x69, 0x00, 0x08, 0x00, 0x07, 0x06, 0x08, 0x07, 0x67, 0x00,
	0x05, 0x05, 0x04, 0x5F, 0x00, 0x04, 0x04, 0x11, 0x4D, 0x00, 0x06, 0x06, 0x09, 0x5F, 0x00, 0x09,
	0x09, 0x12, 0x09, 0x4E, 0x00, 0x00, 0x2D, 0x2A, 0x26, 0x25, 0x24, 0x23, 0x20, 0x1D, 0x18, 0x16,
	0x15, 0x13, 0x00, 0x0F, 0x00, 0x0F, 0x23, 0x12, 0x22, 0x0B, 0x07, 0x19, 0x2B, 0x01, 0x14, 0x16,
	0x33, 0x32, 0x36, 0x35, 0x33, 0x14, 0x06, 0x06, 0x23, 0x22, 0x26, 0x26, 0x35, 0x01, 0x34, 0x36,
	0x36, 0x33, 0x21, 0x15, 0x21, 0x22, 0x06, 0x15, 0x11, 0x14, 0x16, 0x33, 0x21, 0x32, 0x36, 0x35,
	0x35, 0x21, 0x35, 0x21, 0x11, 0x14, 0x06, 0x06, 0x23, 0x21, 0x22, 0x26, 0x26, 0x35, 0x02, 0x22,
	0x61, 0x43, 0x44, 0x60, 0x86, 0x51, 0x87, 0x52, 0x52, 0x87, 0x51, 0xFE, 0xDC, 0x73, 0xC0, 0x75,
	0x02, 0xA1, 0xFD, 0x5F, 0x58, 0x7D, 0x7D, 0x58, 0x01, 0x4D, 0x59, 0x7C, 0xFE, 0x7E, 0x02, 0x55,
	0x72, 0xC1, 0x75, 0xFE, 0xB3, 0x75, 0xC0, 0x73, 0x07, 0x34, 0x43, 0x61, 0x61, 0x43, 0x52, 0x87,
	0x51, 0x51, 0x87, 0x52, 0xFC, 0xCA, 0x6F, 0xB5, 0x6C, 0xD2, 0x6F, 0x4E, 0xFD, 0x90, 0x4E, 0x6F,
	0x6F, 0x4E, 0xBA, 0xD2, 0xFE, 0x75, 0x6E, 0xB6, 0x6C, 0x6C, 0xB6, 0x6E, 0x00, 0x02, 0x00, 0x78,
	0x00, 0x00, 0x05, 0x15, 0x07, 0x3D, 0x00, 0x06, 0x00, 0x27, 0x00, 0x3D, 0x40, 0x3A, 0x04, 0x01,
	0x01, 0x00, 0x01, 0x4C, 0x00, 0x00, 0x01, 0x00, 0x85, 0x02, 0x01, 0x01, 0x03, 0x01, 0x85, 0x00,
	0x07, 0x00, 0x06, 0x05, 0x07, 0x06, 0x67, 0x00, 0x04, 0x04, 0x03, 0x5F, 0x00, 0x03, 0x03, 0x11,
	0x4D, 0x00, 0x05, 0x05, 0x08, 0x5F, 0x00, 0x08, 0x08, 0x12, 0x08, 0x4E, 0x34, 0x11, 0x13, 0x35,
	0x21, 0x24, 0x12, 0x11, 0x10, 0x09, 0x07, 0x1F, 0x2B, 0x01, 0x33, 0x13, 0x23, 0x27, 0x07, 0x23,
	0x01, 0x34, 0x36, 0x36, 0x33, 0x21, 0x15, 0x21, 0x22, 0x06, 0x15, 0x11, 0x14, 0x16, 0x33, 0x21,
	0x32, 0x36, 0x35, 0x35, 0x21, 0x35, 0x21, 0x11, 0x14, 0x06, 0x06, 0x23, 0x21, 0x22, 0x26, 0x26,
	0x35, 0x02, 0x79, 0x9B, 0xEA, 0x8D, 0xAB, 0xAA, 0x8D, 0xFE, 0xE9, 0x73, 0xC0, 0x75, 0x02, 0xA1,
	0xFD, 0x5F, 0x58, 0x7D, 0x7D, 0x58, 0x01, 0x4D, 0x59, 0x7C, 0xFE, 0x7E, 0x02, 0x55, 0x72, 0xC1,
	0x75, 0xFE, 0xB3, 0x75, 0xC0, 0x73, 0x07, 0x3D, 0xFE, 0xCB, 0xAC, 0xAC, 0xFD, 0xF6, 0x6F, 0xB5,
	0x6C, 0xD2, 0x6F, 0x4E, 0xFD, 0x90, 0x4E, 0x6F, 0x6F, 0x4E, 0xBA, 0xD2, 0xFE, 0x75, 0x6E, 0xB6,
	0x6C, 0x6C, 0xB6, 0x6E, 0x00, 0x02, 0x00, 0x78, 0x00, 0x00, 0x05, 0x15, 0x06, 0xE5, 0x00, 0x0B,
	0x00, 0x2C, 0x00, 0x33, 0x40, 0x30, 0x00, 0x00, 0x00, 0x01, 0x02, 0x00, 0x01, 0x69, 0x00, 0x06,
	0x00, 0x05, 0x04, 0x06, 0x05, 0x67, 0x00, 0x03, 0x03, 0x02, 0x5F, 0x00, 0x02, 0x02, 0x11, 0x4D,
	0x00, 0x04, 0x04, 0x07, 0x5F, 0x00, 0x07, 0x07, 0x12, 0x07, 0x4E, 0x34, 0x11, 0x13, 0x35, 0x21,
	0x25, 0x24, 0x22, 0x08, 0x07, 0x1E, 0x2B, 0x01, 0x34, 0x36, 0x33, 0x32, 0x16, 0x15, 0x14, 0x06,
	0x23, 0x22, 0x26, 0x01, 0x34, 0x36, 0x36, 0x33, 0x21, 0x15, 0x21, 0x22, 0x06, 0x15, 0x11, 0x14,
	0x16, 0x33, 0x21, 0x32, 0x36, 0x35, 0x35, 0x21, 0x35, 0x21, 0x11, 0x14, 0x06, 0x06, 0x23, 0x21,
	0x22, 0x26, 0x26, 0x35, 0x02, 0x57, 0x41, 0x2E, 0x2E, 0x40, 0x40, 0x2E, 0x2E, 0x41, 0xFE, 0x21,
	0x73, 0xC0, 0x75, 0x02, 0xA1, 0xFD, 0x5F, 0x58, 0x7D, 0x7D, 0x58, 0x01, 0x4D, 0x59, 0x7C, 0xFE,
	0x7E, 0x02, 0x55, 0x72, 0xC1, 0x75, 0xFE, 0xB3, 0x75, 0xC0, 0x73, 0x06, 0x76, 0x2F, 0x40, 0x40,
	0x2F, 0x2E, 0x40, 0x40, 0xFD, 0xB6, 0x6F, 0xB5, 0x6C, 0xD2, 0x6F, 0x4E, 0xFD, 0x90, 0x4E, 0x6F,
	0x6F, 0x4E, 0xBA, 0xD2, 0xFE, 0x75, 0x6E, 0xB6, 0x6C, 0x6C, 0xB6, 0x6E, 0x00, 0x01, 0x00, 0x8C,
	0x00, 0x00, 0x05, 0x12, 0x05, 0x8E, 0x00, 0x0B, 0x00, 0x21, 0x40, 0x1E, 0x00, 0x01, 0x00, 0x04,
	0x03, 0x01, 0x04, 0x67, 0x02, 0x01, 0x00, 0x00, 0x11, 0x4D, 0x05, 0x01, 0x03, 0x03, 0x12, 0x03,
	0x4E, 0x11, 0x11, 0x11, 0x11, 0x11, 0x10, 0x06, 0x07, 0x1C, 0x2B, 0x13, 0x33, 0x11, 0x21, 0x11,
	0x33, 0x11, 0x23, 0x11, 0x21, 0x11, 0x23, 0x8C, 0xD3, 0x02, 0xE1, 0xD2, 0xD2, 0xFD, 0x1F, 0xD3,
	0x05, 0x8E, 0xFD, 0xBF, 0x02, 0x41, 0xFA, 0x72, 0x02, 0x7B, 0xFD, 0x85, 0x00, 0x02, 0x00, 0x3C,
	0x00, 0x00, 0x06, 0x02, 0x05, 0x8E, 0x00, 0x13, 0x00, 0x17, 0x00, 0x3B, 0x40, 0x38, 0x04, 0x02,
	0x02, 0x00, 0x0A, 0x09, 0x02, 0x05, 0x0B, 0x00, 0x05, 0x67, 0x0C, 0x01, 0x0B, 0x00, 0x07, 0x06,
	0x0B, 0x07, 0x67, 0x03, 0x01, 0x01, 0x01, 0x11, 0x4D, 0x08, 0x01, 0x06, 0x06, 0x12, 0x06, 0x4E,
	0x14, 0x14, 0x14, 0x17, 0x14, 0x17, 0x16, 0x15, 0x13, 0x12, 0x11, 0x11, 0x11, 0x11, 0x11, 0x11,
	0x11, 0x11, 0x10, 0x0D, 0x07, 0x1F, 0x2B, 0x13, 0x33, 0x35, 0x33, 0x15, 0x21, 0x35, 0x33, 0x15,
	0x33, 0x15, 0x23, 0x11, 0x23, 0x11, 0x21, 0x11, 0x23, 0x11, 0x23, 0x01, 0x11, 0x21, 0x11, 0x3C,
	0xA0, 0xD3, 0x02, 0xE1, 0xD2, 0xA0, 0xA0, 0xD2, 0xFD, 0x1F, 0xD3, 0xA0, 0x04, 0x54, 0xFD, 0x1F,
	0x05, 0x17, 0x77, 0x77, 0x77, 0x77, 0x93, 0xFB, 0x7C, 0x02, 0x7B, 0xFD, 0x85, 0x04, 0x84, 0xFE,
	0xC9, 0x01, 0x37, 0xFE, 0xC9, 0x00, 0x00, 0x02, 0x00, 0x8C, 0x00, 0x00, 0x05, 0x12, 0x07, 0x3C,
	0x00, 0x06, 0x00, 0x12, 0x00, 0x35, 0x40, 0x32, 0x04, 0x01, 0x01, 0x00, 0x01, 0x4C, 0x00, 0x00,
	0x01, 0x00, 0x85, 0x02, 0x01, 0x01, 0x03, 0x01, 0x85, 0x00, 0x04, 0x00, 0x07, 0x06, 0x04, 0x07,
	0x68, 0x05, 0x01, 0x03, 0x03, 0x11, 0x4D, 0x08, 0x01, 0x06, 0x06, 0x12, 0x06, 0x4E, 0x11, 0x11,
	0x11, 0x11, 0x11, 0x11, 0x12, 0x11, 0x10, 0x09, 0x07, 0x1F, 0x2B, 0x01, 0x33, 0x13, 0x23, 0x27,
	0x07, 0x23, 0x05, 0x33, 0x11, 0x21, 0x11, 0x33, 0x11, 0x23, 0x11, 0x21, 0x11, 0x23, 0x02, 0x82,
	0x9B, 0xEA, 0x8D, 0xAB, 0xAA, 0x8D, 0xFE, 0xF4, 0xD3, 0x02, 0xE1, 0xD2, 0xD2, 0xFD, 0x1F, 0xD3,
	0x07, 0x3C, 0xFE, 0xCB, 0xAC, 0xAC, 0x79, 0xFD, 0xBF, 0x02, 0x41, 0xFA, 0x72, 0x02, 0x7B, 0xFD,
	0x85, 0x00, 0x00, 0x01, 0x00, 0x8C, 0x00, 0x00, 0x01, 0x5F, 0x05, 0x8E, 0x00, 0x03, 0x00, 0x13,
	0x40, 0x10, 0x00, 0x00, 0x00, 0x11, 0x4D, 0x00, 0x01, 0x01, 0x12, 0x01, 0x4E, 0x11, 0x10, 0x02,
	0x07, 0x18, 0x2B, 0x13, 0x33, 0x11, 0x23, 0x8C, 0xD3, 0xD3, 0x05, 0x8E, 0xFA, 0x72, 0x00, 0x02,
	0x00, 0x8C, 0x00, 0x00, 0x04, 0x8E, 0x05, 0x8E, 0x00, 0x0C, 0x00, 0x10, 0x00, 0x1D, 0x40, 0x1A,
	0x03, 0x01, 0x01, 0x01, 0x11, 0x4D, 0x00, 0x00, 0x00, 0x02, 0x5F, 0x04, 0x01, 0x02, 0x02, 0x12,
	0x02, 0x4E, 0x11, 0x11, 0x24, 0x13, 0x20, 0x05, 0x07, 0x1B, 0x2B, 0x25, 0x33, 0x32, 0x36, 0x35,
	0x11, 0x33, 0x11, 0x14, 0x06, 0x06, 0x23, 0x23, 0x01, 0x33, 0x11, 0x23, 0x01, 0xFF, 0xFE, 0x4F,
	0x70, 0xD2, 0x6C, 0xB6, 0x6F, 0xFE, 0xFE, 0x8D, 0xD3, 0xD3, 0xD2, 0x6E, 0x4E, 0x04, 0x00, 0xFB,
	0xFD, 0x6D, 0xB3, 0x6B, 0x05, 0x8E, 0xFA, 0x72, 0x00, 0x02, 0x00, 0x83, 0x00, 0x00, 0x01, 0xBB,
	0x07, 0xAE, 0x00, 0x03, 0x00, 0x07, 0x00, 0x19, 0x40, 0x16, 0x03, 0x02, 0x01, 0x03, 0x00, 0x4A,
	0x00, 0x00, 0x00, 0x11, 0x4D, 0x00, 0x01, 0x01, 0x12, 0x01, 0x4E, 0x11, 0x14, 0x02, 0x07, 0x18,
	0x2B, 0x01, 0x17, 0x03, 0x27, 0x17, 0x33, 0x11, 0x23, 0x01, 0x04, 0xB7, 0xC6, 0x72, 0x09, 0xD3,
	0xD3, 0x07, 0xAE, 0x58, 0xFE, 0xB2, 0x35, 0xAF, 0xFA, 0x72, 0x00, 0x02, 0xFF, 0xCB, 0x00, 0x00,
	0x02, 0x1F, 0x07, 0x32, 0x00, 0x0F, 0x00, 0x13, 0x00, 0x2D, 0x40, 0x2A, 0x06, 0x03, 0x02, 0x01,
	0x00, 0x01, 0x85, 0x00, 0x00, 0x00, 0x02, 0x04, 0x00, 0x02, 0x69, 0x00, 0x04, 0x04, 0x11, 0x4D,
	0x00, 0x05, 0x05, 0x12, 0x05, 0x4E, 0x00, 0x00, 0x13, 0x12, 0x11, 0x10, 0x00, 0x0F, 0x00, 0x0F,
	0x23, 0x12, 0x22, 0x07, 0x07, 0x19, 0x2B, 0x13, 0x14, 0x16, 0x33, 0x32, 0x36, 0x35, 0x33, 0x14,
	0x06, 0x06, 0x23, 0x22, 0x26, 0x26, 0x35, 0x13, 0x33, 0x11, 0x23, 0x51, 0x61, 0x43, 0x44, 0x60,
	0x86, 0x51, 0x87, 0x52, 0x52, 0x87, 0x51, 0xC1, 0xD3, 0xD3, 0x07, 0x32, 0x43, 0x61, 0x61, 0x43,
	0x52, 0x87, 0x51, 0x51, 0x87, 0x52, 0xFE, 0x5C, 0xFA, 0x72, 0x00, 0x02, 0xFF, 0xBE, 0x00, 0x00,
	0x02, 0x2D, 0x07, 0x3C, 0x00, 0x06, 0x00, 0x0A, 0x00, 0x27, 0x40, 0x24, 0x04, 0x01, 0x01, 0x00,
	0x01, 0x4C, 0x00, 0x00, 0x01, 0x00, 0x85, 0x02, 0x01, 0x01, 0x03, 0x01, 0x85, 0x00, 0x03, 0x03,
	0x11, 0x4D, 0x00, 0x04, 0x04, 0x12, 0x04, 0x4E, 0x11, 0x11, 0x12, 0x11, 0x10, 0x05, 0x07, 0x1B,
	0x2B, 0x13, 0x33, 0x13, 0x23, 0x27, 0x07, 0x23, 0x17, 0x33, 0x11, 0x23, 0xA8, 0x9B, 0xEA, 0x8D,
	0xAB, 0xAA, 0x8D, 0xCE, 0xD3, 0xD3, 0x07, 0x3C, 0xFE, 0xCB, 0xAC, 0xAC, 0x79, 0xFA, 0x72, 0x00,
	0x00, 0x03, 0xFF, 0xDD, 0x00, 0x00, 0x02, 0x0E, 0x06, 0xE6, 0x00, 0x0B, 0x00, 0x17, 0x00, 0x1B,
	0x00, 0x21, 0x40, 0x1E, 0x02, 0x01, 0x00, 0x03, 0x01, 0x01, 0x04, 0x00, 0x01, 0x69, 0x00, 0x04,
	0x04, 0x11, 0x4D, 0x00, 0x05, 0x05, 0x12, 0x05, 0x4E, 0x11, 0x12, 0x24, 0x24, 0x24, 0x22, 0x06,
	0x07, 0x1C, 0x2B, 0x03, 0x34, 0x36, 0x33, 0x32, 0x16, 0x15, 0x14, 0x06, 0x23, 0x22, 0x26, 0x25,
	0x34, 0x36, 0x33, 0x32, 0x16, 0x15, 0x14, 0x06, 0x23, 0x22, 0x26, 0x07, 0x33, 0x11, 0x23, 0x23,
	0x40, 0x2E, 0x2F, 0x40, 0x40, 0x2F, 0x2E, 0x40, 0x01, 0x54, 0x40, 0x2E, 0x2F, 0x40, 0x40, 0x2F,
	0x2E, 0x40, 0xA5, 0xD3, 0xD3, 0x06, 0x77, 0x2F, 0x40, 0x40, 0x2F, 0x2E, 0x40, 0x40, 0x2E, 0x2F,
	0x40, 0x40, 0x2F, 0x2E, 0x40, 0x40, 0xBB, 0xFA, 0x72, 0x00, 0x00, 0x02, 0x00, 0x78, 0x00, 0x00,
	0x01, 0x56, 0x06, 0xD5, 0x00, 0x0B, 0x00, 0x0F, 0x00, 0x1D, 0x40, 0x1A, 0x00, 0x00, 0x00, 0x01,
	0x02, 0x00, 0x01, 0x69, 0x00, 0x02, 0x02, 0x11, 0x4D, 0x00, 0x03, 0x03, 0x12, 0x03, 0x4E, 0x11,
	0x12, 0x24, 0x22, 0x04, 0x07, 0x1A, 0x2B, 0x13, 0x34, 0x36, 0x33, 0x32, 0x16, 0x15, 0x14, 0x06,
	0x23, 0x22, 0x26, 0x07, 0x33, 0x11, 0x23, 0x79, 0x41, 0x2E, 0x2E, 0x40, 0x40, 0x2E, 0x2E, 0x41,
	0x01, 0xD3, 0xD3, 0x06, 0x66, 0x2E, 0x41, 0x41, 0x2E, 0x2E, 0x40, 0x40, 0xAA, 0xFA, 0x72, 0x00,
	0x00, 0x02, 0x00, 0x2F, 0x00, 0x00, 0x01, 0x67, 0x07, 0xAE, 0x00, 0x03, 0x00, 0x07, 0x00, 0x19,
	0x40, 0x16, 0x03, 0x02, 0x01, 0x03, 0x00, 0x4A, 0x00, 0x00, 0x00, 0x11, 0x4D, 0x00, 0x01, 0x01,
	0x12, 0x01, 0x4E, 0x11, 0x14, 0x02, 0x07, 0x18, 0x2B, 0x13, 0x13, 0x07, 0x03, 0x13, 0x33, 0x11,
	0x23, 0xE6, 0x81, 0x72, 0xC6, 0x5D, 0xD3, 0xD3, 0x07, 0xAE, 0xFE, 0x8F, 0x35, 0x01, 0x4E, 0xFE,
	0x38, 0xFA, 0x72, 0x00, 0x00, 0x02, 0xFF, 0xCA, 0x00, 0x00, 0x02, 0x1F, 0x06, 0x9B, 0x00, 0x03,
	0x00, 0x07, 0x00, 0x1D, 0x40, 0x1A, 0x00, 0x00, 0x00, 0x01, 0x02, 0x00, 0x01, 0x67, 0x00, 0x02,
	0x02, 0x11, 0x4D, 0x00, 0x03, 0x03, 0x12, 0x03, 0x4E, 0x11, 0x11, 0x11, 0x10, 0x04, 0x07, 0x1A,
	0x2B, 0x03, 0x21, 0x15, 0x21, 0x17, 0x33, 0x11, 0x23, 0x36, 0x02, 0x55, 0xFD, 0xAB, 0xC2, 0xD3,
	0xD3, 0x06, 0x9B, 0x93, 0x7A, 0xFA, 0x72, 0x00, 0x00, 0x01, 0x00, 0x84, 0xFE, 0xCD, 0x01, 0xB2,
	0x05, 0x8E, 0x00, 0x14, 0x00, 0x28, 0x40, 0x25, 0x0F, 0x01, 0x03, 0x00, 0x10, 0x01, 0x04, 0x03,
	0x02, 0x4C, 0x00, 0x03, 0x00, 0x04, 0x03, 0x04, 0x65, 0x00, 0x01, 0x01, 0x11, 0x4D, 0x02, 0x01,
	0x00, 0x00, 0x12, 0x00, 0x4E, 0x26, 0x14, 0x11, 0x11, 0x12, 0x05, 0x07, 0x1B, 0x2B, 0x17, 0x34,
	0x37, 0x23, 0x11, 0x33, 0x11, 0x23, 0x06, 0x06, 0x15, 0x14, 0x33, 0x32, 0x36, 0x37, 0x15, 0x06,
	0x06, 0x23, 0x22, 0x84, 0x28, 0x20, 0xD3, 0x1F, 0x17, 0x0E, 0x29, 0x0D, 0x24, 0x3D, 0x42, 0x3B,
	0x19, 0x98, 0xB1, 0x47, 0x6A, 0x05, 0x8E, 0xFA, 0x72, 0x3F, 0x30, 0x0F, 0x1F, 0x04, 0x0A, 0x94,
	0x0A, 0x06, 0x00, 0x02, 0xFF, 0xAB, 0x00, 0x00, 0x02, 0x3D, 0x06, 0xED, 0x00, 0x17, 0x00, 0x1B,
	0x00, 0x33, 0x40, 0x30, 0x02, 0x01, 0x00, 0x00, 0x04, 0x03, 0x00, 0x04, 0x69, 0x00, 0x01, 0x08,
	0x05, 0x02, 0x03, 0x06, 0x01, 0x03, 0x6A, 0x00, 0x06, 0x06, 0x11, 0x4D, 0x00, 0x07, 0x07, 0x12,
	0x07, 0x4E, 0x00, 0x00, 0x1B, 0x1A, 0x19, 0x18, 0x00, 0x17, 0x00, 0x17, 0x24, 0x22, 0x11, 0x24,
	0x22, 0x09, 0x07, 0x1B, 0x2B, 0x03, 0x36, 0x36, 0x33, 0x32, 0x16, 0x17, 0x16, 0x16, 0x33, 0x32,
	0x35, 0x33, 0x14, 0x06, 0x23, 0x22, 0x26, 0x27, 0x26, 0x26, 0x23, 0x22, 0x15, 0x17, 0x33, 0x11,
	0x23, 0x55, 0x01, 0x6D, 0x54, 0x17, 0x39, 0x33, 0x37, 0x35, 0x17, 0x2D, 0x9D, 0x70, 0x50, 0x17,
	0x39, 0x35, 0x38, 0x36, 0x17, 0x2D, 0x46, 0xD3, 0xD3, 0x06, 0x10, 0x60, 0x7D, 0x10, 0x15, 0x16,
	0x10, 0x46, 0x5D, 0x83, 0x12, 0x16, 0x18, 0x11, 0x49, 0x82, 0xFA, 0x72, 0x00, 0x01, 0x00, 0x28,
	0x00, 0x00, 0x02, 0xB7, 0x05, 0x8E, 0x00, 0x0C, 0x00, 0x19, 0x40, 0x16, 0x00, 0x01, 0x01, 0x11,
	0x4D, 0x00, 0x00, 0x00, 0x02, 0x5F, 0x00, 0x02, 0x02, 0x12, 0x02, 0x4E, 0x24, 0x13, 0x20, 0x03,
	0x07, 0x19, 0x2B, 0x37, 0x33, 0x32, 0x36, 0x35, 0x11, 0x33, 0x11, 0x14, 0x06, 0x06, 0x23, 0x23,
	0x28, 0xFE, 0x4F, 0x70, 0xD2, 0x6C, 0xB6, 0x6F, 0xFE, 0xD2, 0x6E, 0x4E, 0x04, 0x00, 0xFB, 0xFD,
	0x6D, 0xB3, 0x6B, 0x00, 0x00, 0x02, 0x00, 0x28, 0x00, 0x00, 0x03, 0x86, 0x07, 0x3C, 0x00, 0x06,
	0x00, 0x13, 0x00, 0x2D, 0x40, 0x2A, 0x04, 0x01, 0x01, 0x00, 0x01, 0x4C, 0x00, 0x00, 0x01, 0x00,
	0x85, 0x02, 0x01, 0x01, 0x04, 0x01, 0x85, 0x00, 0x04, 0x04, 0x11, 0x4D, 0x00, 0x03, 0x03, 0x05,
	0x5F, 0x00, 0x05, 0x05, 0x12, 0x05, 0x4E, 0x24, 0x13, 0x21, 0x12, 0x11, 0x10, 0x06, 0x07, 0x1C,
	0x2B, 0x01, 0x33, 0x13, 0x23, 0x27, 0x07, 0x23, 0x03, 0x33, 0x32, 0x36, 0x35, 0x11, 0x33, 0x11,
	0x14, 0x06, 0x06, 0x23, 0x23, 0x02, 0x01, 0x9B, 0xEA, 0x8D, 0xAB, 0xAA, 0x8D, 0xEF, 0xFE, 0x4F,
	0x70, 0xD2, 0x6C, 0xB6, 0x6F, 0xFE, 0x07, 0x3C, 0xFE, 0xCB, 0xAC, 0xAC, 0xFA, 0xCB, 0x6E, 0x4E,
	0x04, 0x00, 0xFB, 0xFD, 0x6D, 0xB3, 0x6B, 0x00, 0x00, 0x01, 0x00, 0x8C, 0x00, 0x00, 0x05, 0x4A,
	0x05, 0x8E, 0x00, 0x0C, 0x00, 0x27, 0x40, 0x24, 0x06, 0x01, 0x04, 0x01, 0x01, 0x4C, 0x00, 0x01,
	0x00, 0x04, 0x03, 0x01, 0x04, 0x67, 0x02, 0x01, 0x00, 0x00, 0x11, 0x4D, 0x05, 0x01, 0x03, 0x03,
	0x12, 0x03, 0x4E, 0x11, 0x11, 0x12, 0x11, 0x11, 0x10, 0x06, 0x07, 0x1C, 0x2B, 0x13, 0x33, 0x11,
	0x33, 0x01, 0x21, 0x01, 0x01, 0x21, 0x01, 0x23, 0x11, 0x23, 0x8C, 0xD3, 0x69, 0x02, 0x34, 0x01,
	0x23, 0xFD, 0x50, 0x02, 0xDB, 0xFE, 0xD9, 0xFD, 0x7A, 0x3E, 0xD3, 0x05, 0x8E, 0xFD, 0xC0, 0x02,
	0x40, 0xFD, 0x41, 0xFD, 0x31, 0x02, 0x7B, 0xFD, 0x85, 0x00, 0x00, 0x01, 0x00, 0x8C, 0x00, 0x00,
	0x04, 0xDA, 0x05, 0x8E, 0x00, 0x0C, 0x00, 0x19, 0x40, 0x16, 0x00, 0x00, 0x00, 0x11, 0x4D, 0x00,
	0x01, 0x01, 0x02, 0x5F, 0x00, 0x02, 0x02, 0x12, 0x02, 0x4E, 0x21, 0x23, 0x10, 0x03, 0x07, 0x19,
	0x2B, 0x13, 0x33, 0x11, 0x14, 0x16, 0x33, 0x21, 0x15, 0x21, 0x22, 0x26, 0x26, 0x35, 0x8C, 0xD2,
	0x6E, 0x4D, 0x02, 0xC1, 0xFD, 0x3F, 0x6D, 0xB5, 0x6B, 0x05, 0x8E, 0xFC, 0x00, 0x4E, 0x6E, 0xD2,
	0x6B, 0xB5, 0x6E, 0x00, 0x00, 0x02, 0x00, 0x83, 0x00, 0x00, 0x04, 0xDA, 0x07, 0xAE, 0x00, 0x03,
	0x00, 0x10, 0x00, 0x1F, 0x40, 0x1C, 0x03, 0x02, 0x01, 0x03, 0x00, 0x4A, 0x00, 0x00, 0x00, 0x11,
	0x4D, 0x00, 0x01, 0x01, 0x02, 0x5F, 0x00, 0x02, 0x02, 0x12, 0x02, 0x4E, 0x21, 0x23, 0x14, 0x03,
	0x07, 0x19, 0x2B, 0x01, 0x17, 0x03, 0x27, 0x17, 0x33, 0x11, 0x14, 0x16, 0x33, 0x21, 0x15, 0x21,
	0x22, 0x26, 0x26, 0x35, 0x01, 0x04, 0xB7, 0xC6, 0x72, 0x09, 0xD2, 0x6E, 0x4D, 0x02, 0xC1, 0xFD,
	0x3F, 0x6D, 0xB5, 0x6B, 0x07, 0xAE, 0x58, 0xFE, 0xB2, 0x35, 0xAF, 0xFC, 0x00, 0x4E, 0x6E, 0xD2,
	0x6B, 0xB5, 0x6E, 0x00, 0x00, 0x02, 0x00, 0x8C, 0x00, 0x00, 0x06, 0xC9, 0x05, 0x8E, 0x00, 0x03,
	0x00, 0x10, 0x00, 0x21, 0x40, 0x1E, 0x03, 0x02, 0x01, 0x03, 0x01, 0x00, 0x01, 0x4C, 0x00, 0x00,
	0x00, 0x11, 0x4D, 0x00, 0x01, 0x01, 0x02, 0x5F, 0x00, 0x02, 0x02, 0x12, 0x02, 0x4E, 0x21, 0x23,
	0x14, 0x03, 0x07, 0x19, 0x2B, 0x01, 0x17, 0x03, 0x27, 0x01, 0x33, 0x11, 0x14, 0x16, 0x33, 0x21,
	0x15, 0x21, 0x22, 0x26, 0x26, 0x35, 0x06, 0x12, 0xB7, 0xC6, 0x72, 0xFA, 0xFB, 0xD2, 0x6E, 0x4D,
	0x02, 0xC1, 0xFD, 0x3F, 0x6D, 0xB5, 0x6B, 0x05, 0x8E, 0x58, 0xFE, 0xB2, 0x35, 0x01, 0x71, 0xFC,
	0x00, 0x4E, 0x6E, 0xD2, 0x6B, 0xB5, 0x6E, 0x00, 0x00, 0x02, 0x00, 0x8C, 0x00, 0x00, 0x04, 0xDA,
	0x05, 0x8E, 0x00, 0x0C, 0x00, 0x18, 0x00, 0x23, 0x40, 0x20, 0x00, 0x03, 0x00, 0x04, 0x01, 0x03,
	0x04, 0x69, 0x00, 0x00, 0x00, 0x11, 0x4D, 0x00, 0x01, 0x01, 0x02, 0x5F, 0x00, 0x02, 0x02, 0x12,
	0x02, 0x4E, 0x24, 0x26, 0x21, 0x23, 0x10, 0x05, 0x07, 0x1B, 0x2B, 0x13, 0x33, 0x11, 0x14, 0x16,
	0x33, 0x21, 0x15, 0x21, 0x22, 0x26, 0x26, 0x35, 0x01, 0x34, 0x36, 0x33, 0x32, 0x16, 0x15, 0x14,
	0x06, 0x23, 0x22, 0x26, 0x8C, 0xD2, 0x6E, 0x4D, 0x02, 0xC1, 0xFD, 0x3F, 0x6D, 0xB5, 0x6B, 0x01,
	0xB9, 0x40, 0x2E, 0x2F, 0x40, 0x40, 0x2F, 0x2E, 0x40, 0x05, 0x8E, 0xFC, 0x00, 0x4E, 0x6E, 0xD2,
	0x6B, 0xB5, 0x6E, 0x01, 0x3A, 0x2E, 0x40, 0x40, 0x2E, 0x2E, 0x41, 0x41, 0x00, 0x01, 0x00, 0x3C,
	0x00, 0x00, 0x05, 0x49, 0x05, 0x8E, 0x00, 0x14, 0x00, 0x26, 0x40, 0x23, 0x14, 0x13, 0x12, 0x06,
	0x05, 0x04, 0x03, 0x00, 0x08, 0x01, 0x00, 0x01, 0x4C, 0x00, 0x00, 0x00, 0x11, 0x4D, 0x00, 0x01,
	0x01, 0x02, 0x5F, 0x00, 0x02, 0x02, 0x12, 0x02, 0x4E, 0x21, 0x27, 0x11, 0x03, 0x07, 0x19, 0x2B,
	0x13, 0x11, 0x33, 0x11, 0x37, 0x17, 0x07, 0x11, 0x14, 0x16, 0x33, 0x21, 0x15, 0x21, 0x22, 0x26,
	0x26, 0x35, 0x35, 0x07, 0x27, 0xFB, 0xD2, 0x74, 0x4A, 0xBE, 0x6E, 0x4D, 0x02, 0xC1, 0xFD, 0x3F,
	0x6D, 0xB5, 0x6B, 0x75, 0x4A, 0x02, 0xE0, 0x02, 0xAE, 0xFD, 0xCB, 0x43, 0x7F, 0x6E, 0xFE, 0xDF,
	0x4E, 0x6E, 0xD2, 0x6B, 0xB5, 0x6E, 0xA8, 0x43, 0x7F, 0x00, 0x00, 0x01, 0x00, 0x8C, 0x00, 0x00,
	0x05, 0xA4, 0x05, 0x8E, 0x00, 0x0C, 0x00, 0x28, 0x40, 0x25, 0x0A, 0x07, 0x02, 0x03, 0x03, 0x00,
	0x01, 0x4C, 0x00, 0x03, 0x00, 0x02, 0x00, 0x03, 0x02, 0x80, 0x01, 0x01, 0x00, 0x00, 0x11, 0x4D,
	0x04, 0x01, 0x02, 0x02, 0x12, 0x02, 0x4E, 0x12, 0x12, 0x11, 0x12, 0x10, 0x05, 0x07, 0x1B, 0x2B,
	0x13, 0x33, 0x01, 0x01, 0x33, 0x11, 0x23, 0x11, 0x01, 0x23, 0x01, 0x11, 0x23, 0x8C, 0xC1, 0x01,
	0xCB, 0x01, 0xCB, 0xC1, 0xD3, 0xFE, 0x9F, 0xAF, 0xFE, 0x9E, 0xD3, 0x05, 0x8E, 0xFD, 0xCF, 0x02,
	0x31, 0xFA, 0x72, 0x04, 0x27, 0xFE, 0x54, 0x01, 0xAC, 0xFB, 0xD9, 0x00, 0x00, 0x02, 0x00, 0x8C,
	0x00, 0x00, 0x05, 0xA4, 0x06, 0xE5, 0x00, 0x0B, 0x00, 0x18, 0x00, 0x32, 0x40, 0x2F, 0x16, 0x13,
	0x0E, 0x03, 0x05, 0x02, 0x01, 0x4C, 0x00, 0x05, 0x02, 0x04, 0x02, 0x05, 0x04, 0x80, 0x00, 0x00,
	0x00, 0x01, 0x02, 0x00, 0x01, 0x69, 0x03, 0x01, 0x02, 0x02, 0x11, 0x4D, 0x06, 0x01, 0x04, 0x04,
	0x12, 0x04, 0x4E, 0x12, 0x12, 0x11, 0x12, 0x12, 0x24, 0x22, 0x07, 0x07, 0x1D, 0x2B, 0x01, 0x34,
	0x36, 0x33, 0x32, 0x16, 0x15, 0x14, 0x06, 0x23, 0x22, 0x26, 0x05, 0x33, 0x01, 0x01, 0x33, 0x11,
	0x23, 0x11, 0x01, 0x23, 0x01, 0x11, 0x23, 0x02, 0xAA, 0x41, 0x2E, 0x2E, 0x40, 0x40, 0x2E, 0x2E,
	0x41, 0xFD, 0xE2, 0xC1, 0x01, 0xCB, 0x01, 0xCB, 0xC1, 0xD3, 0xFE, 0x9F, 0xAF, 0xFE, 0x9E, 0xD3,
	0x06, 0x76, 0x2F, 0x40, 0x40, 0x2F, 0x2E, 0x40, 0x40, 0xBA, 0xFD, 0xCF, 0x02, 0x31, 0xFA, 0x72,
	0x04, 0x27, 0xFE, 0x54, 0x01, 0xAC, 0xFB, 0xD9, 0x00, 0x01, 0x00, 0x8C, 0x00, 0x00, 0x04, 0xDC,
	0x05, 0x8E, 0x00, 0x09, 0x00, 0x1E, 0x40, 0x1B, 0x07, 0x02, 0x02, 0x02, 0x00, 0x01, 0x4C, 0x01,
	0x01, 0x00, 0x00, 0x11, 0x4D, 0x03, 0x01, 0x02, 0x02, 0x12, 0x02, 0x4E, 0x12, 0x11, 0x12, 0x10,
	0x04, 0x07, 0x1A, 0x2B, 0x13, 0x21, 0x01, 0x11, 0x33, 0x11, 0x21, 0x01, 0x11, 0x23, 0x8C, 0x01,
	0x12, 0x02, 0x6B, 0xD3, 0xFE, 0xEE, 0xFD, 0x95, 0xD3, 0x05, 0x8E, 0xFB, 0xA3, 0x04, 0x5D, 0xFA,
	0x72, 0x04, 0x4E, 0xFB, 0xB2, 0x00, 0x00, 0x02, 0x00, 0x8C, 0x00, 0x00, 0x04, 0xDC, 0x07, 0xAE,
	0x00, 0x03, 0x00, 0x0D, 0x00, 0x24, 0x40, 0x21, 0x0B, 0x06, 0x02, 0x02, 0x00, 0x01, 0x4C, 0x03,
	0x02, 0x01, 0x03, 0x00, 0x4A, 0x01, 0x01, 0x00, 0x00, 0x11, 0x4D, 0x03, 0x01, 0x02, 0x02, 0x12,
	0x02, 0x4E, 0x12, 0x11, 0x12, 0x14, 0x04, 0x07, 0x1A, 0x2B, 0x01, 0x17, 0x03, 0x27, 0x05, 0x21,
	0x01, 0x11, 0x33, 0x11, 0x21, 0x01, 0x11, 0x23, 0x02, 0xC3, 0xB7, 0xC6, 0x72, 0xFE, 0x4A, 0x01,
	0x12, 0x02, 0x6B, 0xD3, 0xFE, 0xEE, 0xFD, 0x95, 0xD3, 0x07, 0xAE, 0x58, 0xFE, 0xB2, 0x35, 0xAF,
	0xFB, 0xA3, 0x04, 0x5D, 0xFA, 0x72, 0x04, 0x4E, 0xFB, 0xB2, 0x00, 0x02, 0x00, 0x8C, 0x00, 0x00,
	0x04, 0xDC, 0x07, 0x3D, 0x00, 0x06, 0x00, 0x10, 0x00, 0x3A, 0x40, 0x37, 0x01, 0x01, 0x01, 0x00,
	0x0E, 0x09, 0x02, 0x05, 0x03, 0x02, 0x4C, 0x07, 0x02, 0x02, 0x00, 0x01, 0x00, 0x85, 0x00, 0x01,
	0x03, 0x01, 0x85, 0x04, 0x01, 0x03, 0x03, 0x11, 0x4D, 0x06, 0x01, 0x05, 0x05, 0x12, 0x05, 0x4E,
	0x00, 0x00, 0x10, 0x0F, 0x0D, 0x0C, 0x0B, 0x0A, 0x08, 0x07, 0x00, 0x06, 0x00, 0x06, 0x11, 0x12,
	0x08, 0x07, 0x18, 0x2B, 0x01, 0x17, 0x37, 0x33, 0x03, 0x23, 0x03, 0x03, 0x21, 0x01, 0x11, 0x33,
	0x11, 0x21, 0x01, 0x11, 0x23, 0x02, 0x09, 0xAA, 0xAB, 0x8D, 0xEA, 0x9B, 0xEA, 0xF0, 0x01, 0x12,
	0x02, 0x6B, 0xD3, 0xFE, 0xEE, 0xFD, 0x95, 0xD3, 0x07, 0x3D, 0xAC, 0xAC, 0xFE, 0xCB, 0x01, 0x35,
	0xFE, 0x51, 0xFB, 0xA3, 0x04, 0x5D, 0xFA, 0x72, 0x04, 0x4E, 0xFB, 0xB2, 0x00, 0x02, 0x00, 0x8C,
	0x00, 0x00, 0x04, 0xDC, 0x06, 0xED, 0x00, 0x17, 0x00, 0x21, 0x00, 0x40, 0x40, 0x3D, 0x1F, 0x1A,
	0x02, 0x08, 0x06, 0x01, 0x4C, 0x02, 0x01, 0x00, 0x00, 0x04, 0x03, 0x00, 0x04, 0x69, 0x00, 0x01,
	0x0A, 0x05, 0x02, 0x03, 0x06, 0x01, 0x03, 0x6A, 0x07, 0x01, 0x06, 0x06, 0x11, 0x4D, 0x09, 0x01,
	0x08, 0x08, 0x12, 0x08, 0x4E, 0x00, 0x00, 0x21, 0x20, 0x1E, 0x1D, 0x1C, 0x1B, 0x19, 0x18, 0x00,
	0x17, 0x00, 0x17, 0x24, 0x22, 0x11, 0x24, 0x22, 0x0B, 0x07, 0x1B, 0x2B, 0x01, 0x36, 0x36, 0x33,
	0x32, 0x16, 0x17, 0x16, 0x16, 0x33, 0x32, 0x35, 0x33, 0x14, 0x06, 0x23, 0x22, 0x26, 0x27, 0x26,
	0x26, 0x23, 0x22, 0x15, 0x05, 0x21, 0x01, 0x11, 0x33, 0x11, 0x21, 0x01, 0x11, 0x23, 0x01, 0x6A,
	0x01, 0x6D, 0x54, 0x17, 0x39, 0x33, 0x37, 0x35, 0x17, 0x2D, 0x9D, 0x70, 0x50, 0x17, 0x39, 0x35,
	0x38, 0x36, 0x17, 0x2D, 0xFE, 0x87, 0x01, 0x12, 0x02, 0x6B, 0xD3, 0xFE, 0xEE, 0xFD, 0x95, 0xD3,
	0x06, 0x10, 0x60, 0x7D, 0x10, 0x15, 0x16, 0x10, 0x46, 0x5D, 0x83, 0x12, 0x16, 0x18, 0x11, 0x49,
	0x82, 0xFB, 0xA3, 0x04, 0x5D, 0xFA, 0x72, 0x04, 0x4E, 0xFB, 0xB2, 0x00, 0x00, 0x01, 0x00, 0x8C,
	0xFE, 0x79, 0x04, 0xDC, 0x05, 0x8E, 0x00, 0x13, 0x00, 0x2A, 0x40, 0x27, 0x11, 0x02, 0x02, 0x04,
	0x00, 0x01, 0x4C, 0x01, 0x01, 0x00, 0x00, 0x11, 0x4D, 0x05, 0x01, 0x04, 0x04, 0x12, 0x4D, 0x00,
	0x03, 0x03, 0x02, 0x61, 0x00, 0x02, 0x02, 0x1C, 0x02, 0x4E, 0x12, 0x14, 0x11, 0x14, 0x12, 0x10,
	0x06, 0x07, 0x1C, 0x2B, 0x13, 0x21, 0x01, 0x11, 0x33, 0x11, 0x14, 0x06, 0x06, 0x23, 0x35, 0x32,
	0x36, 0x36, 0x35, 0x35, 0x23, 0x01, 0x11, 0x23, 0x8C, 0x01, 0x12, 0x02, 0x6B, 0xD3, 0x43, 0xA1,
	0x8E, 0x4A, 0x43, 0x12, 0x3F, 0xFD, 0x95, 0xD3, 0x05, 0x8E, 0xFB, 0xA3, 0x04, 0x5D, 0xFA, 0x36,
	0x7E, 0x91, 0x3C, 0xD3, 0x0E, 0x33, 0x37, 0x3C, 0x04, 0x4E, 0xFB, 0xB2, 0x00, 0x02, 0x00, 0x8C,
	0x00, 0x00, 0x05, 0x29, 0x05, 0x8E, 0x00, 0x13, 0x00, 0x23, 0x00, 0x1F, 0x40, 0x1C, 0x00, 0x03,
	0x03, 0x00, 0x5F, 0x00, 0x00, 0x00, 0x11, 0x4D, 0x00, 0x02, 0x02, 0x01, 0x5F, 0x00, 0x01, 0x01,
	0x12, 0x01, 0x4E, 0x35, 0x36, 0x37, 0x33, 0x04, 0x07, 0x1A, 0x2B, 0x13, 0x34, 0x36, 0x36, 0x33,
	0x21, 0x32, 0x16, 0x16, 0x15, 0x11, 0x14, 0x06, 0x06, 0x23, 0x21, 0x22, 0x26, 0x26, 0x35, 0x17,
	0x14, 0x16, 0x33, 0x21, 0x32, 0x36, 0x35, 0x11, 0x34, 0x26, 0x23, 0x21, 0x22, 0x06, 0x15, 0x8C,
	0x73, 0xC0, 0x75, 0x01, 0x4D, 0x75, 0xC1, 0x72, 0x72, 0xC1, 0x75, 0xFE, 0xB3, 0x75, 0xC0, 0x73,
	0xD3, 0x7D, 0x58, 0x01, 0x4D, 0x59, 0x7C, 0x7C, 0x59, 0xFE, 0xB3, 0x58, 0x7D, 0x03, 0xFE, 0x6F,
	0xB5, 0x6C, 0x6C, 0xB5, 0x6F, 0xFD, 0x92, 0x6E, 0xB6, 0x6C, 0x6C, 0xB6, 0x6E, 0x01, 0x4E, 0x6F,
	0x6F, 0x4E, 0x02, 0x70, 0x4E, 0x6F, 0x6F, 0x4E, 0x00, 0x03, 0x00, 0x8C, 0x00, 0x00, 0x05, 0x29,
	0x07, 0xAE, 0x00, 0x03, 0x00, 0x17, 0x00, 0x27, 0x00, 0x25, 0x40, 0x22, 0x03, 0x02, 0x01, 0x03,
	0x00, 0x4A, 0x00, 0x03, 0x03, 0x00, 0x5F, 0x00, 0x00, 0x00, 0x11, 0x4D, 0x00, 0x02, 0x02, 0x01,
	0x5F, 0x00, 0x01, 0x01, 0x12, 0x01, 0x4E, 0x35, 0x36, 0x37, 0x37, 0x04, 0x07, 0x1A, 0x2B, 0x01,
	0x17, 0x03, 0x27, 0x01, 0x34, 0x36, 0x36, 0x33, 0x21, 0x32, 0x16, 0x16, 0x15, 0x11, 0x14, 0x06,
	0x06, 0x23, 0x21, 0x22, 0x26, 0x26, 0x35, 0x17, 0x14, 0x16, 0x33, 0x21, 0x32, 0x36, 0x35, 0x11,
	0x34, 0x26, 0x23, 0x21, 0x22, 0x06, 0x15, 0x02, 0xEA, 0xB7, 0xC6, 0x72, 0xFE, 0x23, 0x73, 0xC0,
	0x75, 0x01, 0x4D, 0x75, 0xC1, 0x72, 0x72, 0xC1, 0x75, 0xFE, 0xB3, 0x75, 0xC0, 0x73, 0xD3, 0x7D,
	0x58, 0x01, 0x4D, 0x59, 0x7C, 0x7C, 0x59, 0xFE, 0xB3, 0x58, 0x7D, 0x07, 0xAE, 0x58, 0xFE, 0xB2,
	0x35, 0xFD, 0xC1, 0x6F, 0xB5, 0x6C, 0x6C, 0xB5, 0x6F, 0xFD, 0x92, 0x6E, 0xB6, 0x6C, 0x6C, 0xB6,
	0x6E, 0x01, 0x4E, 0x6F, 0x6F, 0x4E, 0x02, 0x70, 0x4E, 0x6F, 0x6F, 0x4E, 0x00, 0x03, 0x00, 0x8C,
	0x00, 0x00, 0x05, 0x29, 0x07, 0x34, 0x00, 0x0F, 0x00, 0x23, 0x00, 0x33, 0x00, 0x3B, 0x40, 0x38,
	0x08, 0x03, 0x02, 0x01, 0x00, 0x01, 0x85, 0x00, 0x00, 0x00, 0x02, 0x04, 0x00, 0x02, 0x69, 0x00,
	0x07, 0x07, 0x04, 0x5F, 0x00, 0x04, 0x04, 0x11, 0x4D, 0x00, 0x06, 0x06, 0x05, 0x5F, 0x00, 0x05,
	0x05, 0x12, 0x05, 0x4E, 0x00, 0x00, 0x31, 0x2E, 0x29, 0x26, 0x20, 0x1D, 0x16, 0x13, 0x00, 0x0F,
	0x00, 0x0F, 0x23, 0x12, 0x22, 0x09, 0x07, 0x19, 0x2B, 0x01, 0x14, 0x16, 0x33, 0x32, 0x36, 0x35,
	0x33, 0x14, 0x06, 0x06, 0x23, 0x22, 0x26, 0x26, 0x35, 0x01, 0x34, 0x36, 0x36, 0x33, 0x21, 0x32,
	0x16, 0x16, 0x15, 0x11, 0x14, 0x06, 0x06, 0x23, 0x21, 0x22, 0x26, 0x26, 0x35, 0x17, 0x14, 0x16,
	0x33, 0x21, 0x32, 0x36, 0x35, 0x11, 0x34, 0x26, 0x23, 0x21, 0x22, 0x06, 0x15, 0x02, 0x37, 0x61,
	0x43, 0x44, 0x60, 0x86, 0x51, 0x87, 0x52, 0x52, 0x87, 0x51, 0xFE, 0xDB, 0x73, 0xC0, 0x75, 0x01,
	0x4D, 0x75, 0xC1, 0x72, 0x72, 0xC1, 0x75, 0xFE, 0xB3, 0x75, 0xC0, 0x73, 0xD3, 0x7D, 0x58, 0x01,
	0x4D, 0x59, 0x7C, 0x7C, 0x59, 0xFE, 0xB3, 0x58, 0x7D, 0x07, 0x34, 0x43, 0x61, 0x61, 0x43, 0x52,
	0x87, 0x51, 0x51, 0x87, 0x52, 0xFC, 0xCA, 0x6F, 0xB5, 0x6C, 0x6C, 0xB5, 0x6F, 0xFD, 0x92, 0x6E,
	0xB6, 0x6C, 0x6C, 0xB6, 0x6E, 0x01, 0x4E, 0x6F, 0x6F, 0x4E, 0x02, 0x70, 0x4E, 0x6F, 0x6F, 0x4E,
	0x00, 0x03, 0x00, 0x8C, 0x00, 0x00, 0x05, 0x29, 0x07, 0x3C, 0x00, 0x06, 0x00, 0x1A, 0x00, 0x2A,
	0x00, 0x33, 0x40, 0x30, 0x04, 0x01, 0x01, 0x00, 0x01, 0x4C, 0x00, 0x00, 0x01, 0x00, 0x85, 0x02,
	0x01, 0x01, 0x03, 0x01, 0x85, 0x00, 0x06, 0x06, 0x03, 0x5F, 0x00, 0x03, 0x03, 0x11, 0x4D, 0x00,
	0x05, 0x05, 0x04, 0x5F, 0x00, 0x04, 0x04, 0x12, 0x04, 0x4E, 0x35, 0x36, 0x37, 0x34, 0x12, 0x11,
	0x10, 0x07, 0x07, 0x1D, 0x2B, 0x01, 0x33, 0x13, 0x23, 0x27, 0x07, 0x23, 0x01, 0x34, 0x36, 0x36,
	0x33, 0x21, 0x32, 0x16, 0x16, 0x15, 0x11, 0x14, 0x06, 0x06, 0x23, 0x21, 0x22, 0x26, 0x26, 0x35,
	0x17, 0x14, 0x16, 0x33, 0x21, 0x32, 0x36, 0x35, 0x11, 0x34, 0x26, 0x23, 0x21, 0x22, 0x06, 0x15,
	0x02, 0x8E, 0x9B, 0xEA, 0x8D, 0xAB, 0xAA, 0x8D, 0xFE, 0xE8, 0x73, 0xC0, 0x75, 0x01, 0x4D, 0x75,
	0xC1, 0x72, 0x72, 0xC1, 0x75, 0xFE, 0xB3, 0x75, 0xC0, 0x73, 0xD3, 0x7D, 0x58, 0x01, 0x4D, 0x59,
	0x7C, 0x7C, 0x59, 0xFE, 0xB3, 0x58, 0x7D, 0x07, 0x3C, 0xFE, 0xCB, 0xAC, 0xAC, 0xFD, 0xF7, 0x6F,
	0xB5, 0x6C, 0x6C, 0xB5, 0x6F, 0xFD, 0x92, 0x6E, 0xB6, 0x6C, 0x6C, 0xB6, 0x6E, 0x01, 0x4E, 0x6F,
	0x6F, 0x4E, 0x02, 0x70, 0x4E, 0x6F, 0x6F, 0x4E, 0x00, 0x04, 0x00, 0x8C, 0x00, 0x00, 0x05, 0x29,
	0x06, 0xE6, 0x00, 0x0B, 0x00, 0x17, 0x00, 0x2B, 0x00, 0x3B, 0x00, 0x2D, 0x40, 0x2A, 0x02, 0x01,
	0x00, 0x03, 0x01, 0x01, 0x04, 0x00, 0x01, 0x69, 0x00, 0x07, 0x07, 0x04, 0x5F, 0x00, 0x04, 0x04,
	0x11, 0x4D, 0x00, 0x06, 0x06, 0x05, 0x5F, 0x00, 0x05, 0x05, 0x12, 0x05, 0x4E, 0x35, 0x36, 0x37,
	0x35, 0x24, 0x24, 0x24, 0x22, 0x08, 0x07, 0x1E, 0x2B, 0x01, 0x34, 0x36, 0x33, 0x32, 0x16, 0x15,
	0x14, 0x06, 0x23, 0x22, 0x26, 0x25, 0x34, 0x36, 0x33, 0x32, 0x16, 0x15, 0x14, 0x06, 0x23, 0x22,
	0x26, 0x01, 0x34, 0x36, 0x36, 0x33, 0x21, 0x32, 0x16, 0x16, 0x15, 0x11, 0x14, 0x06, 0x06, 0x23,
	0x21, 0x22, 0x26, 0x26, 0x35, 0x17, 0x14, 0x16, 0x33, 0x21, 0x32, 0x36, 0x35, 0x11, 0x34, 0x26,
	0x23, 0x21, 0x22, 0x06, 0x15, 0x01, 0xC3, 0x40, 0x2E, 0x2F, 0x40, 0x40, 0x2F, 0x2E, 0x40, 0x01,
	0x54, 0x40, 0x2E, 0x2F, 0x40, 0x40, 0x2F, 0x2E, 0x40, 0xFD, 0x75, 0x73, 0xC0, 0x75, 0x01, 0x4D,
	0x75, 0xC1, 0x72, 0x72, 0xC1, 0x75, 0xFE, 0xB3, 0x75, 0xC0, 0x73, 0xD3, 0x7D, 0x58, 0x01, 0x4D,
	0x59, 0x7C, 0x7C, 0x59, 0xFE, 0xB3, 0x58, 0x7D, 0x06, 0x77, 0x2F, 0x40, 0x40, 0x2F, 0x2E, 0x40,
	0x40, 0x2E, 0x2F, 0x40, 0x40, 0x2F, 0x2E, 0x40, 0x40, 0xFD, 0xB5, 0x6F, 0xB5, 0x6C, 0x6C, 0xB5,
	0x6F, 0xFD, 0x92, 0x6E, 0xB6, 0x6C, 0x6C, 0xB6, 0x6E, 0x01, 0x4E, 0x6F, 0x6F, 0x4E, 0x02, 0x70,
	0x4E, 0x6F, 0x6F, 0x4E, 0x00, 0x03, 0x00, 0x8C, 0x00, 0x00, 0x05, 0x29, 0x07, 0xAE, 0x00, 0x03,
	0x00, 0x17, 0x00, 0x27, 0x00, 0x25, 0x40, 0x22, 0x03, 0x02, 0x01, 0x03, 0x00, 0x4A, 0x00, 0x03,
	0x03, 0x00, 0x5F, 0x00, 0x00, 0x00, 0x11, 0x4D, 0x00, 0x02, 0x02, 0x01, 0x5F, 0x00, 0x01, 0x01,
	0x12, 0x01, 0x4E, 0x35, 0x36, 0x37, 0x37, 0x04, 0x07, 0x1A, 0x2B, 0x01, 0x13, 0x07, 0x03, 0x01,
	0x34, 0x36, 0x36, 0x33, 0x21, 0x32, 0x16, 0x16, 0x15, 0x11, 0x14, 0x06, 0x06, 0x23, 0x21, 0x22,
	0x26, 0x26, 0x35, 0x17, 0x14, 0x16, 0x33, 0x21, 0x32, 0x36, 0x35, 0x11, 0x34, 0x26, 0x23, 0x21,
	0x22, 0x06, 0x15, 0x02, 0xCC, 0x81, 0x72, 0xC6, 0xFE, 0x77, 0x73, 0xC0, 0x75, 0x01, 0x4D, 0x75,
	0xC1, 0x72, 0x72, 0xC1, 0x75, 0xFE, 0xB3, 0x75, 0xC0, 0x73, 0xD3, 0x7D, 0x58, 0x01, 0x4D, 0x59,
	0x7C, 0x7C, 0x59, 0xFE, 0xB3, 0x58, 0x7D, 0x07, 0xAE, 0xFE, 0x8F, 0x35, 0x01, 0x4E, 0xFC, 0xA8,
	0x6F, 0xB5, 0x6C, 0x6C, 0xB5, 0x6F, 0xFD, 0x92, 0x6E, 0xB6, 0x6C, 0x6C, 0xB6, 0x6E, 0x01, 0x4E,
	0x6F, 0x6F, 0x4E, 0x02, 0x70, 0x4E, 0x6F, 0x6F, 0x4E, 0x00, 0x00, 0x04, 0x00, 0x8C, 0x00, 0x00,
	0x05, 0x29, 0x07, 0xAE, 0x00, 0x03, 0x00, 0x07, 0x00, 0x1B, 0x00, 0x2B, 0x00, 0x28, 0x40, 0x25,
	0x07, 0x06, 0x05, 0x03, 0x02, 0x01, 0x06, 0x00, 0x4A, 0x00, 0x03, 0x03, 0x00, 0x5F, 0x00, 0x00,
	0x00, 0x11, 0x4D, 0x00, 0x02, 0x02, 0x01, 0x5F, 0x00, 0x01, 0x01, 0x12, 0x01, 0x4E, 0x35, 0x36,
	0x37, 0x3B, 0x04, 0x07, 0x1A, 0x2B, 0x01, 0x17, 0x03, 0x27, 0x01, 0x17, 0x03, 0x27, 0x01, 0x34,
	0x36, 0x36, 0x33, 0x21, 0x32, 0x16, 0x16, 0x15, 0x11, 0x14, 0x06, 0x06, 0x23, 0x21, 0x22, 0x26,
	0x26, 0x35, 0x17, 0x14, 0x16, 0x33, 0x21, 0x32, 0x36, 0x35, 0x11, 0x34, 0x26, 0x23, 0x21, 0x22,
	0x06, 0x15, 0x02, 0x2C, 0xB7, 0xC6, 0x72, 0x01, 0xFD, 0xB7, 0xC6, 0x72, 0xFD, 0x65, 0x73, 0xC0,
	0x75, 0x01, 0x4D, 0x75, 0xC1, 0x72, 0x72, 0xC1, 0x75, 0xFE, 0xB3, 0x75, 0xC0, 0x73, 0xD3, 0x7D,
	0x58, 0x01, 0x4D, 0x59, 0x7C, 0x7C, 0x59, 0xFE, 0xB3, 0x58, 0x7D, 0x07, 0xAE, 0x58, 0xFE, 0xB2,
	0x35, 0x01, 0x71, 0x58, 0xFE, 0xB2, 0x35, 0xFD, 0xC1, 0x6F, 0xB5, 0x6C, 0x6C, 0xB5, 0x6F, 0xFD,
	0x92, 0x6E, 0xB6, 0x6C, 0x6C, 0xB6, 0x6E, 0x01, 0x4E, 0x6F, 0x6F, 0x4E, 0x02, 0x70, 0x4E, 0x6F,
	0x6F, 0x4E, 0x00, 0x03, 0x00, 0x8C, 0x00, 0x00, 0x05, 0x29, 0x06, 0x9B, 0x00, 0x03, 0x00, 0x17,
	0x00, 0x27, 0x00, 0x29, 0x40, 0x26, 0x00, 0x00, 0x00, 0x01, 0x02, 0x00, 0x01, 0x67, 0x00, 0x05,
	0x05, 0x02, 0x5F, 0x00, 0x02, 0x02, 0x11, 0x4D, 0x00, 0x04, 0x04, 0x03, 0x5F, 0x00, 0x03, 0x03,
	0x12, 0x03, 0x4E, 0x35, 0x36, 0x37, 0x34, 0x11, 0x10, 0x06, 0x07, 0x1C, 0x2B, 0x01, 0x21, 0x15,
	0x21, 0x01, 0x34, 0x36, 0x36, 0x33, 0x21, 0x32, 0x16, 0x16, 0x15, 0x11, 0x14, 0x06, 0x06, 0x23,
	0x21, 0x22, 0x26, 0x26, 0x35, 0x17, 0x14, 0x16, 0x33, 0x21, 0x32, 0x36, 0x35, 0x11, 0x34, 0x26,
	0x23, 0x21, 0x22, 0x06, 0x15, 0x01, 0xB0, 0x02, 0x55, 0xFD, 0xAB, 0xFE, 0xDC, 0x73, 0xC0, 0x75,
	0x01, 0x4D, 0x75, 0xC1, 0x72, 0x72, 0xC1, 0x75, 0xFE, 0xB3, 0x75, 0xC0, 0x73, 0xD3, 0x7D, 0x58,
	0x01, 0x4D, 0x59, 0x7C, 0x7C, 0x59, 0xFE, 0xB3, 0x58, 0x7D, 0x06, 0x9B, 0x93, 0xFD, 0xF6, 0x6F,
	0xB5, 0x6C, 0x6C, 0xB5, 0x6F, 0xFD, 0x92, 0x6E, 0xB6, 0x6C, 0x6C, 0xB6, 0x6E, 0x01, 0x4E, 0x6F,
	0x6F, 0x4E, 0x02, 0x70, 0x4E, 0x6F, 0x6F, 0x4E, 0x00, 0x03, 0x00, 0x69, 0xFF, 0x91, 0x05, 0x4D,
	0x06, 0x1C, 0x00, 0x19, 0x00, 0x23, 0x00, 0x2D, 0x00, 0x34, 0x40, 0x31, 0x0D, 0x0A, 0x02, 0x02,
	0x00, 0x17, 0x01, 0x01, 0x03, 0x02, 0x4C, 0x0C, 0x0B, 0x02, 0x00, 0x4A, 0x19, 0x18, 0x02, 0x01,
	0x49, 0x00, 0x02, 0x02, 0x00, 0x5F, 0x00, 0x00, 0x00, 0x11, 0x4D, 0x00, 0x03, 0x03, 0x01, 0x5F,
	0x00, 0x01, 0x01, 0x12, 0x01, 0x4E, 0x34, 0x38, 0x3A, 0x36, 0x04, 0x07, 0x1A, 0x2B, 0x37, 0x26,
	0x35, 0x11, 0x34, 0x36, 0x36, 0x33, 0x21, 0x32, 0x17, 0x37, 0x17, 0x07, 0x16, 0x15, 0x11, 0x14,
	0x06, 0x06, 0x23, 0x21, 0x22, 0x27, 0x07, 0x27, 0x13, 0x14, 0x17, 0x01, 0x26, 0x23, 0x21, 0x22,
	0x06, 0x15, 0x13, 0x16, 0x33, 0x21, 0x32, 0x36, 0x35, 0x11, 0x34, 0x27, 0xE0, 0x51, 0x73, 0xC0,
	0x75, 0x01, 0x4E, 0x5B, 0x56, 0x7D, 0x9A, 0x7F, 0x5F, 0x72, 0xC1, 0x75, 0xFE, 0xB2, 0x64, 0x61,
	0x6F, 0x9A, 0xFA, 0x04, 0x02, 0x52, 0x19, 0x1B, 0xFE, 0xB2, 0x58, 0x7C, 0x8A, 0x23, 0x27, 0x01,
	0x4E, 0x58, 0x7C, 0x0D, 0xA5, 0x68, 0x83, 0x02, 0x6E, 0x6F, 0xB5, 0x6C, 0x25, 0xB3, 0x6B, 0xB7,
	0x6E, 0x8E, 0xFD, 0x92, 0x6E, 0xB6, 0x6C, 0x2E, 0x9D, 0x6B, 0x01, 0x93, 0x19, 0x0F, 0x03, 0x4F,
	0x06, 0x6E, 0x4F, 0xFC, 0xDF, 0x0C, 0x6E, 0x4F, 0x02, 0x70, 0x27, 0x1B, 0x00, 0x04, 0x00, 0x69,
	0xFF, 0x91, 0x05, 0x4D, 0x07, 0xAE, 0x00, 0x03, 0x00, 0x1D, 0x00, 0x27, 0x00, 0x31, 0x00, 0x37,
	0x40, 0x34, 0x11, 0x0E, 0x02, 0x02, 0x00, 0x1B, 0x01, 0x01, 0x03, 0x02, 0x4C, 0x10, 0x0F, 0x03,
	0x02, 0x01, 0x05, 0x00, 0x4A, 0x1D, 0x1C, 0x02, 0x01, 0x49, 0x00, 0x02, 0x02, 0x00, 0x5F, 0x00,
	0x00, 0x00, 0x11, 0x4D, 0x00, 0x03, 0x03, 0x01, 0x5F, 0x00, 0x01, 0x01, 0x12, 0x01, 0x4E, 0x34,
	0x38, 0x3A, 0x3A, 0x04, 0x07, 0x1A, 0x2B, 0x01, 0x17, 0x03, 0x27, 0x01, 0x26, 0x35, 0x11, 0x34,
	0x36, 0x36, 0x33, 0x21, 0x32, 0x17, 0x37, 0x17, 0x07, 0x16, 0x15, 0x11, 0x14, 0x06, 0x06, 0x23,
	0x21, 0x22, 0x27, 0x07, 0x27, 0x13, 0x14, 0x17, 0x01, 0x26, 0x23, 0x21, 0x22, 0x06, 0x15, 0x13,
	0x16, 0x33, 0x21, 0x32, 0x36, 0x35, 0x11, 0x34, 0x27, 0x02, 0xEA, 0xB7, 0xC6, 0x72, 0xFE, 0x77,
	0x51, 0x73, 0xC0, 0x75, 0x01, 0x4E, 0x5B, 0x56, 0x7D, 0x9A, 0x7F, 0x5F, 0x72, 0xC1, 0x75, 0xFE,
	0xB2, 0x64, 0x61, 0x6F, 0x9A, 0xFA, 0x04, 0x02, 0x52, 0x19, 0x1B, 0xFE, 0xB2, 0x58, 0x7C, 0x8A,
	0x23, 0x27, 0x01, 0x4E, 0x58, 0x7C, 0x0D, 0x07, 0xAE, 0x58, 0xFE, 0xB2, 0x35, 0xFA, 0x68, 0x68,
	0x83, 0x02, 0x6E, 0x6F, 0xB5, 0x6C, 0x25, 0xB3, 0x6B, 0xB7, 0x6E, 0x8E, 0xFD, 0x92, 0x6E, 0xB6,
	0x6C, 0x2E, 0x9D, 0x6B, 0x01, 0x93, 0x19, 0x0F, 0x03, 0x4F, 0x06, 0x6E, 0x4F, 0xFC, 0xDF, 0x0C,
	0x6E, 0x4F, 0x02, 0x70, 0x27, 0x1B, 0x00, 0x03, 0x00, 0x8C, 0x00, 0x00, 0x05, 0x29, 0x06, 0xED,
	0x00, 0x17, 0x00, 0x2B, 0x00, 0x3B, 0x00, 0x41, 0x40, 0x3E, 0x02, 0x01, 0x00, 0x00, 0x04, 0x03,
	0x00, 0x04, 0x69, 0x00, 0x01, 0x0A, 0x05, 0x02, 0x03, 0x06, 0x01, 0x03, 0x6A, 0x00, 0x09, 0x09,
	0x06, 0x5F, 0x00, 0x06, 0x06, 0x11, 0x4D, 0x00, 0x08, 0x08, 0x07, 0x5F, 0x00, 0x07, 0x07, 0x12,
	0x07, 0x4E, 0x00, 0x00, 0x39, 0x36, 0x31, 0x2E, 0x28, 0x25, 0x1E, 0x1B, 0x00, 0x17, 0x00, 0x17,
	0x24, 0x22, 0x11, 0x24, 0x22, 0x0B, 0x07, 0x1B, 0x2B, 0x01, 0x36, 0x36, 0x33, 0x32, 0x16, 0x17,
	0x16, 0x16, 0x33, 0x32, 0x35, 0x33, 0x14, 0x06, 0x23, 0x22, 0x26, 0x27, 0x26, 0x26, 0x23, 0x22,
	0x15, 0x01, 0x34, 0x36, 0x36, 0x33, 0x21, 0x32, 0x16, 0x16, 0x15, 0x11, 0x14, 0x06, 0x06, 0x23,
	0x21, 0x22, 0x26, 0x26, 0x35, 0x17, 0x14, 0x16, 0x33, 0x21, 0x32, 0x36, 0x35, 0x11, 0x34, 0x26,
	0x23, 0x21, 0x22, 0x06, 0x15, 0x01, 0x91, 0x01, 0x6D, 0x54, 0x17, 0x39, 0x33, 0x37, 0x35, 0x17,
	0x2D, 0x9D, 0x70, 0x50, 0x17, 0x39, 0x35, 0x38, 0x36, 0x17, 0x2D, 0xFE, 0x60, 0x73, 0xC0, 0x75,
	0x01, 0x4D, 0x75, 0xC1, 0x72, 0x72, 0xC1, 0x75, 0xFE, 0xB3, 0x75, 0xC0, 0x73, 0xD3, 0x7D, 0x58,
	0x01, 0x4D, 0x59, 0x7C, 0x7C, 0x59, 0xFE, 0xB3, 0x58, 0x7D, 0x06, 0x10, 0x60, 0x7D, 0x10, 0x15,
	0x16, 0x10, 0x46, 0x5D, 0x83, 0x12, 0x16, 0x18, 0x11, 0x49, 0xFD, 0xEE, 0x6F, 0xB5, 0x6C, 0x6C,
	0xB5, 0x6F, 0xFD, 0x92, 0x6E, 0xB6, 0x6C, 0x6C, 0xB6, 0x6E, 0x01, 0x4E, 0x6F, 0x6F, 0x4E, 0x02,
	0x70, 0x4E, 0x6F, 0x6F, 0x4E, 0x00, 0x00, 0x03, 0x00, 0x8C, 0x00, 0x00, 0x08, 0xA5, 0x05, 0x8E,
	0x00, 0x17, 0x00, 0x27, 0x00, 0x2B, 0x00, 0x3C, 0x40, 0x39, 0x07, 0x01, 0x02, 0x00, 0x10, 0x01,
	0x04, 0x03, 0x02, 0x4C, 0x00, 0x08, 0x00, 0x09, 0x03, 0x08, 0x09, 0x67, 0x07, 0x01, 0x02, 0x02,
	0x00, 0x5F, 0x01, 0x01, 0x00, 0x00, 0x11, 0x4D, 0x06, 0x01, 0x03, 0x03, 0x04, 0x5F, 0x05, 0x01,
	0x04, 0x04, 0x12, 0x04, 0x4E, 0x2B, 0x2A, 0x13, 0x35, 0x36, 0x32, 0x11, 0x11, 0x11, 0x12, 0x33,
	0x0A, 0x07, 0x1F, 0x2B, 0x13, 0x34, 0x36, 0x36, 0x33, 0x21, 0x32, 0x17, 0x35, 0x21, 0x15, 0x21,
	0x11, 0x21, 0x15, 0x21, 0x35, 0x06, 0x23, 0x21, 0x22, 0x26, 0x26, 0x35, 0x17, 0x14, 0x16, 0x33,
	0x21, 0x32, 0x36, 0x35, 0x11, 0x34, 0x26, 0x23, 0x21, 0x22, 0x06, 0x15, 0x05, 0x21, 0x15, 0x21,
	0x8C, 0x73, 0xC0, 0x75, 0x01, 0x4D, 0x72, 0x63, 0x04, 0x4F, 0xFC, 0x84, 0x03, 0x7C, 0xFB, 0xB1,
	0x63, 0x72, 0xFE, 0xB3, 0x75, 0xC0, 0x73, 0xD3, 0x7D, 0x58, 0x01, 0x4D, 0x59, 0x7C, 0x7C, 0x59,
	0xFE, 0xB3, 0x58, 0x7D, 0x04, 0x42, 0x03, 0x04, 0xFC, 0xFC, 0x03, 0xFE, 0x6F, 0xB5, 0x6C, 0x36,
	0x36, 0xD2, 0xFC, 0x17, 0xD3, 0x36, 0x36, 0x6C, 0xB6, 0x6E, 0x01, 0x4E, 0x6F, 0x6F, 0x4E, 0x02,
	0x70, 0x4E, 0x6F, 0x6F, 0x4E, 0xB2, 0xD2, 0x00, 0x00, 0x01, 0x00, 0x8C, 0x00, 0x00, 0x04, 0xDB,
	0x05, 0x8E, 0x00, 0x17, 0x00, 0x23, 0x40, 0x20, 0x00, 0x02, 0x00, 0x01, 0x04, 0x02, 0x01, 0x67,
	0x00, 0x03, 0x03, 0x00, 0x5F, 0x00, 0x00, 0x00, 0x11, 0x4D, 0x00, 0x04, 0x04, 0x12, 0x04, 0x4E,
	0x11, 0x25, 0x21, 0x27, 0x20, 0x05, 0x07, 0x1B, 0x2B, 0x13, 0x21, 0x32, 0x16, 0x16, 0x15, 0x15,
	0x14, 0x06, 0x06, 0x23, 0x21, 0x35, 0x21, 0x32, 0x36, 0x35, 0x35, 0x34, 0x26, 0x23, 0x21, 0x11,
	0x23, 0x8C, 0x02, 0xF0, 0x61, 0x9F, 0x5F, 0x5F, 0x9F, 0x61, 0xFE, 0x5B, 0x01, 0xA5, 0x3B, 0x52,
	0x52, 0x3B, 0xFD, 0xE3, 0xD3, 0x05, 0x8E, 0x5F, 0x9E, 0x61, 0x8E, 0x5F, 0x9D, 0x5D, 0xD2, 0x50,
	0x3A, 0x8B, 0x3A, 0x52, 0xFB, 0x44, 0x00, 0x02, 0x00, 0x8C, 0x00, 0x00, 0x04, 0xDB, 0x06, 0xE5,
	0x00, 0x0B, 0x00, 0x23, 0x00, 0x2D, 0x40, 0x2A, 0x00, 0x00, 0x00, 0x01, 0x02, 0x00, 0x01, 0x69,
	0x00, 0x04, 0x00, 0x03, 0x06, 0x04, 0x03, 0x67, 0x00, 0x05, 0x05, 0x02, 0x5F, 0x00, 0x02, 0x02,
	0x11, 0x4D, 0x00, 0x06, 0x06, 0x12, 0x06, 0x4E, 0x11, 0x25, 0x21, 0x27, 0x22, 0x24, 0x22, 0x07,
	0x07, 0x1D, 0x2B, 0x01, 0x34, 0x36, 0x33, 0x32, 0x16, 0x15, 0x14, 0x06, 0x23, 0x22, 0x26, 0x05,
	0x21, 0x32, 0x16, 0x16, 0x15, 0x15, 0x14, 0x06, 0x06, 0x23, 0x21, 0x35, 0x21, 0x32, 0x36, 0x35,
	0x35, 0x34, 0x26, 0x23, 0x21, 0x11, 0x23, 0x02, 0x33, 0x41, 0x2E, 0x2E, 0x40, 0x40, 0x2E, 0x2E,
	0x41, 0xFE, 0x59, 0x02, 0xF0, 0x61, 0x9F, 0x5F, 0x5F, 0x9F, 0x61, 0xFE, 0x5B, 0x01, 0xA5, 0x3B,
	0x52, 0x52, 0x3B, 0xFD, 0xE3, 0xD3, 0x06, 0x76, 0x2F, 0x40, 0x40, 0x2F, 0x2E, 0x40, 0x40, 0xBA,
	0x5F, 0x9E, 0x61, 0x8E, 0x5F, 0x9D, 0x5D, 0xD2, 0x50, 0x3A, 0x8B, 0x3A, 0x52, 0xFB, 0x44, 0x00,
	0x00, 0x02, 0x00, 0x78, 0x00, 0x00, 0x04, 0x47, 0x05, 0x8E, 0x00, 0x13, 0x00, 0x23, 0x00, 0x31,
	0x40, 0x2E, 0x02, 0x01, 0x05, 0x01, 0x11, 0x01, 0x02, 0x04, 0x02, 0x4C, 0x00, 0x01, 0x00, 0x05,
	0x04, 0x01, 0x05, 0x67, 0x00, 0x04, 0x00, 0x02, 0x03, 0x04, 0x02, 0x67, 0x00, 0x00, 0x00, 0x11,
	0x4D, 0x00, 0x03, 0x03, 0x12, 0x03, 0x4E, 0x35, 0x33, 0x12, 0x37, 0x32, 0x10, 0x06, 0x07, 0x1C,
	0x2B, 0x13, 0x33, 0x15, 0x36, 0x33, 0x33, 0x32, 0x16, 0x16, 0x15, 0x11, 0x14, 0x06, 0x06, 0x23,
	0x23, 0x22, 0x27, 0x15, 0x23, 0x13, 0x14, 0x16, 0x33, 0x33, 0x32, 0x36, 0x35, 0x11, 0x34, 0x26,
	0x23, 0x23, 0x22, 0x06, 0x15, 0x78, 0xD3, 0x52, 0x52, 0xE2, 0x67, 0xAA, 0x65, 0x65, 0xAA, 0x67,
	0xE2, 0x52, 0x52, 0xD3, 0xD4, 0x60, 0x43, 0xE2, 0x44, 0x5F, 0x5F, 0x44, 0xE2, 0x43, 0x60, 0x05,
	0x8E, 0xEB, 0x26, 0x65, 0xAA, 0x67, 0xFE, 0xE0, 0x67, 0xAA, 0x65, 0x26, 0xE3, 0x02, 0x35, 0x44,
	0x61, 0x61, 0x44, 0x01, 0x1C, 0x44, 0x61, 0x61, 0x44, 0x00, 0x00, 0x02, 0x00, 0x8C, 0xFE, 0xEF,
	0x05, 0x29, 0x05, 0x8E, 0x00, 0x16, 0x00, 0x26, 0x00, 0x2A, 0x40, 0x27, 0x0E, 0x01, 0x01, 0x02,
	0x01, 0x4C, 0x10, 0x0F, 0x02, 0x01, 0x49, 0x00, 0x03, 0x03, 0x00, 0x5F, 0x00, 0x00, 0x00, 0x11,
	0x4D, 0x00, 0x02, 0x02, 0x01, 0x61, 0x00, 0x01, 0x01, 0x12, 0x01, 0x4E, 0x35, 0x36, 0x2B, 0x33,
	0x04, 0x07, 0x1A, 0x2B, 0x13, 0x34, 0x36, 0x36, 0x33, 0x21, 0x32, 0x16, 0x16, 0x15, 0x11, 0x14,
	0x06, 0x06, 0x07, 0x17, 0x07, 0x01, 0x23, 0x22, 0x26, 0x26, 0x35, 0x17, 0x14, 0x16, 0x33, 0x21,
	0x32, 0x36, 0x35, 0x11, 0x34, 0x26, 0x23, 0x21, 0x22, 0x06, 0x15, 0x8C, 0x73, 0xC0, 0x75, 0x01,
	0x4D, 0x75, 0xC1, 0x72, 0x61, 0xA7, 0x6A, 0x7E, 0x95, 0xFE, 0xEF, 0x5B, 0x75, 0xC0, 0x73, 0xD3,
	0x7D, 0x58, 0x01, 0x4D, 0x59, 0x7C, 0x7C, 0x59, 0xFE, 0xB3, 0x58, 0x7D, 0x03, 0xFE, 0x6F, 0xB5,
	0x6C, 0x6C, 0xB5, 0x6F, 0xFD, 0x92, 0x65, 0xAB, 0x70, 0x0D, 0x7E, 0x96, 0x01, 0x11, 0x6C, 0xB6,
	0x6E, 0x01, 0x4E, 0x6F, 0x6F, 0x4E, 0x02, 0x70, 0x4E, 0x6F, 0x6F, 0x4E, 0x00, 0x01, 0x00, 0x8C,
	0x00, 0x00, 0x05, 0x23, 0x05, 0x8E, 0x00, 0x1A, 0x00, 0x27, 0x40, 0x24, 0x00, 0x04, 0x03, 0x01,
	0x01, 0x02, 0x04, 0x01, 0x69, 0x00, 0x05, 0x05, 0x00, 0x5F, 0x00, 0x00, 0x00, 0x11, 0x4D, 0x06,
	0x01, 0x02, 0x02, 0x12, 0x02, 0x4E, 0x11, 0x25, 0x21, 0x11, 0x11, 0x17, 0x20, 0x07, 0x07, 0x1D,
	0x2B, 0x13, 0x21, 0x32, 0x16, 0x16, 0x15, 0x15, 0x14, 0x06, 0x06, 0x23, 0x01, 0x21, 0x01, 0x23,
	0x35, 0x21, 0x32, 0x36, 0x35, 0x35, 0x34, 0x26, 0x23, 0x21, 0x11, 0x23, 0x8C, 0x02, 0xF0, 0x61,
	0x9F, 0x5F, 0x5D, 0xA0, 0x63, 0x01, 0xA8, 0xFE, 0xFF, 0xFE, 0x58, 0xA3, 0x01, 0xA5, 0x3B, 0x52,
	0x52, 0x3B, 0xFD, 0xE3, 0xD3, 0x05, 0x8E, 0x5F, 0x9E, 0x61, 0x8E, 0x61, 0x9C, 0x5C, 0xFD, 0xB7,
	0x02, 0x49, 0xD2, 0x51, 0x39, 0x8B, 0x3A, 0x52, 0xFB, 0x44, 0x00, 0x02, 0x00, 0x8C, 0x00, 0x00,
	0x05, 0x23, 0x07, 0xAE, 0x00, 0x03, 0x00, 0x1E, 0x00, 0x2D, 0x40, 0x2A, 0x03, 0x02, 0x01, 0x03,
	0x00, 0x4A, 0x00, 0x04, 0x03, 0x01, 0x01, 0x02, 0x04, 0x01, 0x69, 0x00, 0x05, 0x05, 0x00, 0x5F,
	0x00, 0x00, 0x00, 0x11, 0x4D, 0x06, 0x01, 0x02, 0x02, 0x12, 0x02, 0x4E, 0x11, 0x25, 0x21, 0x11,
	0x11, 0x17, 0x24, 0x07, 0x07, 0x1D, 0x2B, 0x01, 0x17, 0x03, 0x27, 0x05, 0x21, 0x32, 0x16, 0x16,
	0x15, 0x15, 0x14, 0x06, 0x06, 0x23, 0x01, 0x21, 0x01, 0x23, 0x35, 0x21, 0x32, 0x36, 0x35, 0x35,
	0x34, 0x26, 0x23, 0x21, 0x11, 0x23, 0x02, 0xE7, 0xB7, 0xC6, 0x72, 0xFE, 0x26, 0x02, 0xF0, 0x61,
	0x9F, 0x5F, 0x5D, 0xA0, 0x63, 0x01, 0xA8, 0xFE, 0xFF, 0xFE, 0x58, 0xA3, 0x01, 0xA5, 0x3B, 0x52,
	0x52, 0x3B, 0xFD, 0xE3, 0xD3, 0x07, 0xAE, 0x58, 0xFE, 0xB2, 0x35, 0xAF, 0x5F, 0x9E, 0x61, 0x8E,
	0x61, 0x9C, 0x5C, 0xFD, 0xB7, 0x02, 0x49, 0xD2, 0x51, 0x39, 0x8B, 0x3A, 0x52, 0xFB, 0x44, 0x00,
	0x00, 0x02, 0x00, 0x8C, 0x00, 0x00, 0x05, 0x23, 0x07, 0x3D, 0x00, 0x06, 0x00, 0x21, 0x00, 0x48,
	0x40, 0x45, 0x01, 0x01, 0x01, 0x00, 0x01, 0x4C, 0x0A, 0x02, 0x02, 0x00, 0x01, 0x00, 0x85, 0x00,
	0x01, 0x03, 0x01, 0x85, 0x00, 0x07, 0x06, 0x01, 0x04, 0x05, 0x07, 0x04, 0x69, 0x00, 0x08, 0x08,
	0x03, 0x5F, 0x00, 0x03, 0x03, 0x11, 0x4D, 0x09, 0x01, 0x05, 0x05, 0x12, 0x05, 0x4E, 0x00, 0x00,
	0x21, 0x20, 0x1F, 0x1D, 0x18, 0x16, 0x15, 0x14, 0x13, 0x12, 0x11, 0x10, 0x09, 0x07, 0x00, 0x06,
	0x00, 0x06, 0x11, 0x12, 0x0B, 0x07, 0x18, 0x2B, 0x01, 0x17, 0x37, 0x33, 0x03, 0x23, 0x03, 0x03,
	0x21, 0x32, 0x16, 0x16, 0x15, 0x15, 0x14, 0x06, 0x06, 0x23, 0x01, 0x21, 0x01, 0x23, 0x35, 0x21,
	0x32, 0x36, 0x35, 0x35, 0x34, 0x26, 0x23, 0x21, 0x11, 0x23, 0x02, 0x04, 0xAA, 0xAB, 0x8D, 0xEA,
	0x9B, 0xEA, 0xEB, 0x02, 0xF0, 0x61, 0x9F, 0x5F, 0x5D, 0xA0, 0x63, 0x01, 0xA8, 0xFE, 0xFF, 0xFE,
	0x58, 0xA3, 0x01, 0xA5, 0x3B, 0x52, 0x52, 0x3B, 0xFD, 0xE3, 0xD3, 0x07, 0x3D, 0xAC, 0xAC, 0xFE,
	0xCB, 0x01, 0x35, 0xFE, 0x51, 0x5F, 0x9E, 0x61, 0x8E, 0x61, 0x9C, 0x5C, 0xFD, 0xB7, 0x02, 0x49,
	0xD2, 0x51, 0x39, 0x8B, 0x3A, 0x52, 0xFB, 0x44, 0x00, 0x01, 0x00, 0x78, 0x00, 0x00, 0x04, 0xFF,
	0x05, 0x8E, 0x00, 0x27, 0x00, 0x29, 0x40, 0x26, 0x00, 0x02, 0x00, 0x05, 0x04, 0x02, 0x05, 0x67,
	0x00, 0x01, 0x01, 0x00, 0x5F, 0x00, 0x00, 0x00, 0x11, 0x4D, 0x00, 0x04, 0x04, 0x03, 0x5F, 0x00,
	0x03, 0x03, 0x12, 0x03, 0x4E, 0x35, 0x21, 0x27, 0x35, 0x21, 0x23, 0x06, 0x07, 0x1C, 0x2B, 0x13,
	0x34, 0x36, 0x36, 0x33, 0x21, 0x15, 0x21, 0x22, 0x06, 0x15, 0x15, 0x14, 0x16, 0x33, 0x21, 0x32,
	0x16, 0x16, 0x15, 0x15, 0x14, 0x06, 0x06, 0x23, 0x21, 0x35, 0x21, 0x32, 0x36, 0x35, 0x35, 0x34,
	0x26, 0x23, 0x21, 0x22, 0x26, 0x26, 0x35, 0x78, 0x5F, 0xA1, 0x61, 0x02, 0xE0, 0xFD, 0x20, 0x3A,
	0x54, 0x54, 0x3A, 0x01, 0xC5, 0x62, 0xA0, 0x5F, 0x5F, 0xA0, 0x62, 0xFC, 0xDB, 0x03, 0x25, 0x3B,
	0x53, 0x53, 0x3B, 0xFE, 0x3B, 0x61, 0xA1, 0x5F, 0x04, 0x36, 0x5F, 0x9C, 0x5D, 0xD2, 0x52, 0x3A,
	0x62, 0x35, 0x4C, 0x5D, 0x9D, 0x5F, 0x9B, 0x5F, 0x9D, 0x5D, 0xD3, 0x4F, 0x38, 0x99, 0x38, 0x50,
	0x5B, 0x9A, 0x5D, 0x00, 0x00, 0x02, 0x00, 0x78, 0x00, 0x00, 0x04, 0xFF, 0x07, 0xAE, 0x00, 0x03,
	0x00, 0x2B, 0x00, 0x2F, 0x40, 0x2C, 0x03, 0x02, 0x01, 0x03, 0x00, 0x4A, 0x00, 0x02, 0x00, 0x05,
	0x04, 0x02, 0x05, 0x67, 0x00, 0x01, 0x01, 0x00, 0x5F, 0x00, 0x00, 0x00, 0x11, 0x4D, 0x00, 0x04,
	0x04, 0x03, 0x5F, 0x00, 0x03, 0x03, 0x12, 0x03, 0x4E, 0x35, 0x21, 0x27, 0x35, 0x21, 0x27, 0x06,
	0x07, 0x1C, 0x2B, 0x01, 0x17, 0x03, 0x27, 0x01, 0x34, 0x36, 0x36, 0x33, 0x21, 0x15, 0x21, 0x22,
	0x06, 0x15, 0x15, 0x14, 0x16, 0x33, 0x21, 0x32, 0x16, 0x16, 0x15, 0x15, 0x14, 0x06, 0x06, 0x23,
	0x21, 0x35, 0x21, 0x32, 0x36, 0x35, 0x35, 0x34, 0x26, 0x23, 0x21, 0x22, 0x26, 0x26, 0x35, 0x02,
	0xCB, 0xB7, 0xC6, 0x72, 0xFE, 0x2E, 0x5F, 0xA1, 0x61, 0x02, 0xE0, 0xFD, 0x20, 0x3A, 0x54, 0x54,
	0x3A, 0x01, 0xC5, 0x62, 0xA0, 0x5F, 0x5F, 0xA0, 0x62, 0xFC, 0xDB, 0x03, 0x25, 0x3B, 0x53, 0x53,
	0x3B, 0xFE, 0x3B, 0x61, 0xA1, 0x5F, 0x07, 0xAE, 0x58, 0xFE, 0xB2, 0x35, 0xFD, 0xF9, 0x5F, 0x9C,
	0x5D, 0xD2, 0x52, 0x3A, 0x62, 0x35, 0x4C, 0x5D, 0x9D, 0x5F, 0x9B, 0x5F, 0x9D, 0x5D, 0xD3, 0x4F,
	0x38, 0x99, 0x38, 0x50, 0x5B, 0x9A, 0x5D, 0x00, 0x00, 0x02, 0x00, 0x78, 0x00, 0x00, 0x04, 0xFF,
	0x07, 0x3D, 0x00, 0x06, 0x00, 0x2E, 0x00, 0x49, 0x40, 0x46, 0x01, 0x01, 0x01, 0x00, 0x01, 0x4C,
	0x09, 0x02, 0x02, 0x00, 0x01, 0x00, 0x85, 0x00, 0x01, 0x03, 0x01, 0x85, 0x00, 0x05, 0x00, 0x08,
	0x07, 0x05, 0x08, 0x67, 0x00, 0x04, 0x04, 0x03, 0x5F, 0x00, 0x03, 0x03, 0x11, 0x4D, 0x00, 0x07,
	0x07, 0x06, 0x5F, 0x00, 0x06, 0x06, 0x12, 0x06, 0x4E, 0x00, 0x00, 0x2B, 0x28, 0x23, 0x21, 0x20,
	0x1E, 0x17, 0x14, 0x0F, 0x0D, 0x0C, 0x0A, 0x00, 0x06, 0x00, 0x06, 0x11, 0x12, 0x0A, 0x07, 0x18,
	0x2B, 0x01, 0x17, 0x37, 0x33, 0x03, 0x23, 0x03, 0x01, 0x34, 0x36, 0x36, 0x33, 0x21, 0x15, 0x21,
	0x22, 0x06, 0x15, 0x15, 0x14, 0x16, 0x33, 0x21, 0x32, 0x16, 0x16, 0x15, 0x15, 0x14, 0x06, 0x06,
	0x23, 0x21, 0x35, 0x21, 0x32, 0x36, 0x35, 0x35, 0x34, 0x26, 0x23, 0x21, 0x22, 0x26, 0x26, 0x35,
	0x02, 0x11, 0xAA, 0xAB, 0x8D, 0xEA, 0x9B, 0xEA, 0xFE, 0xF4, 0x5F, 0xA1, 0x61, 0x02, 0xE0, 0xFD,
	0x20, 0x3A, 0x54, 0x54, 0x3A, 0x01, 0xC5, 0x62, 0xA0, 0x5F, 0x5F, 0xA0, 0x62, 0xFC, 0xDB, 0x03,
	0x25, 0x3B, 0x53, 0x53, 0x3B, 0xFE, 0x3B, 0x61, 0xA1, 0x5F, 0x07, 0x3D, 0xAC, 0xAC, 0xFE, 0xCB,
	0x01, 0x35, 0xFC, 0xF9, 0x5F, 0x9C, 0x5D, 0xD2, 0x52, 0x3A, 0x62, 0x35, 0x4C, 0x5D, 0x9D, 0x5F,
	0x9B, 0x5F, 0x9D, 0x5D, 0xD3, 0x4F, 0x38, 0x99, 0x38, 0x50, 0x5B, 0x9A, 0x5D, 0x00, 0x00, 0x01,
	0x00, 0x78, 0xFE, 0xCD, 0x04, 0xFF, 0x05, 0x8E, 0x00, 0x38, 0x00, 0x3F, 0x40, 0x3C, 0x05, 0x00,
	0x02, 0x00, 0x01, 0x38, 0x01, 0x08, 0x00, 0x02, 0x4C, 0x00, 0x06, 0x00, 0x03, 0x02, 0x06, 0x03,
	0x67, 0x00, 0x00, 0x00, 0x08, 0x00, 0x08, 0x65, 0x00, 0x05, 0x05, 0x04, 0x5F, 0x00, 0x04, 0x04,
	0x11, 0x4D, 0x00, 0x02, 0x02, 0x01, 0x5F, 0x07, 0x01, 0x01, 0x01, 0x12, 0x01, 0x4E, 0x23, 0x27,
	0x35, 0x21, 0x27, 0x35, 0x21, 0x14, 0x22, 0x09, 0x07, 0x1F, 0x2B, 0x05, 0x16, 0x16, 0x33, 0x32,
	0x35, 0x34, 0x26, 0x27, 0x21, 0x35, 0x21, 0x32, 0x36, 0x35, 0x35, 0x34, 0x26, 0x23, 0x21, 0x22,
	0x26, 0x26, 0x35, 0x35, 0x34, 0x36, 0x36, 0x33, 0x21, 0x15, 0x21, 0x22, 0x06, 0x15, 0x15, 0x14,
	0x16, 0x33, 0x21, 0x32, 0x16, 0x16, 0x15, 0x15, 0x14, 0x06, 0x06, 0x23, 0x23, 0x16, 0x15, 0x14,
	0x23, 0x22, 0x26, 0x27, 0x02, 0x01, 0x3E, 0x23, 0x0D, 0x29, 0x0E, 0x17, 0xFE, 0x06, 0x03, 0x25,
	0x3B, 0x53, 0x53, 0x3B, 0xFE, 0x3B, 0x61, 0xA1, 0x5F, 0x5F, 0xA1, 0x61, 0x02, 0xE0, 0xFD, 0x20,
	0x3A, 0x54, 0x54, 0x3A, 0x01, 0xC5, 0x62, 0xA0, 0x5F, 0x5F, 0xA0, 0x62, 0x97, 0x28, 0x98, 0x19,
	0x3B, 0x42, 0x8F, 0x0A, 0x04, 0x1F, 0x0F, 0x31, 0x3E, 0xD3, 0x4F, 0x38, 0x99, 0x38, 0x50, 0x5B,
	0x9A, 0x5D, 0x69, 0x5F, 0x9C, 0x5D, 0xD2, 0x52, 0x3A, 0x62, 0x35, 0x4C, 0x5D, 0x9D, 0x5F, 0x9B,
	0x5F, 0x9D, 0x5D, 0x6C, 0x45, 0x82, 0x06, 0x0A, 0x00, 0x02, 0x00, 0x78, 0x00, 0x00, 0x04, 0xFF,
	0x07, 0x3C, 0x00, 0x06, 0x00, 0x2E, 0x00, 0x3D, 0x40, 0x3A, 0x04, 0x01, 0x01, 0x00, 0x01, 0x4C,
	0x00, 0x00, 0x01, 0x00, 0x85, 0x02, 0x01, 0x01, 0x03, 0x01, 0x85, 0x00, 0x05, 0x00, 0x08, 0x07,
	0x05, 0x08, 0x67, 0x00, 0x04, 0x04, 0x03, 0x5F, 0x00, 0x03, 0x03, 0x11, 0x4D, 0x00, 0x07, 0x07,
	0x06, 0x5F, 0x00, 0x06, 0x06, 0x12, 0x06, 0x4E, 0x35, 0x21, 0x27, 0x35, 0x21, 0x24, 0x12, 0x11,
	0x10, 0x09, 0x07, 0x1F, 0x2B, 0x01, 0x33, 0x13, 0x23, 0x27, 0x07, 0x23, 0x01, 0x34, 0x36, 0x36,
	0x33, 0x21, 0x15, 0x21, 0x22, 0x06, 0x15, 0x15, 0x14, 0x16, 0x33, 0x21, 0x32, 0x16, 0x16, 0x15,
	0x15, 0x14, 0x06, 0x06, 0x23, 0x21, 0x35, 0x21, 0x32, 0x36, 0x35, 0x35, 0x34, 0x26, 0x23, 0x21,
	0x22, 0x26, 0x26, 0x35, 0x02, 0x6F, 0x9B, 0xEA, 0x8D, 0xAB, 0xAA, 0x8D, 0xFE, 0xF3, 0x5F, 0xA1,
	0x61, 0x02, 0xE0, 0xFD, 0x20, 0x3A, 0x54, 0x54, 0x3A, 0x01, 0xC5, 0x62, 0xA0, 0x5F, 0x5F, 0xA0,
	0x62, 0xFC, 0xDB, 0x03, 0x25, 0x3B, 0x53, 0x53, 0x3B, 0xFE, 0x3B, 0x61, 0xA1, 0x5F, 0x07, 0x3C,
	0xFE, 0xCB, 0xAC, 0xAC, 0xFE, 0x2F, 0x5F, 0x9C, 0x5D, 0xD2, 0x52, 0x3A, 0x62, 0x35, 0x4C, 0x5D,
	0x9D, 0x5F, 0x9B, 0x5F, 0x9D, 0x5D, 0xD3, 0x4F, 0x38, 0x99, 0x38, 0x50, 0x5B, 0x9A, 0x5D, 0x00,
	0x00, 0x01, 0x00, 0x78, 0xFE, 0x68, 0x04, 0xFF, 0x05, 0x8E, 0x00, 0x2B, 0x00, 0x5F, 0x4B, 0xB0,
	0x2F, 0x50, 0x58, 0x40, 0x23, 0x00, 0x02, 0x00, 0x07, 0x06, 0x02, 0x07, 0x67, 0x00, 0x01, 0x01,
	0x00, 0x5F, 0x00, 0x00, 0x00, 0x11, 0x4D, 0x00, 0x06, 0x06, 0x03, 0x61, 0x05, 0x01, 0x03, 0x03,
	0x12, 0x4D, 0x00, 0x04, 0x04, 0x16, 0x04, 0x4E, 0x1B, 0x40, 0x23, 0x00, 0x04, 0x03, 0x04, 0x86,
	0x00, 0x02, 0x00, 0x07, 0x06, 0x02, 0x07, 0x67, 0x00, 0x01, 0x01, 0x00, 0x5F, 0x00, 0x00, 0x00,
	0x11, 0x4D, 0x00, 0x06, 0x06, 0x03, 0x61, 0x05, 0x01, 0x03, 0x03, 0x12, 0x03, 0x4E, 0x59, 0x40,
	0x0B, 0x35, 0x21, 0x11, 0x11, 0x27, 0x35, 0x21, 0x23, 0x08, 0x07, 0x1E, 0x2B, 0x13, 0x34, 0x36,
	0x36, 0x33, 0x21, 0x15, 0x21, 0x22, 0x06, 0x15, 0x15, 0x14, 0x16, 0x33, 0x21, 0x32, 0x16, 0x16,
	0x15, 0x15, 0x14, 0x06, 0x06, 0x23, 0x23, 0x03, 0x23, 0x13, 0x21, 0x35, 0x21, 0x32, 0x36, 0x35,
	0x35, 0x34, 0x26, 0x23, 0x21, 0x22, 0x26, 0x26, 0x35, 0x78, 0x5F, 0xA1, 0x61, 0x02, 0xE0, 0xFD,
	0x20, 0x3A, 0x54, 0x54, 0x3A, 0x01, 0xC5, 0x62, 0xA0, 0x5F, 0x5F, 0xA0, 0x62, 0x7A, 0x7F, 0x9E,
	0x4A, 0xFE, 0x28, 0x03, 0x25, 0x3B, 0x53, 0x53, 0x3B, 0xFE, 0x3B, 0x61, 0xA1, 0x5F, 0x04, 0x36,
	0x5F, 0x9C, 0x5D, 0xD2, 0x52, 0x3A, 0x62, 0x35, 0x4C, 0x5D, 0x9D, 0x5F, 0x9B, 0x5F, 0x9D, 0x5D,
	0xFE, 0x68, 0x01, 0x98, 0xD3, 0x4F, 0x38, 0x99, 0x38, 0x50, 0x5B, 0x9A, 0x5D, 0x00, 0x00, 0x02,
	0x00, 0x78, 0x00, 0x00, 0x04, 0xFF, 0x06, 0xE5, 0x00, 0x0B, 0x00, 0x33, 0x00, 0x33, 0x40, 0x30,
	0x00, 0x00, 0x00, 0x01, 0x02, 0x00, 0x01, 0x69, 0x00, 0x04, 0x00, 0x07, 0x06, 0x04, 0x07, 0x67,
	0x00, 0x03, 0x03, 0x02, 0x5F, 0x00, 0x02, 0x02, 0x11, 0x4D, 0x00, 0x06, 0x06, 0x05, 0x5F, 0x00,
	0x05, 0x05, 0x12, 0x05, 0x4E, 0x35, 0x21, 0x27, 0x35, 0x21, 0x25, 0x24, 0x22, 0x08, 0x07, 0x1E,
	0x2B, 0x01, 0x34, 0x36, 0x33, 0x32, 0x16, 0x15, 0x14, 0x06, 0x23, 0x22, 0x26, 0x01, 0x34, 0x36,
	0x36, 0x33, 0x21, 0x15, 0x21, 0x22, 0x06, 0x15, 0x15, 0x14, 0x16, 0x33, 0x21, 0x32, 0x16, 0x16,
	0x15, 0x15, 0x14, 0x06, 0x06, 0x23, 0x21, 0x35, 0x21, 0x32, 0x36, 0x35, 0x35, 0x34, 0x26, 0x23,
	0x21, 0x22, 0x26, 0x26, 0x35, 0x02, 0x4D, 0x41, 0x2E, 0x2E, 0x40, 0x40, 0x2E, 0x2E, 0x41, 0xFE,
	0x2B, 0x5F, 0xA1, 0x61, 0x02, 0xE0, 0xFD, 0x20, 0x3A, 0x54, 0x54, 0x3A, 0x01, 0xC5, 0x62, 0xA0,
	0x5F, 0x5F, 0xA0, 0x62, 0xFC, 0xDB, 0x03, 0x25, 0x3B, 0x53, 0x53, 0x3B, 0xFE, 0x3B, 0x61, 0xA1,
	0x5F, 0x06, 0x76, 0x2F, 0x40, 0x40, 0x2F, 0x2E, 0x40, 0x40, 0xFD, 0xEE, 0x5F, 0x9C, 0x5D, 0xD2,
	0x52, 0x3A, 0x62, 0x35, 0x4C, 0x5D, 0x9D, 0x5F, 0x9B, 0x5F, 0x9D, 0x5D, 0xD3, 0x4F, 0x38, 0x99,
	0x38, 0x50, 0x5B, 0x9A, 0x5D, 0x00, 0x00, 0x01, 0x00, 0x8C, 0x00, 0x00, 0x05, 0x2C, 0x05, 0x8E,
	0x00, 0x2D, 0x00, 0x31, 0x40, 0x2E, 0x0C, 0x01, 0x03, 0x04, 0x01, 0x4C, 0x00, 0x04, 0x00, 0x03,
	0x02, 0x04, 0x03, 0x67, 0x00, 0x05, 0x05, 0x00, 0x5F, 0x00, 0x00, 0x00, 0x11, 0x4D, 0x00, 0x02,
	0x02, 0x01, 0x5F, 0x06, 0x01, 0x01, 0x01, 0x12, 0x01, 0x4E, 0x13, 0x35, 0x21, 0x25, 0x21, 0x2C,
	0x33, 0x07, 0x07, 0x1D, 0x2B, 0x13, 0x34, 0x36, 0x36, 0x33, 0x21, 0x32, 0x16, 0x16, 0x15, 0x15,
	0x14, 0x07, 0x16, 0x15, 0x15, 0x14, 0x06, 0x06, 0x23, 0x21, 0x35, 0x21, 0x32, 0x36, 0x35, 0x35,
	0x34, 0x26, 0x23, 0x21, 0x35, 0x21, 0x32, 0x36, 0x35, 0x35, 0x34, 0x26, 0x23, 0x21, 0x22, 0x06,
	0x15, 0x11, 0x23, 0x8C, 0x60, 0xA2, 0x62, 0x01, 0xBD, 0x62, 0xA0, 0x60, 0x69, 0x86, 0x60, 0xA1,
	0x62, 0xFE, 0x02, 0x01, 0xF3, 0x41, 0x5B, 0x5B, 0x4A, 0xFE, 0x16, 0x01, 0xE2, 0x3C, 0x54, 0x54,
	0x3C, 0xFE, 0x43, 0x3C, 0x55, 0xD3, 0x04, 0x3F, 0x5D, 0x98, 0x5A, 0x5A, 0x98, 0x5D, 0x5D, 0x9C,
	0x50, 0x4A, 0xBE, 0x9F, 0x5D, 0x98, 0x5A, 0xD2, 0x49, 0x34, 0x9F, 0x41, 0x50, 0xD2, 0x55, 0x3C,
	0x5D, 0x34, 0x49, 0x49, 0x34, 0xFB, 0xC1, 0x00, 0x00, 0x01, 0x00, 0x28, 0x00, 0x00, 0x04, 0xAE,
	0x05, 0x8E, 0x00, 0x07, 0x00, 0x1B, 0x40, 0x18, 0x03, 0x01, 0x01, 0x01, 0x00, 0x5F, 0x00, 0x00,
	0x00, 0x11, 0x4D, 0x00, 0x02, 0x02, 0x12, 0x02, 0x4E, 0x11, 0x11, 0x11, 0x10, 0x04, 0x07, 0x1A,
	0x2B, 0x13, 0x21, 0x15, 0x21, 0x11, 0x23, 0x11, 0x21, 0x28, 0x04, 0x86, 0xFE, 0x27, 0xD4, 0xFE,
	0x27, 0x05, 0x8E, 0xD2, 0xFB, 0x44, 0x04, 0xBC, 0x00, 0x01, 0x00, 0x28, 0x00, 0x00, 0x04, 0xAE,
	0x05, 0x8E, 0x00, 0x0F, 0x00, 0x29, 0x40, 0x26, 0x06, 0x01, 0x02, 0x05, 0x01, 0x03, 0x04, 0x02,
	0x03, 0x67, 0x07, 0x01, 0x01, 0x01, 0x00, 0x5F, 0x00, 0x00, 0x00, 0x11, 0x4D, 0x00, 0x04, 0x04,
	0x12, 0x04, 0x4E, 0x11, 0x11, 0x11, 0x11, 0x11, 0x11, 0x11, 0x10, 0x08, 0x07, 0x1E, 0x2B, 0x13,
	0x21, 0x15, 0x21, 0x11, 0x33, 0x15, 0x23, 0x11, 0x23, 0x11, 0x23, 0x35, 0x33, 0x11, 0x21, 0x28,
	0x04, 0x86, 0xFE, 0x2D, 0xE1, 0xE1, 0xD5, 0xE3, 0xE3, 0xFE, 0x22, 0x05, 0x8E, 0xD2, 0xFE, 0x92,
	0xD4, 0xFD, 0x86, 0x02, 0x7A, 0xD4, 0x01, 0x6E, 0x00, 0x02, 0x00, 0x28, 0x00, 0x00, 0x04, 0xAE,
	0x07, 0x3D, 0x00, 0x06, 0x00, 0x0E, 0x00, 0x39, 0x40, 0x36, 0x01, 0x01, 0x01, 0x00, 0x01, 0x4C,
	0x07, 0x02, 0x02, 0x00, 0x01, 0x00, 0x85, 0x00, 0x01, 0x03, 0x01, 0x85, 0x06, 0x01, 0x04, 0x04,
	0x03, 0x5F, 0x00, 0x03, 0x03, 0x11, 0x4D, 0x00, 0x05, 0x05, 0x12, 0x05, 0x4E, 0x00, 0x00, 0x0E,
	0x0D, 0x0C, 0x0B, 0x0A, 0x09, 0x08, 0x07, 0x00, 0x06, 0x00, 0x06, 0x11, 0x12, 0x08, 0x07, 0x18,
	0x2B, 0x01, 0x17, 0x37, 0x33, 0x03, 0x23, 0x03, 0x01, 0x21, 0x15, 0x21, 0x11, 0x23, 0x11, 0x21,
	0x01, 0xC0, 0xAA, 0xAB, 0x8D, 0xEA, 0x9B, 0xEA, 0xFE, 0xF5, 0x04, 0x86, 0xFE, 0x27, 0xD4, 0xFE,
	0x27, 0x07, 0x3D, 0xAC, 0xAC, 0xFE, 0xCB, 0x01, 0x35, 0xFE, 0x51, 0xD2, 0xFB, 0x44, 0x04, 0xBC,
	0x00, 0x02, 0x00, 0x28, 0x00, 0x00, 0x04, 0xAE, 0x06, 0xE5, 0x00, 0x0B, 0x00, 0x13, 0x00, 0x25,
	0x40, 0x22, 0x00, 0x00, 0x00, 0x01, 0x02, 0x00, 0x01, 0x69, 0x05, 0x01, 0x03, 0x03, 0x02, 0x5F,
	0x00, 0x02, 0x02, 0x11, 0x4D, 0x00, 0x04, 0x04, 0x12, 0x04, 0x4E, 0x11, 0x11, 0x11, 0x12, 0x24,
	0x22, 0x06, 0x07, 0x1C, 0x2B, 0x01, 0x34, 0x36, 0x33, 0x32, 0x16, 0x15, 0x14, 0x06, 0x23, 0x22,
	0x26, 0x05, 0x21, 0x15, 0x21, 0x11, 0x23, 0x11, 0x21, 0x01, 0xFC, 0x41, 0x2E, 0x2E, 0x40, 0x40,
	0x2E, 0x2E, 0x41, 0xFE, 0x2C, 0x04, 0x86, 0xFE, 0x27, 0xD4, 0xFE, 0x27, 0x06, 0x76, 0x2F, 0x40,
	0x40, 0x2F, 0x2E, 0x40, 0x40, 0xBA, 0xD2, 0xFB, 0x44, 0x04, 0xBC, 0x00, 0x00, 0x01, 0x00, 0x8C,
	0x00, 0x00, 0x05, 0x12, 0x05, 0x8E, 0x00, 0x15, 0x00, 0x1B, 0x40, 0x18, 0x02, 0x01, 0x00, 0x00,
	0x11, 0x4D, 0x00, 0x01, 0x01, 0x03, 0x5F, 0x00, 0x03, 0x03, 0x12, 0x03, 0x4E, 0x34, 0x13, 0x33,
	0x10, 0x04, 0x07, 0x1A, 0x2B, 0x13, 0x33, 0x11, 0x14, 0x16, 0x33, 0x21, 0x32, 0x36, 0x35, 0x11,
	0x33, 0x11, 0x14, 0x06, 0x06, 0x23, 0x21, 0x22, 0x26, 0x26, 0x35, 0x8C, 0xD3, 0x72, 0x50, 0x01,
	0x5D, 0x50, 0x72, 0xD2, 0x6D, 0xB7, 0x70, 0xFE, 0xA3, 0x70, 0xB8, 0x6D, 0x05, 0x8E, 0xFC, 0x01,
	0x4E, 0x6E, 0x6E, 0x4E, 0x03, 0xFF, 0xFB, 0xFF, 0x6D, 0xB5, 0x6B, 0x6B, 0xB5, 0x6D, 0x00, 0x02,
	0x00, 0x8C, 0x00, 0x00, 0x05, 0x12, 0x07, 0xAE, 0x00, 0x03, 0x00, 0x19, 0x00, 0x21, 0x40, 0x1E,
	0x03, 0x02, 0x01, 0x03, 0x00, 0x4A, 0x02, 0x01, 0x00, 0x00, 0x11, 0x4D, 0x00, 0x01, 0x01, 0x03,
	0x5F, 0x00, 0x03, 0x03, 0x12, 0x03, 0x4E, 0x34, 0x13, 0x33, 0x14, 0x04, 0x07, 0x1A, 0x2B, 0x01,
	0x17, 0x03, 0x27, 0x05, 0x33, 0x11, 0x14, 0x16, 0x33, 0x21, 0x32, 0x36, 0x35, 0x11, 0x33, 0x11,
	0x14, 0x06, 0x06, 0x23, 0x21, 0x22, 0x26, 0x26, 0x35, 0x02, 0xDD, 0xB7, 0xC6, 0x72, 0xFE, 0x30,
	0xD3, 0x72, 0x50, 0x01, 0x5D, 0x50, 0x72, 0xD2, 0x6D, 0xB7, 0x70, 0xFE, 0xA3, 0x70, 0xB8, 0x6D,
	0x07, 0xAE, 0x58, 0xFE, 0xB2, 0x35, 0xAF, 0xFC, 0x01, 0x4E, 0x6E, 0x6E, 0x4E, 0x03, 0xFF, 0xFB,
	0xFF, 0x6D, 0xB5, 0x6B, 0x6B, 0xB5, 0x6D, 0x00, 0x00, 0x02, 0x00, 0x8C, 0x00, 0x00, 0x05, 0x12,
	0x07, 0x34, 0x00, 0x0F, 0x00, 0x25, 0x00, 0x37, 0x40, 0x34, 0x08, 0x03, 0x02, 0x01, 0x00, 0x01,
	0x85, 0x00, 0x00, 0x00, 0x02, 0x04, 0x00, 0x02, 0x69, 0x06, 0x01, 0x04, 0x04, 0x11, 0x4D, 0x00,
	0x05, 0x05, 0x07, 0x60, 0x00, 0x07, 0x07, 0x12, 0x07, 0x4E, 0x00, 0x00, 0x22, 0x1F, 0x1B, 0x1A,
	0x17, 0x14, 0x11, 0x10, 0x00, 0x0F, 0x00, 0x0F, 0x23, 0x12, 0x22, 0x09, 0x07, 0x19, 0x2B, 0x01,
	0x14, 0x16, 0x33, 0x32, 0x36, 0x35, 0x33, 0x14, 0x06, 0x06, 0x23, 0x22, 0x26, 0x26, 0x35, 0x01,
	0x33, 0x11, 0x14, 0x16, 0x33, 0x21, 0x32, 0x36, 0x35, 0x11, 0x33, 0x11, 0x14, 0x06, 0x06, 0x23,
	0x21, 0x22, 0x26, 0x26, 0x35, 0x02, 0x2A, 0x61, 0x43, 0x44, 0x60, 0x86, 0x51, 0x87, 0x52, 0x52,
	0x87, 0x51, 0xFE, 0xE8, 0xD3, 0x72, 0x50, 0x01, 0x5D, 0x50, 0x72, 0xD2, 0x6D, 0xB7, 0x70, 0xFE,
	0xA3, 0x70, 0xB8, 0x6D, 0x07, 0x34, 0x43, 0x61, 0x61, 0x43, 0x52, 0x87, 0x51, 0x51, 0x87, 0x52,
	0xFE, 0x5A, 0xFC, 0x01, 0x4E, 0x6E, 0x6E, 0x4E, 0x03, 0xFF, 0xFB, 0xFF, 0x6D, 0xB5, 0x6B, 0x6B,
	0xB5, 0x6D, 0x00, 0x02, 0x00, 0x8C, 0x00, 0x00, 0x05, 0x12, 0x07, 0x3C, 0x00, 0x06, 0x00, 0x1C,
	0x00, 0x2F, 0x40, 0x2C, 0x04, 0x01, 0x01, 0x00, 0x01, 0x4C, 0x00, 0x00, 0x01, 0x00, 0x85, 0x02,
	0x01, 0x01, 0x03, 0x01, 0x85, 0x05, 0x01, 0x03, 0x03, 0x11, 0x4D, 0x00, 0x04, 0x04, 0x06, 0x60,
	0x00, 0x06, 0x06, 0x12, 0x06, 0x4E, 0x34, 0x13, 0x33, 0x11, 0x12, 0x11, 0x10, 0x07, 0x07, 0x1D,
	0x2B, 0x01, 0x33, 0x13, 0x23, 0x27, 0x07, 0x23, 0x05, 0x33, 0x11, 0x14, 0x16, 0x33, 0x21, 0x32,
	0x36, 0x35, 0x11, 0x33, 0x11, 0x14, 0x06, 0x06, 0x23, 0x21, 0x22, 0x26, 0x26, 0x35, 0x02, 0x81,
	0x9B, 0xEA, 0x8D, 0xAB, 0xAA, 0x8D, 0xFE, 0xF5, 0xD3, 0x72, 0x50, 0x01, 0x5D, 0x50, 0x72, 0xD2,
	0x6D, 0xB7, 0x70, 0xFE, 0xA3, 0x70, 0xB8, 0x6D, 0x07, 0x3C, 0xFE, 0xCB, 0xAC, 0xAC, 0x79, 0xFC,
	0x01, 0x4E, 0x6E, 0x6E, 0x4E, 0x03, 0xFF, 0xFB, 0xFF, 0x6D, 0xB5, 0x6B, 0x6B, 0xB5, 0x6D, 0x00,
	0x00, 0x03, 0x00, 0x8C, 0x00, 0x00, 0x05, 0x12, 0x06, 0xE6, 0x00, 0x0B, 0x00, 0x17, 0x00, 0x2D,
	0x00, 0x29, 0x40, 0x26, 0x02, 0x01, 0x00, 0x03, 0x01, 0x01, 0x04, 0x00, 0x01, 0x69, 0x06, 0x01,
	0x04, 0x04, 0x11, 0x4D, 0x00, 0x05, 0x05, 0x07, 0x5F, 0x00, 0x07, 0x07, 0x12, 0x07, 0x4E, 0x34,
	0x13, 0x33, 0x12, 0x24, 0x24, 0x24, 0x22, 0x08, 0x07, 0x1E, 0x2B, 0x01, 0x34, 0x36, 0x33, 0x32,
	0x16, 0x15, 0x14, 0x06, 0x23, 0x22, 0x26, 0x25, 0x34, 0x36, 0x33, 0x32, 0x16, 0x15, 0x14, 0x06,
	0x23, 0x22, 0x26, 0x05, 0x33, 0x11, 0x14, 0x16, 0x33, 0x21, 0x32, 0x36, 0x35, 0x11, 0x33, 0x11,
	0x14, 0x06, 0x06, 0x23, 0x21, 0x22, 0x26, 0x26, 0x35, 0x01, 0xB6, 0x40, 0x2E, 0x2F, 0x40, 0x40,
	0x2F, 0x2E, 0x40, 0x01, 0x54, 0x40, 0x2E, 0x2F, 0x40, 0x40, 0x2F, 0x2E, 0x40, 0xFD, 0x82, 0xD3,
	0x72, 0x50, 0x01, 0x5D, 0x50, 0x72, 0xD2, 0x6D, 0xB7, 0x70, 0xFE, 0xA3, 0x70, 0xB8, 0x6D, 0x06,
	0x77, 0x2F, 0x40, 0x40, 0x2F, 0x2E, 0x40, 0x40, 0x2E, 0x2F, 0x40, 0x40, 0x2F, 0x2E, 0x40, 0x40,
	0xBB, 0xFC, 0x01, 0x4E, 0x6E, 0x6E, 0x4E, 0x03, 0xFF, 0xFB, 0xFF, 0x6D, 0xB5, 0x6B, 0x6B, 0xB5,
	0x6D, 0x00, 0x00, 0x02, 0x00, 0x8C, 0x00, 0x00, 0x05, 0x12, 0x07, 0xAE, 0x00, 0x03, 0x00, 0x19,
	0x00, 0x21, 0x40, 0x1E, 0x03, 0x02, 0x01, 0x03, 0x00, 0x4A, 0x02, 0x01, 0x00, 0x00, 0x11, 0x4D,
	0x00, 0x01, 0x01, 0x03, 0x5F, 0x00, 0x03, 0x03, 0x12, 0x03, 0x4E, 0x34, 0x13, 0x33, 0x14, 0x04,
	0x07, 0x1A, 0x2B, 0x01, 0x13, 0x07, 0x03, 0x01, 0x33, 0x11, 0x14, 0x16, 0x33, 0x21, 0x32, 0x36,
	0x35, 0x11, 0x33, 0x11, 0x14, 0x06, 0x06, 0x23, 0x21, 0x22, 0x26, 0x26, 0x35, 0x02, 0xBF, 0x81,
	0x72, 0xC6, 0xFE, 0x84, 0xD3, 0x72, 0x50, 0x01, 0x5D, 0x50, 0x72, 0xD2, 0x6D, 0xB7, 0x70, 0xFE,
	0xA3, 0x70, 0xB8, 0x6D, 0x07, 0xAE, 0xFE, 0x8F, 0x35, 0x01, 0x4E, 0xFE, 0x38, 0xFC, 0x01, 0x4E,
	0x6E, 0x6E, 0x4E, 0x03, 0xFF, 0xFB, 0xFF, 0x6D, 0xB5, 0x6B, 0x6B, 0xB5, 0x6D, 0x00, 0x00, 0x03,
	0x00, 0x8C, 0x00, 0x00, 0x05, 0x12, 0x07, 0xAE, 0x00, 0x03, 0x00, 0x07, 0x00, 0x1D, 0x00, 0x24,
	0x40, 0x21, 0x07, 0x06, 0x05, 0x03, 0x02, 0x01, 0x06, 0x00, 0x4A, 0x02, 0x01, 0x00, 0x00, 0x11,
	0x4D, 0x00, 0x01, 0x01, 0x03, 0x5F, 0x00, 0x03, 0x03, 0x12, 0x03, 0x4E, 0x34, 0x13, 0x33, 0x18,
	0x04, 0x07, 0x1A, 0x2B, 0x01, 0x17, 0x03, 0x27, 0x01, 0x17, 0x03, 0x27, 0x05, 0x33, 0x11, 0x14,
	0x16, 0x33, 0x21, 0x32, 0x36, 0x35, 0x11, 0x33, 0x11, 0x14, 0x06, 0x06, 0x23, 0x21, 0x22, 0x26,
	0x26, 0x35, 0x02, 0x20, 0xB7, 0xC6, 0x72, 0x01, 0xFD, 0xB7, 0xC6, 0x72, 0xFD, 0x71, 0xD3, 0x72,
	0x50, 0x01, 0x5D, 0x50, 0x72, 0xD2, 0x6D, 0xB7, 0x70, 0xFE, 0xA3, 0x70, 0xB8, 0x6D, 0x07, 0xAE,
	0x58, 0xFE, 0xB2, 0x35, 0x01, 0x71, 0x58, 0xFE, 0xB2, 0x35, 0xAF, 0xFC, 0x01, 0x4E, 0x6E, 0x6E,
	0x4E, 0x03, 0xFF, 0xFB, 0xFF, 0x6D, 0xB5, 0x6B, 0x6B, 0xB5, 0x6D, 0x00, 0x00, 0x02, 0x00, 0x8C,
	0x00, 0x00, 0x05, 0x12, 0x06, 0x9B, 0x00, 0x03, 0x00, 0x19, 0x00, 0x25, 0x40, 0x22, 0x00, 0x00,
	0x00, 0x01, 0x02, 0x00, 0x01, 0x67, 0x04, 0x01, 0x02, 0x02, 0x11, 0x4D, 0x00, 0x03, 0x03, 0x05,
	0x5F, 0x00, 0x05, 0x05, 0x12, 0x05, 0x4E, 0x34, 0x13, 0x33, 0x11, 0x11, 0x10, 0x06, 0x07, 0x1C,
	0x2B, 0x01, 0x21, 0x15, 0x21, 0x05, 0x33, 0x11, 0x14, 0x16, 0x33, 0x21, 0x32, 0x36, 0x35, 0x11,
	0x33, 0x11, 0x14, 0x06, 0x06, 0x23, 0x21, 0x22, 0x26, 0x26, 0x35, 0x01, 0xA3, 0x02, 0x55, 0xFD,
	0xAB, 0xFE, 0xE9, 0xD3, 0x72, 0x50, 0x01, 0x5D, 0x50, 0x72, 0xD2, 0x6D, 0xB7, 0x70, 0xFE, 0xA3,
	0x70, 0xB8, 0x6D, 0x06, 0x9B, 0x93, 0x7A, 0xFC, 0x01, 0x4E, 0x6E, 0x6E, 0x4E, 0x03, 0xFF, 0xFB,
	0xFF, 0x6D, 0xB5, 0x6B, 0x6B, 0xB5, 0x6D, 0x00, 0x00, 0x01, 0x00, 0x8C, 0xFE, 0xCD, 0x05, 0x12,
	0x05, 0x8E, 0x00, 0x26, 0x00, 0x30, 0x40, 0x2D, 0x21, 0x01, 0x05, 0x00, 0x22, 0x01, 0x06, 0x05,
	0x02, 0x4C, 0x00, 0x05, 0x00, 0x06, 0x05, 0x06, 0x65, 0x03, 0x01, 0x01, 0x01, 0x11, 0x4D, 0x00,
	0x02, 0x02, 0x00, 0x61, 0x04, 0x01, 0x00, 0x00, 0x12, 0x00, 0x4E, 0x26, 0x14, 0x24, 0x13, 0x33,
	0x14, 0x22, 0x07, 0x07, 0x1D, 0x2B, 0x05, 0x34, 0x37, 0x23, 0x22, 0x26, 0x26, 0x35, 0x11, 0x33,
	0x11, 0x14, 0x16, 0x33, 0x21, 0x32, 0x36, 0x35, 0x11, 0x33, 0x11, 0x14, 0x06, 0x06, 0x23, 0x23,
	0x06, 0x06, 0x15, 0x14, 0x33, 0x32, 0x36, 0x37, 0x15, 0x06, 0x06, 0x23, 0x22, 0x02, 0x5C, 0x28,
	0x63, 0x70, 0xB8, 0x6D, 0xD3, 0x72, 0x50, 0x01, 0x5D, 0x50, 0x72, 0xD2, 0x6D, 0xB7, 0x70, 0x66,
	0x17, 0x0E, 0x29, 0x0D, 0x24, 0x3D, 0x42, 0x3B, 0x19, 0x98, 0xB1, 0x47, 0x6A, 0x6B, 0xB5, 0x6D,
	0x04, 0x01, 0xFC, 0x01, 0x4E, 0x6E, 0x6E, 0x4E, 0x03, 0xFF, 0xFB, 0xFF, 0x6D, 0xB5, 0x6B, 0x3F,
	0x30, 0x0F, 0x1F, 0x04, 0x0A, 0x94, 0x0A, 0x06, 0x00, 0x03, 0x00, 0x8C, 0x00, 0x00, 0x05, 0x12,
	0x07, 0x85, 0x00, 0x0F, 0x00, 0x1F, 0x00, 0x35, 0x00, 0x2F, 0x40, 0x2C, 0x00, 0x00, 0x00, 0x03,
	0x02, 0x00, 0x03, 0x69, 0x00, 0x02, 0x00, 0x01, 0x04, 0x02, 0x01, 0x69, 0x06, 0x01, 0x04, 0x04,
	0x11, 0x4D, 0x00, 0x05, 0x05, 0x07, 0x5F, 0x00, 0x07, 0x07, 0x12, 0x07, 0x4E, 0x34, 0x13, 0x33,
	0x13, 0x35, 0x35, 0x35, 0x32, 0x08, 0x07, 0x1E, 0x2B, 0x01, 0x34, 0x36, 0x33, 0x33, 0x32, 0x16,
	0x15, 0x15, 0x14, 0x06, 0x23, 0x23, 0x22, 0x26, 0x35, 0x33, 0x14, 0x16, 0x33, 0x33, 0x32, 0x36,
	0x35, 0x35, 0x34, 0x26, 0x23, 0x23, 0x22, 0x06, 0x15, 0x01, 0x33, 0x11, 0x14, 0x16, 0x33, 0x21,
	0x32, 0x36, 0x35, 0x11, 0x33, 0x11, 0x14, 0x06, 0x06, 0x23, 0x21, 0x22, 0x26, 0x26, 0x35, 0x02,
	0x10, 0x64, 0x46, 0x28, 0x47, 0x63, 0x63, 0x47, 0x28, 0x46, 0x64, 0x76, 0x1E, 0x16, 0x28, 0x16,
	0x1E, 0x1E, 0x16, 0x28, 0x16, 0x1E, 0xFE, 0x06, 0xD3, 0x72, 0x50, 0x01, 0x5D, 0x50, 0x72, 0xD2,
	0x6D, 0xB7, 0x70, 0xFE, 0xA3, 0x70, 0xB8, 0x6D, 0x06, 0xDC, 0x47, 0x62, 0x62, 0x47, 0x2B, 0x46,
	0x63, 0x63, 0x46, 0x15, 0x1E, 0x1E, 0x15, 0x2B, 0x15, 0x1E, 0x1E, 0x15, 0xFE, 0xB2, 0xFC, 0x01,
	0x4E, 0x6E, 0x6E, 0x4E, 0x03, 0xFF, 0xFB, 0xFF, 0x6D, 0xB5, 0x6B, 0x6B, 0xB5, 0x6D, 0x00, 0x02,
	0x00, 0x8C, 0x00, 0x00, 0x05, 0x12, 0x06, 0xED, 0x00, 0x17, 0x00, 0x2D, 0x00, 0x3D, 0x40, 0x3A,
	0x02, 0x01, 0x00, 0x00, 0x04, 0x03, 0x00, 0x04, 0x69, 0x00, 0x01, 0x0A, 0x05, 0x02, 0x03, 0x06,
	0x01, 0x03, 0x6A, 0x08, 0x01, 0x06, 0x06, 0x11, 0x4D, 0x00, 0x07, 0x07, 0x09, 0x5F, 0x00, 0x09,
	0x09, 0x12, 0x09, 0x4E, 0x00, 0x00, 0x2A, 0x27, 0x23, 0x22, 0x1F, 0x1C, 0x19, 0x18, 0x00, 0x17,
	0x00, 0x17, 0x24, 0x22, 0x11, 0x24, 0x22, 0x0B, 0x07, 0x1B, 0x2B, 0x01, 0x36, 0x36, 0x33, 0x32,
	0x16, 0x17, 0x16, 0x16, 0x33, 0x32, 0x35, 0x33, 0x14, 0x06, 0x23, 0x22, 0x26, 0x27, 0x26, 0x26,
	0x23, 0x22, 0x15, 0x05, 0x33, 0x11, 0x14, 0x16, 0x33, 0x21, 0x32, 0x36, 0x35, 0x11, 0x33, 0x11,
	0x14, 0x06, 0x06, 0x23, 0x21, 0x22, 0x26, 0x26, 0x35, 0x01, 0x84, 0x01, 0x6D, 0x54, 0x17, 0x39,
	0x33, 0x37, 0x35, 0x17, 0x2D, 0x9D, 0x70, 0x50, 0x17, 0x39, 0x35, 0x38, 0x36, 0x17, 0x2D, 0xFE,
	0x6D, 0xD3, 0x72, 0x50, 0x01, 0x5D, 0x50, 0x72, 0xD2, 0x6D, 0xB7, 0x70, 0xFE, 0xA3, 0x70, 0xB8,
	0x6D, 0x06, 0x10, 0x60, 0x7D, 0x10, 0x15, 0x16, 0x10, 0x46, 0x5D, 0x83, 0x12, 0x16, 0x18, 0x11,
	0x49, 0x82, 0xFC, 0x01, 0x4E, 0x6E, 0x6E, 0x4E, 0x03, 0xFF, 0xFB, 0xFF, 0x6D, 0xB5, 0x6B, 0x6B,
	0xB5, 0x6D, 0x00, 0x01, 0x00, 0x28, 0x00, 0x00, 0x05, 0x29, 0x05, 0x8E, 0x00, 0x06, 0x00, 0x21,
	0x40, 0x1E, 0x01, 0x01, 0x01, 0x00, 0x01, 0x4C, 0x03, 0x02, 0x02, 0x00, 0x00, 0x11, 0x4D, 0x00,
	0x01, 0x01, 0x12, 0x01, 0x4E, 0x00, 0x00, 0x00, 0x06, 0x00, 0x06, 0x11, 0x12, 0x04, 0x07, 0x18,
	0x2B, 0x09, 0x02, 0x33, 0x01, 0x21, 0x01, 0x01, 0x09, 0x01, 0xA0, 0x01, 0x9F, 0xE1, 0xFE, 0x03,
	0xFE, 0xF9, 0xFE, 0x03, 0x05, 0x8E, 0xFB, 0x72, 0x04, 0x8E, 0xFA, 0x72, 0x05, 0x8E, 0x00, 0x01,
	0x00, 0x46, 0x00, 0x00, 0x06, 0x28, 0x05, 0x8E, 0x00, 0x0C, 0x00, 0x2E, 0x40, 0x2B, 0x09, 0x04,
	0x01, 0x03, 0x02, 0x00, 0x01, 0x4C, 0x00, 0x00, 0x01, 0x02, 0x01, 0x00, 0x02, 0x80, 0x05, 0x04,
	0x02, 0x01, 0x01, 0x11, 0x4D, 0x03, 0x01, 0x02, 0x02, 0x12, 0x02, 0x4E, 0x00, 0x00, 0x00, 0x0C,
	0x00, 0x0C, 0x12, 0x11, 0x12, 0x12, 0x06, 0x07, 0x1A, 0x2B, 0x01, 0x13, 0x01, 0x33, 0x01, 0x13,
	0x33, 0x03, 0x23, 0x01, 0x01, 0x23, 0x03, 0x01, 0x1A, 0xBA, 0x01, 0x00, 0xC7, 0x01, 0x00, 0xBA,
	0xD3, 0xF7, 0xBE, 0xFE, 0xC4, 0xFE, 0xC5, 0xBF, 0xF7, 0x05, 0x8E, 0xFB, 0xD0, 0x01, 0xD2, 0xFE,
	0x2E, 0x04, 0x30, 0xFA, 0x72, 0x02, 0x3C, 0xFD, 0xC4, 0x05, 0x8E, 0x00, 0x00, 0x02, 0x00, 0x46,
	0x00, 0x00, 0x06, 0x28, 0x07, 0xAE, 0x00, 0x03, 0x00, 0x10, 0x00, 0x34, 0x40, 0x31, 0x0D, 0x08,
	0x05, 0x03, 0x02, 0x00, 0x01, 0x4C, 0x03, 0x02, 0x01, 0x03, 0x01, 0x4A, 0x00, 0x00, 0x01, 0x02,
	0x01, 0x00, 0x02, 0x80, 0x05, 0x04, 0x02, 0x01, 0x01, 0x11, 0x4D, 0x03, 0x01, 0x02, 0x02, 0x12,
	0x02, 0x4E, 0x04, 0x04, 0x04, 0x10, 0x04, 0x10, 0x12, 0x11, 0x12, 0x16, 0x06, 0x07, 0x1A, 0x2B,
	0x01, 0x17, 0x03, 0x27, 0x05, 0x13, 0x01, 0x33, 0x01, 0x13, 0x33, 0x03, 0x23, 0x01, 0x01, 0x23,
	0x03, 0x03, 0x46, 0xB7, 0xC6, 0x72, 0xFE, 0x55, 0xBA, 0x01, 0x00, 0xC7, 0x01, 0x00, 0xBA, 0xD3,
	0xF7, 0xBE, 0xFE, 0xC4, 0xFE, 0xC5, 0xBF, 0xF7, 0x07, 0xAE, 0x58, 0xFE, 0xB2, 0x35, 0xAF, 0xFB,
	0xD0, 0x01, 0xD2, 0xFE, 0x2E, 0x04, 0x30, 0xFA, 0x72, 0x02, 0x3C, 0xFD, 0xC4, 0x05, 0x8E, 0x00,
	0x00, 0x02, 0x00, 0x46, 0x00, 0x00, 0x06, 0x28, 0x07, 0x3C, 0x00, 0x06, 0x00, 0x13, 0x00, 0x40,
	0x40, 0x3D, 0x04, 0x01, 0x01, 0x00, 0x10, 0x0B, 0x08, 0x03, 0x05, 0x03, 0x02, 0x4C, 0x00, 0x00,
	0x01, 0x00, 0x85, 0x02, 0x01, 0x01, 0x04, 0x01, 0x85, 0x00, 0x03, 0x04, 0x05, 0x04, 0x03, 0x05,
	0x80, 0x08, 0x07, 0x02, 0x04, 0x04, 0x11, 0x4D, 0x06, 0x01, 0x05, 0x05, 0x12, 0x05, 0x4E, 0x07,
	0x07, 0x07, 0x13, 0x07, 0x13, 0x12, 0x11, 0x12, 0x13, 0x12, 0x11, 0x10, 0x09, 0x07, 0x1D, 0x2B,
	0x01, 0x33, 0x13, 0x23, 0x27, 0x07, 0x23, 0x07, 0x13, 0x01, 0x33, 0x01, 0x13, 0x33, 0x03, 0x23,
	0x01, 0x01, 0x23, 0x03, 0x02, 0xEA, 0x9B, 0xEA, 0x8D, 0xAB, 0xAA, 0x8D, 0xE6, 0xBA, 0x01, 0x00,
	0xC7, 0x01, 0x00, 0xBA, 0xD3, 0xF7, 0xBE, 0xFE, 0xC4, 0xFE, 0xC5, 0xBF, 0xF7, 0x07, 0x3C, 0xFE,
	0xCB, 0xAC, 0xAC, 0x79, 0xFB, 0xD0, 0x01, 0xD2, 0xFE, 0x2E, 0x04, 0x30, 0xFA, 0x72, 0x02, 0x3C,
	0xFD, 0xC4, 0x05, 0x8E, 0x00, 0x03, 0x00, 0x46, 0x00, 0x00, 0x06, 0x28, 0x06, 0xE6, 0x00, 0x0B,
	0x00, 0x17, 0x00, 0x24, 0x00, 0x3C, 0x40, 0x39, 0x21, 0x1C, 0x19, 0x03, 0x06, 0x04, 0x01, 0x4C,
	0x00, 0x04, 0x05, 0x06, 0x05, 0x04, 0x06, 0x80, 0x02, 0x01, 0x00, 0x03, 0x01, 0x01, 0x05, 0x00,
	0x01, 0x69, 0x09, 0x08, 0x02, 0x05, 0x05, 0x11, 0x4D, 0x07, 0x01, 0x06, 0x06, 0x12, 0x06, 0x4E,
	0x18, 0x18, 0x18, 0x24, 0x18, 0x24, 0x12, 0x11, 0x12, 0x14, 0x24, 0x24, 0x24, 0x22, 0x0A, 0x07,
	0x1E, 0x2B, 0x01, 0x34, 0x36, 0x33, 0x32, 0x16, 0x15, 0x14, 0x06, 0x23, 0x22, 0x26, 0x25, 0x34,
	0x36, 0x33, 0x32, 0x16, 0x15, 0x14, 0x06, 0x23, 0x22, 0x26, 0x05, 0x13, 0x01, 0x33, 0x01, 0x13,
	0x33, 0x03, 0x23, 0x01, 0x01, 0x23, 0x03, 0x02, 0x1F, 0x40, 0x2E, 0x2F, 0x40, 0x40, 0x2F, 0x2E,
	0x40, 0x01, 0x54, 0x40, 0x2E, 0x2F, 0x40, 0x40, 0x2F, 0x2E, 0x40, 0xFD, 0xA7, 0xBA, 0x01, 0x00,
	0xC7, 0x01, 0x00, 0xBA, 0xD3, 0xF7, 0xBE, 0xFE, 0xC4, 0xFE, 0xC5, 0xBF, 0xF7, 0x06, 0x77, 0x2F,
	0x40, 0x40, 0x2F, 0x2E, 0x40, 0x40, 0x2E, 0x2F, 0x40, 0x40, 0x2F, 0x2E, 0x40, 0x40, 0xBB, 0xFB,
	0xD0, 0x01, 0xD2, 0xFE, 0x2E, 0x04, 0x30, 0xFA, 0x72, 0x02, 0x3C, 0xFD, 0xC4, 0x05, 0x8E, 0x00,
	0x00, 0x02, 0x00, 0x46, 0x00, 0x00, 0x06, 0x28, 0x07, 0xAE, 0x00, 0x03, 0x00, 0x10, 0x00, 0x34,
	0x40, 0x31, 0x0D, 0x08, 0x05, 0x03, 0x02, 0x00, 0x01, 0x4C, 0x03, 0x02, 0x01, 0x03, 0x01, 0x4A,
	0x00, 0x00, 0x01, 0x02, 0x01, 0x00, 0x02, 0x80, 0x05, 0x04, 0x02, 0x01, 0x01, 0x11, 0x4D, 0x03,
	0x01, 0x02, 0x02, 0x12, 0x02, 0x4E, 0x04, 0x04, 0x04, 0x10, 0x04, 0x10, 0x12, 0x11, 0x12, 0x16,
	0x06, 0x07, 0x1A, 0x2B, 0x01, 0x13, 0x07, 0x03, 0x01, 0x13, 0x01, 0x33, 0x01, 0x13, 0x33, 0x03,
	0x23, 0x01, 0x01, 0x23, 0x03, 0x03, 0x28, 0x81, 0x72, 0xC6, 0xFE, 0xA9, 0xBA, 0x01, 0x00, 0xC7,
	0x01, 0x00, 0xBA, 0xD3, 0xF7, 0xBE, 0xFE, 0xC4, 0xFE, 0xC5, 0xBF, 0xF7, 0x07, 0xAE, 0xFE, 0x8F,
	0x35, 0x01, 0x4E, 0xFE, 0x38, 0xFB, 0xD0, 0x01, 0xD2, 0xFE, 0x2E, 0x04, 0x30, 0xFA, 0x72, 0x02,
	0x3C, 0xFD, 0xC4, 0x05, 0x8E, 0x00, 0x00, 0x01, 0x00, 0x28, 0x00, 0x00, 0x05, 0x34, 0x05, 0x8E,
	0x00, 0x0B, 0x00, 0x1F, 0x40, 0x1C, 0x09, 0x06, 0x03, 0x03, 0x02, 0x00, 0x01, 0x4C, 0x01, 0x01,
	0x00, 0x00, 0x11, 0x4D, 0x03, 0x01, 0x02, 0x02, 0x12, 0x02, 0x4E, 0x12, 0x12, 0x12, 0x11, 0x04,
	0x07, 0x1A, 0x2B, 0x01, 0x01, 0x21, 0x01, 0x01, 0x21, 0x01, 0x01, 0x21, 0x01, 0x01, 0x21, 0x02,
	0x2B, 0xFD, 0xFD, 0x01, 0x02, 0x01, 0x85, 0x01, 0x84, 0x01, 0x01, 0xFD, 0xFE, 0x02, 0x02, 0xFE,
	0xFF, 0xFE, 0x7C, 0xFE, 0x7B, 0xFE, 0xFE, 0x02, 0xC7, 0x02, 0xC7, 0xFD, 0xE5, 0x02, 0x1B, 0xFD,
	0x39, 0xFD, 0x39, 0x02, 0x1C, 0xFD, 0xE4, 0x00, 0x00, 0x01, 0x00, 0x28, 0x00, 0x00, 0x05, 0x33,
	0x05, 0x8E, 0x00, 0x08, 0x00, 0x23, 0x40, 0x20, 0x07, 0x04, 0x01, 0x03, 0x01, 0x00, 0x01, 0x4C,
	0x03, 0x02, 0x02, 0x00, 0x00, 0x11, 0x4D, 0x00, 0x01, 0x01, 0x12, 0x01, 0x4E, 0x00, 0x00, 0x00,
	0x08, 0x00, 0x08, 0x12, 0x12, 0x04, 0x07, 0x18, 0x2B, 0x09, 0x02, 0x21, 0x01, 0x11, 0x23, 0x11,
	0x01, 0x01, 0x29, 0x01, 0x86, 0x01, 0x84, 0x01, 0x00, 0xFD, 0xE8, 0xD8, 0xFD, 0xE5, 0x05, 0x8E,
	0xFD, 0xE5, 0x02, 0x1B, 0xFD, 0x19, 0xFD, 0x59, 0x02, 0xA7, 0x02, 0xE7, 0x00, 0x02, 0x00, 0x28,
	0x00, 0x00, 0x05, 0x33, 0x07, 0xAE, 0x00, 0x03, 0x00, 0x0C, 0x00, 0x29, 0x40, 0x26, 0x0B, 0x08,
	0x05, 0x03, 0x01, 0x00, 0x01, 0x4C, 0x03, 0x02, 0x01, 0x03, 0x00, 0x4A, 0x03, 0x02, 0x02, 0x00,
	0x00, 0x11, 0x4D, 0x00, 0x01, 0x01, 0x12, 0x01, 0x4E, 0x04, 0x04, 0x04, 0x0C, 0x04, 0x0C, 0x12,
	0x16, 0x04, 0x07, 0x18, 0x2B, 0x01, 0x17, 0x03, 0x27, 0x05, 0x01, 0x01, 0x21, 0x01, 0x11, 0x23,
	0x11, 0x01, 0x02, 0xBD, 0xB7, 0xC6, 0x72, 0xFE, 0xED, 0x01, 0x86, 0x01, 0x84, 0x01, 0x00, 0xFD,
	0xE8, 0xD8, 0xFD, 0xE5, 0x07, 0xAE, 0x58, 0xFE, 0xB2, 0x35, 0xAF, 0xFD, 0xE5, 0x02, 0x1B, 0xFD,
	0x19, 0xFD, 0x59, 0x02, 0xA7, 0x02, 0xE7, 0x00, 0x00, 0x02, 0x00, 0x28, 0x00, 0x00, 0x05, 0x33,
	0x07, 0x3C, 0x00, 0x06, 0x00, 0x0F, 0x00, 0x38, 0x40, 0x35, 0x04, 0x01, 0x01, 0x00, 0x0E, 0x0B,
	0x08, 0x03, 0x04, 0x03, 0x02, 0x4C, 0x02, 0x01, 0x01, 0x00, 0x03, 0x00, 0x01, 0x03, 0x80, 0x06,
	0x05, 0x02, 0x03, 0x03, 0x11, 0x4D, 0x00, 0x00, 0x00, 0x04, 0x5F, 0x00, 0x04, 0x04, 0x12, 0x04,
	0x4E, 0x07, 0x07, 0x07, 0x0F, 0x07, 0x0F, 0x12, 0x13, 0x12, 0x11, 0x10, 0x07, 0x07, 0x1B, 0x2B,
	0x01, 0x33, 0x13, 0x23, 0x27, 0x07, 0x23, 0x07, 0x01, 0x01, 0x21, 0x01, 0x11, 0x23, 0x11, 0x01,
	0x02, 0x61, 0x9B, 0xEA, 0x8D, 0xAB, 0xAA, 0x8D, 0x4E, 0x01, 0x86, 0x01, 0x84, 0x01, 0x00, 0xFD,
	0xE8, 0xD8, 0xFD, 0xE5, 0x07, 0x3C, 0xFE, 0xCB, 0xAC, 0xAC, 0x79, 0xFD, 0xE5, 0x02, 0x1B, 0xFD,
	0x19, 0xFD, 0x59, 0x02, 0xA7, 0x02, 0xE7, 0x00, 0x00, 0x03, 0x00, 0x28, 0x00, 0x00, 0x05, 0x33,
	0x06, 0xE6, 0x00, 0x0B, 0x00, 0x17, 0x00, 0x20, 0x00, 0x31, 0x40, 0x2E, 0x1F, 0x1C, 0x19, 0x03,
	0x05, 0x04, 0x01, 0x4C, 0x02, 0x01, 0x00, 0x03, 0x01, 0x01, 0x04, 0x00, 0x01, 0x69, 0x07, 0x06,
	0x02, 0x04, 0x04, 0x11, 0x4D, 0x00, 0x05, 0x05, 0x12, 0x05, 0x4E, 0x18, 0x18, 0x18, 0x20, 0x18,
	0x20, 0x12, 0x14, 0x24, 0x24, 0x24, 0x22, 0x08, 0x07, 0x1C, 0x2B, 0x01, 0x34, 0x36, 0x33, 0x32,
	0x16, 0x15, 0x14, 0x06, 0x23, 0x22, 0x26, 0x25, 0x34, 0x36, 0x33, 0x32, 0x16, 0x15, 0x14, 0x06,
	0x23, 0x22, 0x26, 0x05, 0x01, 0x01, 0x21, 0x01, 0x11, 0x23, 0x11, 0x01, 0x01, 0x96, 0x40, 0x2E,
	0x2F, 0x40, 0x40, 0x2F, 0x2E, 0x40, 0x01, 0x54, 0x40, 0x2E, 0x2F, 0x40, 0x40, 0x2F, 0x2E, 0x40,
	0xFE, 0x3F, 0x01, 0x86, 0x01, 0x84, 0x01, 0x00, 0xFD, 0xE8, 0xD8, 0xFD, 0xE5, 0x06, 0x77, 0x2F,
	0x40, 0x40, 0x2F, 0x2E, 0x40, 0x40, 0x2E, 0x2F, 0x40, 0x40, 0x2F, 0x2E, 0x40, 0x40, 0xBB, 0xFD,
	0xE5, 0x02, 0x1B, 0xFD, 0x19, 0xFD, 0x59, 0x02, 0xA7, 0x02, 0xE7, 0x00, 0x00, 0x02, 0x00, 0x28,
	0x00, 0x00, 0x05, 0x33, 0x07, 0xAE, 0x00, 0x03, 0x00, 0x0C, 0x00, 0x29, 0x40, 0x26, 0x0B, 0x08,
	0x05, 0x03, 0x01, 0x00, 0x01, 0x4C, 0x03, 0x02, 0x01, 0x03, 0x00, 0x4A, 0x03, 0x02, 0x02, 0x00,
	0x00, 0x11, 0x4D, 0x00, 0x01, 0x01, 0x12, 0x01, 0x4E, 0x04, 0x04, 0x04, 0x0C, 0x04, 0x0C, 0x12,
	0x16, 0x04, 0x07, 0x18, 0x2B, 0x01, 0x13, 0x07, 0x03, 0x03, 0x01, 0x01, 0x21, 0x01, 0x11, 0x23,
	0x11, 0x01, 0x02, 0x9F, 0x81, 0x72, 0xC6, 0xBF, 0x01, 0x86, 0x01, 0x84, 0x01, 0x00, 0xFD, 0xE8,
	0xD8, 0xFD, 0xE5, 0x07, 0xAE, 0xFE, 0x8F, 0x35, 0x01, 0x4E, 0xFE, 0x38, 0xFD, 0xE5, 0x02, 0x1B,
	0xFD, 0x19, 0xFD, 0x59, 0x02, 0xA7, 0x02, 0xE7, 0x00, 0x01, 0x00, 0x78, 0x00, 0x00, 0x04, 0xCB,
	0x05, 0x8E, 0x00, 0x09, 0x00, 0x29, 0x40, 0x26, 0x05, 0x01, 0x00, 0x01, 0x00, 0x01, 0x03, 0x02,
	0x02, 0x4C, 0x00, 0x00, 0x00, 0x01, 0x5F, 0x00, 0x01, 0x01, 0x11, 0x4D, 0x00, 0x02, 0x02, 0x03,
	0x5F, 0x00, 0x03, 0x03, 0x12, 0x03, 0x4E, 0x11, 0x12, 0x11, 0x11, 0x04, 0x07, 0x1A, 0x2B, 0x37,
	0x01, 0x21, 0x35, 0x21, 0x15, 0x01, 0x21, 0x15, 0x21, 0x78, 0x03, 0x27, 0xFC, 0xD9, 0x04, 0x53,
	0xFC, 0xDB, 0x03, 0x21, 0xFB, 0xB1, 0x9B, 0x04, 0x21, 0xD2, 0x9D, 0xFB, 0xDF, 0xD0, 0x00, 0x02,
	0x00, 0x78, 0x00, 0x00, 0x04, 0xCB, 0x07, 0xAE, 0x00, 0x03, 0x00, 0x0D, 0x00, 0x2F, 0x40, 0x2C,
	0x09, 0x01, 0x00, 0x01, 0x04, 0x01, 0x03, 0x02, 0x02, 0x4C, 0x03, 0x02, 0x01, 0x03, 0x01, 0x4A,
	0x00, 0x00, 0x00, 0x01, 0x5F, 0x00, 0x01, 0x01, 0x11, 0x4D, 0x00, 0x02, 0x02, 0x03, 0x5F, 0x00,
	0x03, 0x03, 0x12, 0x03, 0x4E, 0x11, 0x12, 0x11, 0x15, 0x04, 0x07, 0x1A, 0x2B, 0x01, 0x17, 0x03,
	0x27, 0x01, 0x01, 0x21, 0x35, 0x21, 0x15, 0x01, 0x21, 0x15, 0x21, 0x02, 0xB1, 0xB7, 0xC6, 0x72,
	0xFE, 0x48, 0x03, 0x27, 0xFC, 0xD9, 0x04, 0x53, 0xFC, 0xDB, 0x03, 0x21, 0xFB, 0xB1, 0x07, 0xAE,
	0x58, 0xFE, 0xB2, 0x35, 0xFA, 0x5E, 0x04, 0x21, 0xD2, 0x9D, 0xFB, 0xDF, 0xD0, 0x00, 0x00, 0x02,
	0x00, 0x78, 0x00, 0x00, 0x04, 0xCB, 0x07, 0x3D, 0x00, 0x06, 0x00, 0x10, 0x00, 0x45, 0x40, 0x42,
	0x01, 0x01, 0x01, 0x00, 0x0C, 0x01, 0x03, 0x04, 0x07, 0x01, 0x06, 0x05, 0x03, 0x4C, 0x07, 0x02,
	0x02, 0x00, 0x01, 0x00, 0x85, 0x00, 0x01, 0x04, 0x01, 0x85, 0x00, 0x03, 0x03, 0x04, 0x5F, 0x00,
	0x04, 0x04, 0x11, 0x4D, 0x00, 0x05, 0x05, 0x06, 0x5F, 0x00, 0x06, 0x06, 0x12, 0x06, 0x4E, 0x00,
	0x00, 0x10, 0x0F, 0x0E, 0x0D, 0x0B, 0x0A, 0x09, 0x08, 0x00, 0x06, 0x00, 0x06, 0x11, 0x12, 0x08,
	0x07, 0x18, 0x2B, 0x01, 0x17, 0x37, 0x33, 0x03, 0x23, 0x03, 0x03, 0x01, 0x21, 0x35, 0x21, 0x15,
	0x01, 0x21, 0x15, 0x21, 0x01, 0xF7, 0xAA, 0xAB, 0x8D, 0xEA, 0x9B, 0xEA, 0xF2, 0x03, 0x27, 0xFC,
	0xD9, 0x04, 0x53, 0xFC, 0xDB, 0x03, 0x21, 0xFB, 0xB1, 0x07, 0x3D, 0xAC, 0xAC, 0xFE, 0xCB, 0x01,
	0x35, 0xF9, 0x5E, 0x04, 0x21, 0xD2, 0x9D, 0xFB, 0xDF, 0xD0, 0x00, 0x02, 0x00, 0x78, 0x00, 0x00,
	0x04, 0xCB, 0x06, 0xE5, 0x00, 0x0B, 0x00, 0x15, 0x00, 0x33, 0x40, 0x30, 0x11, 0x01, 0x02, 0x03,
	0x0C, 0x01, 0x05, 0x04, 0x02, 0x4C, 0x00, 0x00, 0x00, 0x01, 0x03, 0x00, 0x01, 0x69, 0x00, 0x02,
	0x02, 0x03, 0x5F, 0x00, 0x03, 0x03, 0x11, 0x4D, 0x00, 0x04, 0x04, 0x05, 0x5F, 0x00, 0x05, 0x05,
	0x12, 0x05, 0x4E, 0x11, 0x12, 0x11, 0x13, 0x24, 0x22, 0x06, 0x07, 0x1C, 0x2B, 0x01, 0x34, 0x36,
	0x33, 0x32, 0x16, 0x15, 0x14, 0x06, 0x23, 0x22, 0x26, 0x01, 0x01, 0x21, 0x35, 0x21, 0x15, 0x01,
	0x21, 0x15, 0x21, 0x02, 0x33, 0x41, 0x2E, 0x2E, 0x40, 0x40, 0x2E, 0x2E, 0x41, 0xFE, 0x45, 0x03,
	0x27, 0xFC, 0xD9, 0x04, 0x53, 0xFC, 0xDB, 0x03, 0x21, 0xFB, 0xB1, 0x06, 0x76, 0x2F, 0x40, 0x40,
	0x2F, 0x2E, 0x40, 0x40, 0xFA, 0x53, 0x04, 0x21, 0xD2, 0x9D, 0xFB, 0xDF, 0xD0, 0x00, 0x00, 0x02,
	0x00, 0x78, 0xFD, 0xEA, 0x05, 0x15, 0x05, 0x8E, 0x00, 0x20, 0x00, 0x24, 0x00, 0x32, 0x40, 0x2F,
	0x00, 0x04, 0x00, 0x03, 0x02, 0x04, 0x03, 0x67, 0x00, 0x06, 0x00, 0x07, 0x06, 0x07, 0x63, 0x00,
	0x01, 0x01, 0x00, 0x5F, 0x00, 0x00, 0x00, 0x11, 0x4D, 0x00, 0x02, 0x02, 0x05, 0x5F, 0x00, 0x05,
	0x05, 0x12, 0x05, 0x4E, 0x11, 0x14, 0x34, 0x11, 0x13, 0x35, 0x21, 0x23, 0x08, 0x07, 0x1E, 0x2B,
	0x13, 0x34, 0x36, 0x36, 0x33, 0x21, 0x15, 0x21, 0x22, 0x06, 0x15, 0x11, 0x14, 0x16, 0x33, 0x21,
	0x32, 0x36, 0x35, 0x35, 0x21, 0x35, 0x21, 0x11, 0x14, 0x06, 0x06, 0x23, 0x21, 0x22, 0x26, 0x26,
	0x35, 0x01, 0x33, 0x03, 0x23, 0x78, 0x73, 0xC0, 0x75, 0x02, 0xA1, 0xFD, 0x5F, 0x58, 0x7D, 0x7D,
	0x58, 0x01, 0x4D, 0x59, 0x7C, 0xFE, 0x7E, 0x02, 0x55, 0x72, 0xC1, 0x75, 0xFE, 0xB3, 0x75, 0xC0,
	0x73, 0x02, 0x09, 0xD4, 0x81, 0x9E, 0x03, 0xFE, 0x6F, 0xB5, 0x6C, 0xD2, 0x6F, 0x4E, 0xFD, 0x90,
	0x4E, 0x6F, 0x6F, 0x4E, 0xBA, 0xD2, 0xFE, 0x75, 0x6E, 0xB6, 0x6C, 0x6C, 0xB6, 0x6E, 0xFD, 0xF8,
	0xFE, 0x62, 0x00, 0x02, 0x00, 0x8C, 0xFD, 0xEA, 0x05, 0x4A, 0x05, 0x8E, 0x00, 0x0C, 0x00, 0x10,
	0x00, 0x30, 0x40, 0x2D, 0x06, 0x01, 0x04, 0x01, 0x01, 0x4C, 0x00, 0x01, 0x00, 0x04, 0x03, 0x01,
	0x04, 0x67, 0x00, 0x06, 0x00, 0x07, 0x06, 0x07, 0x63, 0x02, 0x01, 0x00, 0x00, 0x11, 0x4D, 0x05,
	0x01, 0x03, 0x03, 0x12, 0x03, 0x4E, 0x11, 0x11, 0x11, 0x11, 0x12, 0x11, 0x11, 0x10, 0x08, 0x07,
	0x1E, 0x2B, 0x13, 0x33, 0x11, 0x33, 0x01, 0x21, 0x01, 0x01, 0x21, 0x01, 0x23, 0x11, 0x23, 0x05,
	0x33, 0x03, 0x23, 0x8C, 0xD3, 0x69, 0x02, 0x34, 0x01, 0x23, 0xFD, 0x50, 0x02, 0xDB, 0xFE, 0xD9,
	0xFD, 0x7A, 0x3E, 0xD3, 0x01, 0xC3, 0xD4, 0x81, 0x9E, 0x05, 0x8E, 0xFD, 0xC0, 0x02, 0x40, 0xFD,
	0x41, 0xFD, 0x31, 0x02, 0x7B, 0xFD, 0x85, 0x78, 0xFE, 0x62, 0x00, 0x02, 0x00, 0x8C, 0xFD, 0xEA,
	0x04, 0xDA, 0x05, 0x8E, 0x00, 0x0C, 0x00, 0x10, 0x00, 0x22, 0x40, 0x1F, 0x00, 0x03, 0x00, 0x04,
	0x03, 0x04, 0x63, 0x00, 0x00, 0x00, 0x11, 0x4D, 0x00, 0x01, 0x01, 0x02, 0x5F, 0x00, 0x02, 0x02,
	0x12, 0x02, 0x4E, 0x11, 0x14, 0x21, 0x23, 0x10, 0x05, 0x07, 0x1B, 0x2B, 0x13, 0x33, 0x11, 0x14,
	0x16, 0x33, 0x21, 0x15, 0x21, 0x22, 0x26, 0x26, 0x35, 0x01, 0x33, 0x03, 0x23, 0x8C, 0xD2, 0x6E,
	0x4D, 0x02, 0xC1, 0xFD, 0x3F, 0x6D, 0xB5, 0x6B, 0x01, 0xB0, 0xD4, 0x81, 0x9E, 0x05, 0x8E, 0xFC,
	0x00, 0x4E, 0x6E, 0xD2, 0x6B, 0xB5, 0x6E, 0xFD, 0xFA, 0xFE, 0x62, 0x00, 0x00, 0x02, 0x00, 0x8C,
	0xFD, 0xEA, 0x04, 0xDC, 0x05, 0x8E, 0x00, 0x09, 0x00, 0x0D, 0x00, 0x27, 0x40, 0x24, 0x07, 0x02,
	0x02, 0x02, 0x00, 0x01, 0x4C, 0x00, 0x04, 0x00, 0x05, 0x04, 0x05, 0x63, 0x01, 0x01, 0x00, 0x00,
	0x11, 0x4D, 0x03, 0x01, 0x02, 0x02, 0x12, 0x02, 0x4E, 0x11, 0x11, 0x12, 0x11, 0x12, 0x10, 0x06,
	0x07, 0x1C, 0x2B, 0x13, 0x21, 0x01, 0x11, 0x33, 0x11, 0x21, 0x01, 0x11, 0x23, 0x05, 0x33, 0x03,
	0x23, 0x8C, 0x01, 0x12, 0x02, 0x6B, 0xD3, 0xFE, 0xEE, 0xFD, 0x95, 0xD3, 0x01, 0xE3, 0xD4, 0x81,
	0x9E, 0x05, 0x8E, 0xFB, 0xA3, 0x04, 0x5D, 0xFA, 0x72, 0x04, 0x4E, 0xFB, 0xB2, 0x78, 0xFE, 0x62,
	0x00, 0x02, 0x00, 0x8C, 0xFD, 0xEA, 0x05, 0x23, 0x05, 0x8E, 0x00, 0x1A, 0x00, 0x1E, 0x00, 0x30,
	0x40, 0x2D, 0x00, 0x04, 0x03, 0x01, 0x01, 0x02, 0x04, 0x01, 0x69, 0x00, 0x07, 0x00, 0x08, 0x07,
	0x08, 0x63, 0x00, 0x05, 0x05, 0x00, 0x5F, 0x00, 0x00, 0x00, 0x11, 0x4D, 0x06, 0x01, 0x02, 0x02,
	0x12, 0x02, 0x4E, 0x11, 0x11, 0x11, 0x25, 0x21, 0x11, 0x11, 0x17, 0x20, 0x09, 0x07, 0x1F, 0x2B,
	0x13, 0x21, 0x32, 0x16, 0x16, 0x15, 0x15, 0x14, 0x06, 0x06, 0x23, 0x01, 0x21, 0x01, 0x23, 0x35,
	0x21, 0x32, 0x36, 0x35, 0x35, 0x34, 0x26, 0x23, 0x21, 0x11, 0x23, 0x05, 0x33, 0x03, 0x23, 0x8C,
	0x02, 0xF0, 0x61, 0x9F, 0x5F, 0x5D, 0xA0, 0x63, 0x01, 0xA8, 0xFE, 0xFF, 0xFE, 0x58, 0xA3, 0x01,
	0xA5, 0x3B, 0x52, 0x52, 0x3B, 0xFD, 0xE3, 0xD3, 0x01, 0xDE, 0xD4, 0x81, 0x9E, 0x05, 0x8E, 0x5F,
	0x9E, 0x61, 0x8E, 0x61, 0x9C, 0x5C, 0xFD, 0xB7, 0x02, 0x49, 0xD2, 0x51, 0x39, 0x8B, 0x3A, 0x52,
	0xFB, 0x44, 0x78, 0xFE, 0x62, 0x00, 0x00, 0x01, 0x00, 0x28, 0xFE, 0xCD, 0x04, 0xAE, 0x05, 0x8E,
	0x00, 0x18, 0x00, 0x31, 0x40, 0x2E, 0x05, 0x00, 0x02, 0x00, 0x01, 0x18, 0x01, 0x06, 0x00, 0x02,
	0x4C, 0x00, 0x00, 0x00, 0x06, 0x00, 0x06, 0x65, 0x04, 0x01, 0x02, 0x02, 0x03, 0x5F, 0x00, 0x03,
	0x03, 0x11, 0x4D, 0x05, 0x01, 0x01, 0x01, 0x12, 0x01, 0x4E, 0x23, 0x11, 0x11, 0x11, 0x11, 0x14,
	0x22, 0x07, 0x07, 0x1D, 0x2B, 0x05, 0x16, 0x16, 0x33, 0x32, 0x35, 0x34, 0x26, 0x27, 0x23, 0x11,
	0x21, 0x35, 0x21, 0x15, 0x21, 0x11, 0x23, 0x16, 0x15, 0x14, 0x23, 0x22, 0x26, 0x27, 0x01, 0xB0,
	0x3E, 0x23, 0x0D, 0x29, 0x0E, 0x17, 0x21, 0xFE, 0x27, 0x04, 0x86, 0xFE, 0x27, 0x1F, 0x28, 0x98,
	0x19, 0x3B, 0x42, 0x8F, 0x0A, 0x04, 0x1F, 0x0F, 0x31, 0x3E, 0x04, 0xBC, 0xD2, 0xD2, 0xFB, 0x44,
	0x6C, 0x45, 0x82, 0x06, 0x0A, 0x00, 0x00, 0x01, 0x00, 0x28, 0xFE, 0x68, 0x04, 0xAE, 0x05, 0x8E,
	0x00, 0x0A, 0x00, 0x3E, 0xB6, 0x07, 0x00, 0x02, 0x03, 0x00, 0x01, 0x4C, 0x4B, 0xB0, 0x2F, 0x50,
	0x58, 0x40, 0x11, 0x02, 0x01, 0x00, 0x00, 0x01, 0x5F, 0x00, 0x01, 0x01, 0x11, 0x4D, 0x00, 0x03,
	0x03, 0x16, 0x03, 0x4E, 0x1B, 0x40, 0x11, 0x00, 0x03, 0x00, 0x03, 0x86, 0x02, 0x01, 0x00, 0x00,
	0x01, 0x5F, 0x00, 0x01, 0x01, 0x11, 0x00, 0x4E, 0x59, 0xB6, 0x13, 0x11, 0x11, 0x11, 0x04, 0x07,
	0x1A, 0x2B, 0x25, 0x11, 0x21, 0x35, 0x21, 0x15, 0x21, 0x11, 0x23, 0x03, 0x23, 0x02, 0x01, 0xFE,
	0x27, 0x04, 0x86, 0xFE, 0x27, 0x02, 0x7F, 0x9E, 0x06, 0x04, 0xB6, 0xD2, 0xD2, 0xFB, 0x44, 0xFE,
	0x68, 0x00, 0x00, 0x03, 0x00, 0x8C, 0x00, 0x00, 0x05, 0x12, 0x06, 0xE5, 0x00, 0x0B, 0x00, 0x1D,
	0x00, 0x31, 0x00, 0x42, 0x40, 0x3F, 0x14, 0x01, 0x05, 0x06, 0x01, 0x4C, 0x00, 0x00, 0x00, 0x01,
	0x02, 0x00, 0x01, 0x69, 0x00, 0x06, 0x00, 0x05, 0x04, 0x06, 0x05, 0x67, 0x00, 0x07, 0x07, 0x02,
	0x5F, 0x00, 0x02, 0x02, 0x11, 0x4D, 0x08, 0x01, 0x04, 0x04, 0x03, 0x5F, 0x00, 0x03, 0x03, 0x12,
	0x03, 0x4E, 0x1F, 0x1E, 0x30, 0x2E, 0x29, 0x27, 0x26, 0x24, 0x1E, 0x31, 0x1F, 0x31, 0x2D, 0x22,
	0x24, 0x22, 0x09, 0x07, 0x1A, 0x2B, 0x01, 0x34, 0x36, 0x33, 0x32, 0x16, 0x15, 0x14, 0x06, 0x23,
	0x22, 0x26, 0x05, 0x21, 0x32, 0x16, 0x16, 0x15, 0x15, 0x14, 0x07, 0x16, 0x16, 0x15, 0x15, 0x14,
	0x06, 0x06, 0x23, 0x21, 0x25, 0x32, 0x36, 0x35, 0x35, 0x34, 0x26, 0x23, 0x21, 0x35, 0x21, 0x32,
	0x36, 0x35, 0x35, 0x34, 0x26, 0x23, 0x21, 0x11, 0x02, 0x51, 0x41, 0x2E, 0x2E, 0x40, 0x40, 0x2E,
	0x2E, 0x41, 0xFE, 0x3B, 0x02, 0xED, 0x63, 0xA0, 0x5F, 0x50, 0x47, 0x40, 0x5F, 0xA0, 0x61, 0xFC,
	0xDA, 0x03, 0x28, 0x3A, 0x52, 0x52, 0x3B, 0xFE, 0x24, 0x01, 0xA2, 0x3B, 0x55, 0x55, 0x3B, 0xFD,
	0xE6, 0x06, 0x76, 0x2F, 0x40, 0x40, 0x2F, 0x2E, 0x40, 0x40, 0xBA, 0x5E, 0x9E, 0x62, 0x5D, 0x8B,
	0x48, 0x2E, 0x7F, 0x5F, 0x9D, 0x5E, 0x9C, 0x5D, 0xD3, 0x4F, 0x38, 0x9D, 0x38, 0x50, 0xD2, 0x4D,
	0x37, 0x5B, 0x3A, 0x52, 0xFC, 0x17, 0x00, 0x03, 0x00, 0x8C, 0x00, 0x00, 0x04, 0x44, 0x06, 0xE5,
	0x00, 0x0B, 0x00, 0x11, 0x00, 0x15, 0x00, 0x2D, 0x40, 0x2A, 0x00, 0x00, 0x00, 0x01, 0x02, 0x00,
	0x01, 0x69, 0x00, 0x05, 0x00, 0x06, 0x04, 0x05, 0x06, 0x67, 0x00, 0x03, 0x03, 0x02, 0x5F, 0x00,
	0x02, 0x02, 0x11, 0x4D, 0x00, 0x04, 0x04, 0x12, 0x04, 0x4E, 0x11, 0x11, 0x11, 0x11, 0x12, 0x24,
	0x22, 0x07, 0x07, 0x1D, 0x2B, 0x01, 0x34, 0x36, 0x33, 0x32, 0x16, 0x15, 0x14, 0x06, 0x23, 0x22,
	0x26, 0x05, 0x21, 0x15, 0x21, 0x11, 0x23, 0x01, 0x21, 0x15, 0x21, 0x01, 0xEF, 0x41, 0x2E, 0x2E,
	0x40, 0x40, 0x2E, 0x2E, 0x41, 0xFE, 0x9D, 0x03, 0xB8, 0xFD, 0x1B, 0xD3, 0x01, 0x4B, 0x02, 0x6D,
	0xFD, 0x93, 0x06, 0x76, 0x2F, 0x40, 0x40, 0x2F, 0x2E, 0x40, 0x40, 0xBA, 0xD2, 0xFB, 0x44, 0x03,
	0x4D, 0xD2, 0x00, 0x01, 0x00, 0x6E, 0x00, 0x00, 0x04, 0x26, 0x04, 0x0C, 0x00, 0x17, 0x00, 0x21,
	0x40, 0x1E, 0x00, 0x02, 0x02, 0x00, 0x5F, 0x00, 0x00, 0x00, 0x14, 0x4D, 0x00, 0x03, 0x03, 0x01,
	0x5F, 0x04, 0x01, 0x01, 0x01, 0x12, 0x01, 0x4E, 0x21, 0x25, 0x21, 0x11, 0x23, 0x05, 0x07, 0x1B,
	0x2B, 0x13, 0x34, 0x36, 0x36, 0x33, 0x21, 0x11, 0x23, 0x11, 0x21, 0x22, 0x06, 0x15, 0x11, 0x14,
	0x16, 0x33, 0x33, 0x15, 0x23, 0x22, 0x26, 0x26, 0x35, 0x6E, 0x65, 0xAA, 0x67, 0x02, 0x42, 0xD3,
	0xFE, 0x91, 0x43, 0x60, 0x60, 0x43, 0xF7, 0xF7, 0x67, 0xAA, 0x65, 0x02, 0x98, 0x67, 0xA8, 0x65,
	0xFB, 0xF4, 0x03, 0x39, 0x5F, 0x44, 0xFE, 0xE2, 0x44, 0x61, 0xD3, 0x65, 0xAA, 0x67, 0x00, 0x02,
	0x00, 0x6E, 0x00, 0x00, 0x04, 0x26, 0x06, 0x2C, 0x00, 0x03, 0x00, 0x1B, 0x00, 0x27, 0x40, 0x24,
	0x03, 0x02, 0x01, 0x03, 0x00, 0x4A, 0x00, 0x02, 0x02, 0x00, 0x5F, 0x00, 0x00, 0x00, 0x14, 0x4D,
	0x00, 0x03, 0x03, 0x01, 0x5F, 0x04, 0x01, 0x01, 0x01, 0x12, 0x01, 0x4E, 0x21, 0x25, 0x21, 0x11,
	0x27, 0x05, 0x07, 0x1B, 0x2B, 0x01, 0x17, 0x03, 0x27, 0x01, 0x34, 0x36, 0x36, 0x33, 0x21, 0x11,
	0x23, 0x11, 0x21, 0x22, 0x06, 0x15, 0x11, 0x14, 0x16, 0x33, 0x33, 0x15, 0x23, 0x22, 0x26, 0x26,
	0x35, 0x02, 0x5E, 0xB7, 0xC6, 0x72, 0xFE, 0x91, 0x65, 0xAA, 0x67, 0x02, 0x42, 0xD3, 0xFE, 0x91,
	0x43, 0x60, 0x60, 0x43, 0xF7, 0xF7, 0x67, 0xAA, 0x65, 0x06, 0x2C, 0x58, 0xFE, 0xB2, 0x35, 0xFD,
	0xDD, 0x67, 0xA8, 0x65, 0xFB, 0xF4, 0x03, 0x39, 0x5F, 0x44, 0xFE, 0xE2, 0x44, 0x61, 0xD3, 0x65,
	0xAA, 0x67, 0x00, 0x02, 0x00, 0x6E, 0x00, 0x00, 0x04, 0x26, 0x05, 0xB2, 0x00, 0x0F, 0x00, 0x27,
	0x00, 0x6E, 0x4B, 0xB0, 0x1D, 0x50, 0x58, 0x40, 0x25, 0x00, 0x00, 0x00, 0x02, 0x04, 0x00, 0x02,
	0x69, 0x09, 0x03, 0x02, 0x01, 0x01, 0x11, 0x4D, 0x00, 0x06, 0x06, 0x04, 0x5F, 0x00, 0x04, 0x04,
	0x14, 0x4D, 0x00, 0x07, 0x07, 0x05, 0x5F, 0x08, 0x01, 0x05, 0x05, 0x12, 0x05, 0x4E, 0x1B, 0x40,
	0x25, 0x09, 0x03, 0x02, 0x01, 0x00, 0x01, 0x85, 0x00, 0x00, 0x00, 0x02, 0x04, 0x00, 0x02, 0x69,
	0x00, 0x06, 0x06, 0x04, 0x5F, 0x00, 0x04, 0x04, 0x14, 0x4D, 0x00, 0x07, 0x07, 0x05, 0x5F, 0x08,
	0x01, 0x05, 0x05, 0x12, 0x05, 0x4E, 0x59, 0x40, 0x16, 0x00, 0x00, 0x24, 0x22, 0x21, 0x1F, 0x1A,
	0x18, 0x17, 0x16, 0x15, 0x13, 0x00, 0x0F, 0x00, 0x0F, 0x23, 0x12, 0x22, 0x0A, 0x07, 0x19, 0x2B,
	0x01, 0x14, 0x16, 0x33, 0x32, 0x36, 0x35, 0x33, 0x14, 0x06, 0x06, 0x23, 0x22, 0x26, 0x26, 0x35,
	0x03, 0x34, 0x36, 0x36, 0x33, 0x21, 0x11, 0x23, 0x11, 0x21, 0x22, 0x06, 0x15, 0x11, 0x14, 0x16,
	0x33, 0x33, 0x15, 0x23, 0x22, 0x26, 0x26, 0x35, 0x01, 0xAB, 0x61, 0x43, 0x44, 0x60, 0x86, 0x51,
	0x87, 0x52, 0x52, 0x87, 0x51, 0xB7, 0x65, 0xAA, 0x67, 0x02, 0x42, 0xD3, 0xFE, 0x91, 0x43, 0x60,
	0x60, 0x43, 0xF7, 0xF7, 0x67, 0xAA, 0x65, 0x05, 0xB2, 0x43, 0x61, 0x61, 0x43, 0x52, 0x87, 0x51,
	0x51, 0x87, 0x52, 0xFC, 0xE6, 0x67, 0xA8, 0x65, 0xFB, 0xF4, 0x03, 0x39, 0x5F, 0x44, 0xFE, 0xE2,
	0x44, 0x61, 0xD3, 0x65, 0xAA, 0x67, 0x00, 0x02, 0x00, 0x6E, 0x00, 0x00, 0x04, 0x26, 0x05, 0xBA,
	0x00, 0x06, 0x00, 0x1E, 0x00, 0x65, 0xB5, 0x04, 0x01, 0x01, 0x00, 0x01, 0x4C, 0x4B, 0xB0, 0x17,
	0x50, 0x58, 0x40, 0x24, 0x02, 0x01, 0x01, 0x00, 0x03, 0x00, 0x01, 0x03, 0x80, 0x00, 0x00, 0x00,
	0x11, 0x4D, 0x00, 0x05, 0x05, 0x03, 0x5F, 0x00, 0x03, 0x03, 0x14, 0x4D, 0x00, 0x06, 0x06, 0x04,
	0x5F, 0x07, 0x01, 0x04, 0x04, 0x12, 0x04, 0x4E, 0x1B, 0x40, 0x21, 0x00, 0x00, 0x01, 0x00, 0x85,
	0x02, 0x01, 0x01, 0x03, 0x01, 0x85, 0x00, 0x05, 0x05, 0x03, 0x5F, 0x00, 0x03, 0x03, 0x14, 0x4D,
	0x00, 0x06, 0x06, 0x04, 0x5F, 0x07, 0x01, 0x04, 0x04, 0x12, 0x04, 0x4E, 0x59, 0x40, 0x0B, 0x21,
	0x25, 0x21, 0x11, 0x24, 0x12, 0x11, 0x10, 0x08, 0x07, 0x1E, 0x2B, 0x01, 0x33, 0x13, 0x23, 0x27,
	0x07, 0x23, 0x03, 0x34, 0x36, 0x36, 0x33, 0x21, 0x11, 0x23, 0x11, 0x21, 0x22, 0x06, 0x15, 0x11,
	0x14, 0x16, 0x33, 0x33, 0x15, 0x23, 0x22, 0x26, 0x26, 0x35, 0x02, 0x02, 0x9B, 0xEA, 0x8D, 0xAB,
	0xAA, 0x8D, 0xAA, 0x65, 0xAA, 0x67, 0x02, 0x42, 0xD3, 0xFE, 0x91, 0x43, 0x60, 0x60, 0x43, 0xF7,
	0xF7, 0x67, 0xAA, 0x65, 0x05, 0xBA, 0xFE, 0xCB, 0xAC, 0xAC, 0xFE, 0x13, 0x67, 0xA8, 0x65, 0xFB,
	0xF4, 0x03, 0x39, 0x5F, 0x44, 0xFE, 0xE2, 0x44, 0x61, 0xD3, 0x65, 0xAA, 0x67, 0x00, 0x00, 0x03,
	0x00, 0x6E, 0x00, 0x00, 0x04, 0x26, 0x05, 0x64, 0x00, 0x0B, 0x00, 0x17, 0x00, 0x2F, 0x00, 0x5C,
	0x4B, 0xB0, 0x19, 0x50, 0x58, 0x40, 0x22, 0x03, 0x01, 0x01, 0x01, 0x00, 0x61, 0x02, 0x01, 0x00,
	0x00, 0x11, 0x4D, 0x00, 0x06, 0x06, 0x04, 0x5F, 0x00, 0x04, 0x04, 0x14, 0x4D, 0x00, 0x07, 0x07,
	0x05, 0x5F, 0x08, 0x01, 0x05, 0x05, 0x12, 0x05, 0x4E, 0x1B, 0x40, 0x20, 0x02, 0x01, 0x00, 0x03,
	0x01, 0x01, 0x04, 0x00, 0x01, 0x69, 0x00, 0x06, 0x06, 0x04, 0x5F, 0x00, 0x04, 0x04, 0x14, 0x4D,
	0x00, 0x07, 0x07, 0x05, 0x5F, 0x08, 0x01, 0x05, 0x05, 0x12, 0x05, 0x4E, 0x59, 0x40, 0x0C, 0x21,
	0x25, 0x21, 0x11, 0x25, 0x24, 0x24, 0x24, 0x22, 0x09, 0x07, 0x1F, 0x2B, 0x01, 0x34, 0x36, 0x33,
	0x32, 0x16, 0x15, 0x14, 0x06, 0x23, 0x22, 0x26, 0x25, 0x34, 0x36, 0x33, 0x32, 0x16, 0x15, 0x14,
	0x06, 0x23, 0x22, 0x26, 0x01, 0x34, 0x36, 0x36, 0x33, 0x21, 0x11, 0x23, 0x11, 0x21, 0x22, 0x06,
	0x15, 0x11, 0x14, 0x16, 0x33, 0x33, 0x15, 0x23, 0x22, 0x26, 0x26, 0x35, 0x01, 0x37, 0x40, 0x2E,
	0x2F, 0x40, 0x40, 0x2F, 0x2E, 0x40, 0x01, 0x54, 0x40, 0x2E, 0x2F, 0x40, 0x40, 0x2F, 0x2E, 0x40,
	0xFD, 0xE3, 0x65, 0xAA, 0x67, 0x02, 0x42, 0xD3, 0xFE, 0x91, 0x43, 0x60, 0x60, 0x43, 0xF7, 0xF7,
	0x67, 0xAA, 0x65, 0x04, 0xF5, 0x2F, 0x40, 0x40, 0x2F, 0x2E, 0x40, 0x40, 0x2E, 0x2F, 0x40, 0x40,
	0x2F, 0x2E, 0x40, 0x40, 0xFD, 0xD1, 0x67, 0xA8, 0x65, 0xFB, 0xF4, 0x03, 0x39, 0x5F, 0x44, 0xFE,
	0xE2, 0x44, 0x61, 0xD3, 0x65, 0xAA, 0x67, 0x00, 0x00, 0x02, 0x00, 0x6E, 0x00, 0x00, 0x04, 0x26,
	0x06, 0x2C, 0x00, 0x03, 0x00, 0x1B, 0x00, 0x27, 0x40, 0x24, 0x03, 0x02, 0x01, 0x03, 0x00, 0x4A,
	0x00, 0x02, 0x02, 0x00, 0x5F, 0x00, 0x00, 0x00, 0x14, 0x4D, 0x00, 0x03, 0x03, 0x01, 0x5F, 0x04,
	0x01, 0x01, 0x01, 0x12, 0x01, 0x4E, 0x21, 0x25, 0x21, 0x11, 0x27, 0x05, 0x07, 0x1B, 0x2B, 0x01,
	0x13, 0x07, 0x03, 0x01, 0x34, 0x36, 0x36, 0x33, 0x21, 0x11, 0x23, 0x11, 0x21, 0x22, 0x06, 0x15,
	0x11, 0x14, 0x16, 0x33, 0x33, 0x15, 0x23, 0x22, 0x26, 0x26, 0x35, 0x02, 0x40, 0x81, 0x72, 0xC6,
	0xFE, 0xE5, 0x65, 0xAA, 0x67, 0x02, 0x42, 0xD3, 0xFE, 0x91, 0x43, 0x60, 0x60, 0x43, 0xF7, 0xF7,
	0x67, 0xAA, 0x65, 0x06, 0x2C, 0xFE, 0x8F, 0x35, 0x01, 0x4E, 0xFC, 0xC4, 0x67, 0xA8, 0x65, 0xFB,
	0xF4, 0x03, 0x39, 0x5F, 0x44, 0xFE, 0xE2, 0x44, 0x61, 0xD3, 0x65, 0xAA, 0x67, 0x00, 0x00, 0x02,
	0x00, 0x6E, 0x00, 0x00, 0x04, 0x26, 0x05, 0x19, 0x00, 0x03, 0x00, 0x1B, 0x00, 0x2B, 0x40, 0x28,
	0x00, 0x00, 0x00, 0x01, 0x02, 0x00, 0x01, 0x67, 0x00, 0x04, 0x04, 0x02, 0x5F, 0x00, 0x02, 0x02,
	0x14, 0x4D, 0x00, 0x05, 0x05, 0x03, 0x5F, 0x06, 0x01, 0x03, 0x03, 0x12, 0x03, 0x4E, 0x21, 0x25,
	0x21, 0x11, 0x24, 0x11, 0x10, 0x07, 0x07, 0x1D, 0x2B, 0x01, 0x21, 0x15, 0x21, 0x03, 0x34, 0x36,
	0x36, 0x33, 0x21, 0x11, 0x23, 0x11, 0x21, 0x22, 0x06, 0x15, 0x11, 0x14, 0x16, 0x33, 0x33, 0x15,
	0x23, 0x22, 0x26, 0x26, 0x35, 0x01, 0x24, 0x02, 0x55, 0xFD, 0xAB, 0xB6, 0x65, 0xAA, 0x67, 0x02,
	0x42, 0xD3, 0xFE, 0x91, 0x43, 0x60, 0x60, 0x43, 0xF7, 0xF7, 0x67, 0xAA, 0x65, 0x05, 0x19, 0x93,
	0xFE, 0x12, 0x67, 0xA8, 0x65, 0xFB, 0xF4, 0x03, 0x39, 0x5F, 0x44, 0xFE, 0xE2, 0x44, 0x61, 0xD3,
	0x65, 0xAA, 0x67, 0x00, 0x00, 0x01, 0x00, 0x6E, 0xFE, 0xCD, 0x04, 0x7A, 0x04, 0x0C, 0x00, 0x28,
	0x00, 0x36, 0x40, 0x33, 0x0F, 0x01, 0x02, 0x01, 0x10, 0x01, 0x03, 0x02, 0x02, 0x4C, 0x00, 0x02,
	0x00, 0x03, 0x02, 0x03, 0x65, 0x00, 0x05, 0x05, 0x00, 0x5F, 0x00, 0x00, 0x00, 0x14, 0x4D, 0x00,
	0x06, 0x06, 0x01, 0x5F, 0x07, 0x04, 0x02, 0x01, 0x01, 0x12, 0x01, 0x4E, 0x21, 0x25, 0x21, 0x13,
	0x26, 0x14, 0x11, 0x23, 0x08, 0x07, 0x1E, 0x2B, 0x13, 0x34, 0x36, 0x36, 0x33, 0x21, 0x11, 0x23,
	0x06, 0x06, 0x15, 0x14, 0x33, 0x32, 0x36, 0x37, 0x15, 0x06, 0x06, 0x23, 0x22, 0x35, 0x34, 0x37,
	0x23, 0x11, 0x21, 0x22, 0x06, 0x15, 0x11, 0x14, 0x16, 0x33, 0x33, 0x15, 0x23, 0x22, 0x26, 0x26,
	0x35, 0x6E, 0x65, 0xAA, 0x67, 0x02, 0x42, 0x1E, 0x17, 0x0E, 0x29, 0x0D, 0x24, 0x3D, 0x42, 0x3B,
	0x19, 0x98, 0x28, 0x21, 0xFE, 0x91, 0x43, 0x60, 0x60, 0x43, 0xF7, 0xF7, 0x67, 0xAA, 0x65, 0x02,
	0x98, 0x67, 0xA8, 0x65, 0xFB, 0xF4, 0x3F, 0x30, 0x0F, 0x1F, 0x04, 0x0A, 0x94, 0x0A, 0x06, 0x82,
	0x47, 0x6A, 0x03, 0x39, 0x5F, 0x44, 0xFE, 0xE2, 0x44, 0x61, 0xD3, 0x65, 0xAA, 0x67, 0x00, 0x03,
	0x00, 0x6E, 0x00, 0x00, 0x04, 0x26, 0x06, 0x03, 0x00, 0x0F, 0x00, 0x1F, 0x00, 0x37, 0x00, 0x35,
	0x40, 0x32, 0x00, 0x00, 0x00, 0x03, 0x02, 0x00, 0x03, 0x69, 0x00, 0x02, 0x00, 0x01, 0x04, 0x02,
	0x01, 0x69, 0x00, 0x06, 0x06, 0x04, 0x5F, 0x00, 0x04, 0x04, 0x14, 0x4D, 0x00, 0x07, 0x07, 0x05,
	0x5F, 0x08, 0x01, 0x05, 0x05, 0x12, 0x05, 0x4E, 0x21, 0x25, 0x21, 0x11, 0x26, 0x35, 0x35, 0x35,
	0x32, 0x09, 0x07, 0x1F, 0x2B, 0x01, 0x34, 0x36, 0x33, 0x33, 0x32, 0x16, 0x15, 0x15, 0x14, 0x06,
	0x23, 0x23, 0x22, 0x26, 0x35, 0x33, 0x14, 0x16, 0x33, 0x33, 0x32, 0x36, 0x35, 0x35, 0x34, 0x26,
	0x23, 0x23, 0x22, 0x06, 0x15, 0x01, 0x34, 0x36, 0x36, 0x33, 0x21, 0x11, 0x23, 0x11, 0x21, 0x22,
	0x06, 0x15, 0x11, 0x14, 0x16, 0x33, 0x33, 0x15, 0x23, 0x22, 0x26, 0x26, 0x35, 0x01, 0x91, 0x64,
	0x46, 0x28, 0x47, 0x63, 0x63, 0x47, 0x28, 0x46, 0x64, 0x76, 0x1E, 0x16, 0x28, 0x16, 0x1E, 0x1E,
	0x16, 0x28, 0x16, 0x1E, 0xFE, 0x67, 0x65, 0xAA, 0x67, 0x02, 0x42, 0xD3, 0xFE, 0x91, 0x43, 0x60,
	0x60, 0x43, 0xF7, 0xF7, 0x67, 0xAA, 0x65, 0x05, 0x5A, 0x47, 0x62, 0x62, 0x47, 0x2B, 0x46, 0x63,
	0x63, 0x46, 0x15, 0x1E, 0x1E, 0x15, 0x2B, 0x15, 0x1E, 0x1E, 0x15, 0xFD, 0x3E, 0x67, 0xA8, 0x65,
	0xFB, 0xF4, 0x03, 0x39, 0x5F, 0x44, 0xFE, 0xE2, 0x44, 0x61, 0xD3, 0x65, 0xAA, 0x67, 0x00, 0x02,
	0x00, 0x6E, 0x00, 0x00, 0x04, 0x26, 0x05, 0x6B, 0x00, 0x17, 0x00, 0x2F, 0x00, 0x7A, 0x4B, 0xB0,
	0x1D, 0x50, 0x58, 0x40, 0x2B, 0x00, 0x01, 0x0B, 0x05, 0x02, 0x03, 0x06, 0x01, 0x03, 0x6A, 0x00,
	0x04, 0x04, 0x00, 0x61, 0x02, 0x01, 0x00, 0x00, 0x11, 0x4D, 0x00, 0x08, 0x08, 0x06, 0x5F, 0x00,
	0x06, 0x06, 0x14, 0x4D, 0x00, 0x09, 0x09, 0x07, 0x5F, 0x0A, 0x01, 0x07, 0x07, 0x12, 0x07, 0x4E,
	0x1B, 0x40, 0x29, 0x02, 0x01, 0x00, 0x00, 0x04, 0x03, 0x00, 0x04, 0x69, 0x00, 0x01, 0x0B, 0x05,
	0x02, 0x03, 0x06, 0x01, 0x03, 0x6A, 0x00, 0x08, 0x08, 0x06, 0x5F, 0x00, 0x06, 0x06, 0x14, 0x4D,
	0x00, 0x09, 0x09, 0x07, 0x5F, 0x0A, 0x01, 0x07, 0x07, 0x12, 0x07, 0x4E, 0x59, 0x40, 0x18, 0x00,
	0x00, 0x2C, 0x2A, 0x29, 0x27, 0x22, 0x20, 0x1F, 0x1E, 0x1D, 0x1B, 0x00, 0x17, 0x00, 0x17, 0x24,
	0x22, 0x11, 0x24, 0x22, 0x0C, 0x07, 0x1B, 0x2B, 0x01, 0x36, 0x36, 0x33, 0x32, 0x16, 0x17, 0x16,
	0x16, 0x33, 0x32, 0x35, 0x33, 0x14, 0x06, 0x23, 0x22, 0x26, 0x27, 0x26, 0x26, 0x23, 0x22, 0x15,
	0x01, 0x34, 0x36, 0x36, 0x33, 0x21, 0x11, 0x23, 0x11, 0x21, 0x22, 0x06, 0x15, 0x11, 0x14, 0x16,
	0x33, 0x33, 0x15, 0x23, 0x22, 0x26, 0x26, 0x35, 0x01, 0x05, 0x01, 0x6D, 0x54, 0x17, 0x39, 0x33,
	0x37, 0x35, 0x17, 0x2D, 0x9D, 0x70, 0x50, 0x17, 0x39, 0x35, 0x38, 0x36, 0x17, 0x2D, 0xFE, 0xCE,
	0x65, 0xAA, 0x67, 0x02, 0x42, 0xD3, 0xFE, 0x91, 0x43, 0x60, 0x60, 0x43, 0xF7, 0xF7, 0x67, 0xAA,
	0x65, 0x04, 0x8E, 0x60, 0x7D, 0x10, 0x15, 0x16, 0x10, 0x46, 0x5D, 0x83, 0x12, 0x16, 0x18, 0x11,
	0x49, 0xFE, 0x0A, 0x67, 0xA8, 0x65, 0xFB, 0xF4, 0x03, 0x39, 0x5F, 0x44, 0xFE, 0xE2, 0x44, 0x61,
	0xD3, 0x65, 0xAA, 0x67, 0x00, 0x01, 0x00, 0x6E, 0x00, 0x00, 0x07, 0x0B, 0x04, 0x0C, 0x00, 0x34,
	0x00, 0x32, 0x40, 0x2F, 0x00, 0x02, 0x00, 0x01, 0x04, 0x02, 0x01, 0x67, 0x07, 0x01, 0x03, 0x03,
	0x00, 0x5F, 0x00, 0x00, 0x00, 0x14, 0x4D, 0x08, 0x01, 0x04, 0x04, 0x05, 0x5F, 0x09, 0x06, 0x02,
	0x05, 0x05, 0x12, 0x05, 0x4E, 0x31, 0x2F, 0x25, 0x21, 0x21, 0x21, 0x23, 0x25, 0x21, 0x27, 0x33,
	0x0A, 0x07, 0x1F, 0x2B, 0x13, 0x34, 0x36, 0x36, 0x33, 0x21, 0x32, 0x16, 0x16, 0x15, 0x15, 0x14,
	0x06, 0x06, 0x23, 0x21, 0x35, 0x21, 0x32, 0x36, 0x35, 0x35, 0x34, 0x26, 0x23, 0x21, 0x11, 0x14,
	0x16, 0x33, 0x21, 0x15, 0x21, 0x22, 0x27, 0x15, 0x23, 0x11, 0x21, 0x22, 0x06, 0x15, 0x11, 0x14,
	0x16, 0x33, 0x33, 0x15, 0x23, 0x22, 0x26, 0x26, 0x35, 0x6E, 0x65, 0xAA, 0x67, 0x03, 0xFC, 0x53,
	0x87, 0x51, 0x51, 0x87, 0x53, 0xFE, 0xBE, 0x01, 0x44, 0x24, 0x33, 0x33, 0x24, 0xFE, 0x44, 0x2E,
	0x21, 0x02, 0x4D, 0xFD, 0xB3, 0x21, 0x2E, 0xD3, 0xFE, 0x91, 0x43, 0x60, 0x60, 0x43, 0xF7, 0xF7,
	0x67, 0xAA, 0x65, 0x02, 0x98, 0x67, 0xA8, 0x65, 0x51, 0x89, 0x53, 0x1D, 0x52, 0x87, 0x51, 0xD2,
	0x34, 0x25, 0x1C, 0x26, 0x34, 0xFD, 0xEC, 0x22, 0x30, 0xD3, 0x0B, 0x0B, 0x03, 0x39, 0x5F, 0x44,
	0xFE, 0xE2, 0x44, 0x61, 0xD3, 0x65, 0xAA, 0x67, 0x00, 0x02, 0x00, 0x6E, 0x00, 0x00, 0x07, 0x0B,
	0x06, 0x2C, 0x00, 0x03, 0x00, 0x38, 0x00, 0x38, 0x40, 0x35, 0x03, 0x02, 0x01, 0x03, 0x00, 0x4A,
	0x00, 0x02, 0x00, 0x01, 0x04, 0x02, 0x01, 0x67, 0x07, 0x01, 0x03, 0x03, 0x00, 0x5F, 0x00, 0x00,
	0x00, 0x14, 0x4D, 0x08, 0x01, 0x04, 0x04, 0x05, 0x5F, 0x09, 0x06, 0x02, 0x05, 0x05, 0x12, 0x05,
	0x4E, 0x35, 0x33, 0x25, 0x21, 0x21, 0x21, 0x23, 0x25, 0x21, 0x27, 0x37, 0x0A, 0x07, 0x1F, 0x2B,
	0x01, 0x17, 0x03, 0x27, 0x01, 0x34, 0x36, 0x36, 0x33, 0x21, 0x32, 0x16, 0x16, 0x15, 0x15, 0x14,
	0x06, 0x06, 0x23, 0x21, 0x35, 0x21, 0x32, 0x36, 0x35, 0x35, 0x34, 0x26, 0x23, 0x21, 0x11, 0x14,
	0x16, 0x33, 0x21, 0x15, 0x21, 0x22, 0x27, 0x15, 0x23, 0x11, 0x21, 0x22, 0x06, 0x15, 0x11, 0x14,
	0x16, 0x33, 0x33, 0x15, 0x23, 0x22, 0x26, 0x26, 0x35, 0x03, 0xCB, 0xB7, 0xC6, 0x72, 0xFD, 0x24,
	0x65, 0xAA, 0x67, 0x03, 0xFC, 0x53, 0x87, 0x51, 0x51, 0x87, 0x53, 0xFE, 0xBE, 0x01, 0x44, 0x24,
	0x33, 0x33, 0x24, 0xFE, 0x44, 0x2E, 0x21, 0x02, 0x4D, 0xFD, 0xB3, 0x21, 0x2E, 0xD3, 0xFE, 0x91,
	0x43, 0x60, 0x60, 0x43, 0xF7, 0xF7, 0x67, 0xAA, 0x65, 0x06, 0x2C, 0x58, 0xFE, 0xB2, 0x35, 0xFD,
	0xDD, 0x67, 0xA8, 0x65, 0x51, 0x89, 0x53, 0x1D, 0x52, 0x87, 0x51, 0xD2, 0x34, 0x25, 0x1C, 0x26,
	0x34, 0xFD, 0xEC, 0x22, 0x30, 0xD3, 0x0B, 0x0B, 0x03, 0x39, 0x5F, 0x44, 0xFE, 0xE2, 0x44, 0x61,
	0xD3, 0x65, 0xAA, 0x67, 0x00, 0x01, 0x00, 0x6E, 0x00, 0x00, 0x04, 0x26, 0x05, 0x8E, 0x00, 0x1A,
	0x00, 0x25, 0x40, 0x22, 0x00, 0x00, 0x00, 0x11, 0x4D, 0x00, 0x02, 0x02, 0x03, 0x5F, 0x00, 0x03,
	0x03, 0x14, 0x4D, 0x00, 0x01, 0x01, 0x04, 0x60, 0x00, 0x04, 0x04, 0x12, 0x04, 0x4E, 0x37, 0x21,
	0x25, 0x21, 0x10, 0x05, 0x07, 0x1B, 0x2B, 0x13, 0x33, 0x11, 0x21, 0x32, 0x36, 0x35, 0x11, 0x34,
	0x26, 0x23, 0x23, 0x35, 0x33, 0x32, 0x16, 0x16, 0x15, 0x11, 0x14, 0x06, 0x06, 0x23, 0x21, 0x22,
	0x26, 0x35, 0x6E, 0xD3, 0x01, 0x6F, 0x44, 0x5F, 0x5F, 0x44, 0xF7, 0xF7, 0x67, 0xAA, 0x65, 0x65,
	0xAA, 0x67, 0xFE, 0x91, 0x57, 0x7C, 0x05, 0x8E, 0xFB, 0x45, 0x60, 0x43, 0x01, 0x1E, 0x44, 0x61,
	0xD3, 0x65, 0xAA, 0x67, 0xFE, 0xDE, 0x66, 0xA9, 0x65, 0x7C, 0x57, 0x00, 0x00, 0x02, 0x00, 0x6E,
	0x00, 0x00, 0x04, 0x26, 0x05, 0x8E, 0x00, 0x1A, 0x00, 0x26, 0x00, 0x5E, 0x4B, 0xB0, 0x17, 0x50,
	0x58, 0x40, 0x24, 0x00, 0x00, 0x00, 0x11, 0x4D, 0x00, 0x06, 0x06, 0x05, 0x61, 0x00, 0x05, 0x05,
	0x11, 0x4D, 0x00, 0x02, 0x02, 0x03, 0x5F, 0x00, 0x03, 0x03, 0x14, 0x4D, 0x00, 0x01, 0x01, 0x04,
	0x60, 0x00, 0x04, 0x04, 0x12, 0x04, 0x4E, 0x1B, 0x40, 0x22, 0x00, 0x05, 0x00, 0x06, 0x03, 0x05,
	0x06, 0x69, 0x00, 0x00, 0x00, 0x11, 0x4D, 0x00, 0x02, 0x02, 0x03, 0x5F, 0x00, 0x03, 0x03, 0x14,
	0x4D, 0x00, 0x01, 0x01, 0x04, 0x60, 0x00, 0x04, 0x04, 0x12, 0x04, 0x4E, 0x59, 0x40, 0x0A, 0x24,
	0x25, 0x37, 0x21, 0x25, 0x21, 0x10, 0x07, 0x07, 0x1D, 0x2B, 0x13, 0x33, 0x11, 0x21, 0x32, 0x36,
	0x35, 0x11, 0x34, 0x26, 0x23, 0x23, 0x35, 0x33, 0x32, 0x16, 0x16, 0x15, 0x11, 0x14, 0x06, 0x06,
	0x23, 0x21, 0x22, 0x26, 0x35, 0x01, 0x34, 0x36, 0x33, 0x32, 0x16, 0x15, 0x14, 0x06, 0x23, 0x22,
	0x26, 0x6E, 0xD3, 0x01, 0x6F, 0x44, 0x5F, 0x5F, 0x44, 0xF7, 0xF7, 0x67, 0xAA, 0x65, 0x65, 0xAA,
	0x67, 0xFE, 0x91, 0x57, 0x7C, 0x01, 0x73, 0x41, 0x2E, 0x2E, 0x40, 0x40, 0x2E, 0x2E, 0x41, 0x05,
	0x8E, 0xFB, 0x45, 0x60, 0x43, 0x01, 0x1E, 0x44, 0x61, 0xD3, 0x65, 0xAA, 0x67, 0xFE, 0xDE, 0x66,
	0xA9, 0x65, 0x7C, 0x57, 0x04, 0x21, 0x2F, 0x40, 0x40, 0x2F, 0x2E, 0x40, 0x40, 0x00, 0x00, 0x01,
	0x00, 0x6E, 0x00, 0x00, 0x04, 0x35, 0x04, 0x0C, 0x00, 0x15, 0x00, 0x1F, 0x40, 0x1C, 0x00, 0x01,
	0x01, 0x00, 0x5F, 0x00, 0x00, 0x00, 0x14, 0x4D, 0x00, 0x02, 0x02, 0x03, 0x5F, 0x00, 0x03, 0x03,
	0x12, 0x03, 0x4E, 0x21, 0x25, 0x21, 0x23, 0x04, 0x07, 0x1A, 0x2B, 0x13, 0x34, 0x36, 0x36, 0x33,
	0x21, 0x15, 0x21, 0x22, 0x06, 0x15, 0x11, 0x14, 0x16, 0x33, 0x21, 0x15, 0x21, 0x22, 0x26, 0x26,
	0x35, 0x6E, 0x68, 0xAE, 0x6A, 0x02, 0x47, 0xFD, 0xB9, 0x47, 0x66, 0x65, 0x48, 0x02, 0x47, 0xFD,
	0xB9, 0x6A, 0xAE, 0x68, 0x02, 0x96, 0x67, 0xAA, 0x65, 0xD3, 0x61, 0x45, 0xFE, 0xE7, 0x45, 0x62,
	0xD3, 0x66, 0xAB, 0x67, 0x00, 0x02, 0x00, 0x6E, 0x00, 0x00, 0x04, 0x35, 0x06, 0x2C, 0x00, 0x03,
	0x00, 0x19, 0x00, 0x25, 0x40, 0x22, 0x03, 0x02, 0x01, 0x03, 0x00, 0x4A, 0x00, 0x01, 0x01, 0x00,
	0x5F, 0x00, 0x00, 0x00, 0x14, 0x4D, 0x00, 0x02, 0x02, 0x03, 0x5F, 0x00, 0x03, 0x03, 0x12, 0x03,
	0x4E, 0x21, 0x25, 0x21, 0x27, 0x04, 0x07, 0x1A, 0x2B, 0x01, 0x17, 0x03, 0x27, 0x01, 0x34, 0x36,
	0x36, 0x33, 0x21, 0x15, 0x21, 0x22, 0x06, 0x15, 0x11, 0x14, 0x16, 0x33, 0x21, 0x15, 0x21, 0x22,
	0x26, 0x26, 0x35, 0x02, 0x97, 0xB7, 0xC6, 0x72, 0xFE, 0x58, 0x68, 0xAE, 0x6A, 0x02, 0x47, 0xFD,
	0xB9, 0x47, 0x66, 0x65, 0x48, 0x02, 0x47, 0xFD, 0xB9, 0x6A, 0xAE, 0x68, 0x06, 0x2C, 0x58, 0xFE,
	0xB2, 0x35, 0xFD, 0xDB, 0x67, 0xAA, 0x65, 0xD3, 0x61, 0x45, 0xFE, 0xE7, 0x45, 0x62, 0xD3, 0x66,
	0xAB, 0x67, 0x00, 0x02, 0x00, 0x6E, 0x00, 0x00, 0x04, 0x35, 0x05, 0xBB, 0x00, 0x06, 0x00, 0x1C,
	0x00, 0x6D, 0xB5, 0x01, 0x01, 0x01, 0x00, 0x01, 0x4C, 0x4B, 0xB0, 0x17, 0x50, 0x58, 0x40, 0x24,
	0x00, 0x01, 0x00, 0x03, 0x00, 0x01, 0x03, 0x80, 0x07, 0x02, 0x02, 0x00, 0x00, 0x11, 0x4D, 0x00,
	0x04, 0x04, 0x03, 0x5F, 0x00, 0x03, 0x03, 0x14, 0x4D, 0x00, 0x05, 0x05, 0x06, 0x5F, 0x00, 0x06,
	0x06, 0x12, 0x06, 0x4E, 0x1B, 0x40, 0x21, 0x07, 0x02, 0x02, 0x00, 0x01, 0x00, 0x85, 0x00, 0x01,
	0x03, 0x01, 0x85, 0x00, 0x04, 0x04, 0x03, 0x5F, 0x00, 0x03, 0x03, 0x14, 0x4D, 0x00, 0x05, 0x05,
	0x06, 0x5F, 0x00, 0x06, 0x06, 0x12, 0x06, 0x4E, 0x59, 0x40, 0x13, 0x00, 0x00, 0x19, 0x17, 0x16,
	0x14, 0x0F, 0x0D, 0x0C, 0x0A, 0x00, 0x06, 0x00, 0x06, 0x11, 0x12, 0x08, 0x07, 0x18, 0x2B, 0x01,
	0x17, 0x37, 0x33, 0x03, 0x23, 0x03, 0x03, 0x34, 0x36, 0x36, 0x33, 0x21, 0x15, 0x21, 0x22, 0x06,
	0x15, 0x11, 0x14, 0x16, 0x33, 0x21, 0x15, 0x21, 0x22, 0x26, 0x26, 0x35, 0x01, 0xDD, 0xAA, 0xAB,
	0x8D, 0xEA, 0x9B, 0xEA, 0xE2, 0x68, 0xAE, 0x6A, 0x02, 0x47, 0xFD, 0xB9, 0x47, 0x66, 0x65, 0x48,
	0x02, 0x47, 0xFD, 0xB9, 0x6A, 0xAE, 0x68, 0x05, 0xBB, 0xAC, 0xAC, 0xFE, 0xCB, 0x01, 0x35, 0xFC,
	0xDB, 0x67, 0xAA, 0x65, 0xD3, 0x61, 0x45, 0xFE, 0xE7, 0x45, 0x62, 0xD3, 0x66, 0xAB, 0x67, 0x00,
	0x00, 0x01, 0x00, 0x6E, 0xFE, 0xCC, 0x04, 0x35, 0x04, 0x0C, 0x00, 0x26, 0x00, 0x35, 0x40, 0x32,
	0x05, 0x00, 0x02, 0x00, 0x01, 0x26, 0x01, 0x06, 0x00, 0x02, 0x4C, 0x00, 0x00, 0x00, 0x06, 0x00,
	0x06, 0x65, 0x00, 0x03, 0x03, 0x02, 0x5F, 0x00, 0x02, 0x02, 0x14, 0x4D, 0x00, 0x04, 0x04, 0x01,
	0x61, 0x05, 0x01, 0x01, 0x01, 0x12, 0x01, 0x4E, 0x23, 0x11, 0x25, 0x21, 0x27, 0x24, 0x22, 0x07,
	0x07, 0x1D, 0x2B, 0x05, 0x16, 0x16, 0x33, 0x32, 0x35, 0x34, 0x26, 0x27, 0x23, 0x22, 0x26, 0x26,
	0x35, 0x11, 0x34, 0x36, 0x36, 0x33, 0x21, 0x15, 0x21, 0x22, 0x06, 0x15, 0x11, 0x14, 0x16, 0x33,
	0x21, 0x15, 0x21, 0x16, 0x15, 0x14, 0x23, 0x22, 0x26, 0x27, 0x01, 0xCD, 0x3E, 0x23, 0x0D, 0x29,
	0x0F, 0x16, 0x51, 0x6A, 0xAE, 0x68, 0x68, 0xAE, 0x6A, 0x02, 0x47, 0xFD, 0xB9, 0x47, 0x66, 0x65,
	0x48, 0x02, 0x47, 0xFE, 0x9E, 0x28, 0x98, 0x19, 0x3B, 0x42, 0x90, 0x0A, 0x04, 0x1F, 0x0F, 0x31,
	0x3F, 0x66, 0xAB, 0x67, 0x01, 0x1E, 0x67, 0xAA, 0x65, 0xD3, 0x61, 0x45, 0xFE, 0xE7, 0x45, 0x62,
	0xD3, 0x6D, 0x45, 0x82, 0x06, 0x0A, 0x00, 0x02, 0x00, 0x6E, 0x00, 0x00, 0x04, 0x35, 0x05, 0xBA,
	0x00, 0x06, 0x00, 0x1C, 0x00, 0x62, 0xB5, 0x04, 0x01, 0x01, 0x00, 0x01, 0x4C, 0x4B, 0xB0, 0x17,
	0x50, 0x58, 0x40, 0x23, 0x02, 0x01, 0x01, 0x00, 0x03, 0x00, 0x01, 0x03, 0x80, 0x00, 0x00, 0x00,
	0x11, 0x4D, 0x00, 0x04, 0x04, 0x03, 0x5F, 0x00, 0x03, 0x03, 0x14, 0x4D, 0x00, 0x05, 0x05, 0x06,
	0x5F, 0x00, 0x06, 0x06, 0x12, 0x06, 0x4E, 0x1B, 0x40, 0x20, 0x00, 0x00, 0x01, 0x00, 0x85, 0x02,
	0x01, 0x01, 0x03, 0x01, 0x85, 0x00, 0x04, 0x04, 0x03, 0x5F, 0x00, 0x03, 0x03, 0x14, 0x4D, 0x00,
	0x05, 0x05, 0x06, 0x5F, 0x00, 0x06, 0x06, 0x12, 0x06, 0x4E, 0x59, 0x40, 0x0A, 0x21, 0x25, 0x21,
	0x24, 0x12, 0x11, 0x10, 0x07, 0x07, 0x1D, 0x2B, 0x01, 0x33, 0x13, 0x23, 0x27, 0x07, 0x23, 0x03,
	0x34, 0x36, 0x36, 0x33, 0x21, 0x15, 0x21, 0x22, 0x06, 0x15, 0x11, 0x14, 0x16, 0x33, 0x21, 0x15,
	0x21, 0x22, 0x26, 0x26, 0x35, 0x02, 0x3B, 0x9B, 0xEA, 0x8D, 0xAB, 0xAA, 0x8D, 0xE3, 0x68, 0xAE,
	0x6A, 0x02, 0x47, 0xFD, 0xB9, 0x47, 0x66, 0x65, 0x48, 0x02, 0x47, 0xFD, 0xB9, 0x6A, 0xAE, 0x68,
	0x05, 0xBA, 0xFE, 0xCB, 0xAC, 0xAC, 0xFE, 0x11, 0x67, 0xAA, 0x65, 0xD3, 0x61, 0x45, 0xFE, 0xE7,
	0x45, 0x62, 0xD3, 0x66, 0xAB, 0x67, 0x00, 0x02, 0x00, 0x6E, 0x00, 0x00, 0x04, 0x35, 0x05, 0x63,
	0x00, 0x0B, 0x00, 0x21, 0x00, 0x53, 0x4B, 0xB0, 0x17, 0x50, 0x58, 0x40, 0x1F, 0x00, 0x01, 0x01,
	0x00, 0x61, 0x00, 0x00, 0x00, 0x11, 0x4D, 0x00, 0x03, 0x03, 0x02, 0x5F, 0x00, 0x02, 0x02, 0x14,
	0x4D, 0x00, 0x04, 0x04, 0x05, 0x5F, 0x00, 0x05, 0x05, 0x12, 0x05, 0x4E, 0x1B, 0x40, 0x1D, 0x00,
	0x00, 0x00, 0x01, 0x02, 0x00, 0x01, 0x69, 0x00, 0x03, 0x03, 0x02, 0x5F, 0x00, 0x02, 0x02, 0x14,
	0x4D, 0x00, 0x04, 0x04, 0x05, 0x5F, 0x00, 0x05, 0x05, 0x12, 0x05, 0x4E, 0x59, 0x40, 0x09, 0x21,
	0x25, 0x21, 0x25, 0x24, 0x22, 0x06, 0x07, 0x1C, 0x2B, 0x01, 0x34, 0x36, 0x33, 0x32, 0x16, 0x15,
	0x14, 0x06, 0x23, 0x22, 0x26, 0x01, 0x34, 0x36, 0x36, 0x33, 0x21, 0x15, 0x21, 0x22, 0x06, 0x15,
	0x11, 0x14, 0x16, 0x33, 0x21, 0x15, 0x21, 0x22, 0x26, 0x26, 0x35, 0x02, 0x19, 0x41, 0x2E, 0x2E,
	0x40, 0x40, 0x2E, 0x2E, 0x41, 0xFE, 0x55, 0x68, 0xAE, 0x6A, 0x02, 0x47, 0xFD, 0xB9, 0x47, 0x66,
	0x65, 0x48, 0x02, 0x47, 0xFD, 0xB9, 0x6A, 0xAE, 0x68, 0x04, 0xF4, 0x2F, 0x40, 0x40, 0x2F, 0x2E,
	0x40, 0x40, 0xFD, 0xD0, 0x67, 0xAA, 0x65, 0xD3, 0x61, 0x45, 0xFE, 0xE7, 0x45, 0x62, 0xD3, 0x66,
	0xAB, 0x67, 0x00, 0x01, 0x00, 0x6E, 0x00, 0x00, 0x04, 0x26, 0x05, 0x8E, 0x00, 0x1A, 0x00, 0x25,
	0x40, 0x22, 0x00, 0x03, 0x03, 0x11, 0x4D, 0x00, 0x01, 0x01, 0x00, 0x5F, 0x00, 0x00, 0x00, 0x14,
	0x4D, 0x00, 0x02, 0x02, 0x04, 0x60, 0x00, 0x04, 0x04, 0x12, 0x04, 0x4E, 0x33, 0x11, 0x25, 0x21,
	0x23, 0x05, 0x07, 0x1B, 0x2B, 0x13, 0x34, 0x36, 0x36, 0x33, 0x33, 0x15, 0x23, 0x22, 0x06, 0x15,
	0x11, 0x14, 0x16, 0x33, 0x21, 0x11, 0x33, 0x11, 0x14, 0x06, 0x23, 0x21, 0x22, 0x26, 0x26, 0x35,
	0x6E, 0x65, 0xAA, 0x67, 0xF7, 0xF7, 0x43, 0x60, 0x60, 0x43, 0x01, 0x6F, 0xD3, 0x7C, 0x57, 0xFE,
	0x91, 0x67, 0xAA, 0x65, 0x02, 0x96, 0x67, 0xAA, 0x65, 0xD3, 0x61, 0x44, 0xFE, 0xE2, 0x43, 0x60,
	0x04, 0xBB, 0xFB, 0x45, 0x57, 0x7C, 0x65, 0xA9, 0x66, 0x00, 0x00, 0x01, 0x00, 0x6E, 0x00, 0x00,
	0x04, 0xE8, 0x05, 0x8E, 0x00, 0x26, 0x00, 0x37, 0x40, 0x34, 0x1A, 0x19, 0x18, 0x03, 0x03, 0x04,
	0x1B, 0x01, 0x00, 0x03, 0x02, 0x4C, 0x00, 0x03, 0x03, 0x04, 0x5F, 0x00, 0x04, 0x04, 0x11, 0x4D,
	0x00, 0x01, 0x01, 0x00, 0x5F, 0x00, 0x00, 0x00, 0x14, 0x4D, 0x00, 0x02, 0x02, 0x05, 0x5F, 0x00,
	0x05, 0x05, 0x12, 0x05, 0x4E, 0x39, 0x21, 0x23, 0x25, 0x21, 0x23, 0x06, 0x07, 0x1C, 0x2B, 0x13,
	0x34, 0x36, 0x36, 0x33, 0x33, 0x15, 0x23, 0x22, 0x06, 0x15, 0x11, 0x14, 0x16, 0x33, 0x21, 0x11,
	0x34, 0x26, 0x23, 0x21, 0x35, 0x21, 0x32, 0x17, 0x37, 0x17, 0x07, 0x16, 0x15, 0x11, 0x14, 0x06,
	0x23, 0x21, 0x22, 0x26, 0x26, 0x35, 0x6E, 0x65, 0xAA, 0x67, 0xF7, 0xF7, 0x43, 0x60, 0x60, 0x43,
	0x01, 0x6F, 0x5E, 0x43, 0xFE, 0x8F, 0x01, 0x6F, 0xAA, 0x71, 0xD3, 0x4A, 0xD4, 0x12, 0x7C, 0x57,
	0xFE, 0x91, 0x67, 0xAA, 0x65, 0x02, 0x96, 0x67, 0xAA, 0x65, 0xD3, 0x61, 0x44, 0xFE, 0xE2, 0x43,
	0x60, 0x03, 0x46, 0x45, 0x62, 0xCE, 0x82, 0x7A, 0x7F, 0x7B, 0x33, 0x41, 0xFC, 0xBB, 0x57, 0x7C,
	0x65, 0xA9, 0x66, 0x00, 0x00, 0x02, 0x00, 0x6E, 0x00, 0x00, 0x06, 0x15, 0x05, 0x8E, 0x00, 0x03,
	0x00, 0x1E, 0x00, 0x30, 0x40, 0x2D, 0x03, 0x01, 0x02, 0x00, 0x03, 0x02, 0x01, 0x01, 0x00, 0x02,
	0x4C, 0x00, 0x03, 0x03, 0x11, 0x4D, 0x00, 0x01, 0x01, 0x00, 0x5F, 0x00, 0x00, 0x00, 0x14, 0x4D,
	0x00, 0x02, 0x02, 0x04, 0x60, 0x00, 0x04, 0x04, 0x12, 0x04, 0x4E, 0x33, 0x11, 0x25, 0x21, 0x27,
	0x05, 0x07, 0x1B, 0x2B, 0x01, 0x17, 0x03, 0x27, 0x01, 0x34, 0x36, 0x36, 0x33, 0x33, 0x15, 0x23,
	0x22, 0x06, 0x15, 0x11, 0x14, 0x16, 0x33, 0x21, 0x11, 0x33, 0x11, 0x14, 0x06, 0x23, 0x21, 0x22,
	0x26, 0x26, 0x35, 0x05, 0x5E, 0xB7, 0xC6, 0x72, 0xFB, 0x91, 0x65, 0xAA, 0x67, 0xF7, 0xF7, 0x43,
	0x60, 0x60, 0x43, 0x01, 0x6F, 0xD3, 0x7C, 0x57, 0xFE, 0x91, 0x67, 0xAA, 0x65, 0x05, 0x8E, 0x58,
	0xFE, 0xB2, 0x35, 0xFE, 0x79, 0x67, 0xAA, 0x65, 0xD3, 0x61, 0x44, 0xFE, 0xE2, 0x43, 0x60, 0x04,
	0xBB, 0xFB, 0x45, 0x57, 0x7C, 0x65, 0xA9, 0x66, 0x00, 0x01, 0x00, 0x6E, 0x00, 0x00, 0x04, 0xC6,
	0x05, 0x8E, 0x00, 0x22, 0x00, 0x33, 0x40, 0x30, 0x06, 0x01, 0x04, 0x07, 0x01, 0x03, 0x00, 0x04,
	0x03, 0x67, 0x00, 0x05, 0x05, 0x11, 0x4D, 0x00, 0x01, 0x01, 0x00, 0x5F, 0x00, 0x00, 0x00, 0x14,
	0x4D, 0x00, 0x02, 0x02, 0x08, 0x60, 0x00, 0x08, 0x08, 0x12, 0x08, 0x4E, 0x33, 0x11, 0x11, 0x11,
	0x11, 0x11, 0x25, 0x21, 0x23, 0x09, 0x07, 0x1F, 0x2B, 0x13, 0x34, 0x36, 0x36, 0x33, 0x33, 0x15,
	0x23, 0x22, 0x06, 0x15, 0x11, 0x14, 0x16, 0x33, 0x21, 0x11, 0x23, 0x35, 0x33, 0x35, 0x33, 0x15,
	0x33, 0x15, 0x23, 0x11, 0x14, 0x06, 0x23, 0x21, 0x22, 0x26, 0x26, 0x35, 0x6E, 0x65, 0xAA, 0x67,
	0xF7, 0xF7, 0x43, 0x60, 0x60, 0x43, 0x01, 0x6F, 0xA0, 0xA0, 0xD3, 0xA0, 0xA0, 0x7C, 0x57, 0xFE,
	0x91, 0x67, 0xAA, 0x65, 0x02, 0x96, 0x67, 0xAA, 0x65, 0xD3, 0x61, 0x44, 0xFE, 0xE2, 0x43, 0x60,
	0x03, 0xB1, 0x93, 0x77, 0x77, 0x93, 0xFC, 0x4F, 0x57, 0x7C, 0x65, 0xA9, 0x66, 0x00, 0x00, 0x02,
	0x00, 0x6E, 0x00, 0x00, 0x04, 0x26, 0x05, 0x8E, 0x00, 0x1A, 0x00, 0x26, 0x00, 0x5E, 0x4B, 0xB0,
	0x17, 0x50, 0x58, 0x40, 0x24, 0x00, 0x03, 0x03, 0x11, 0x4D, 0x00, 0x06, 0x06, 0x05, 0x61, 0x00,
	0x05, 0x05, 0x11, 0x4D, 0x00, 0x01, 0x01, 0x00, 0x5F, 0x00, 0x00, 0x00, 0x14, 0x4D, 0x00, 0x02,
	0x02, 0x04, 0x60, 0x00, 0x04, 0x04, 0x12, 0x04, 0x4E, 0x1B, 0x40, 0x22, 0x00, 0x05, 0x00, 0x06,
	0x00, 0x05, 0x06, 0x69, 0x00, 0x03, 0x03, 0x11, 0x4D, 0x00, 0x01, 0x01, 0x00, 0x5F, 0x00, 0x00,
	0x00, 0x14, 0x4D, 0x00, 0x02, 0x02, 0x04, 0x60, 0x00, 0x04, 0x04, 0x12, 0x04, 0x4E, 0x59, 0x40,
	0x0A, 0x24, 0x26, 0x33, 0x11, 0x25, 0x21, 0x23, 0x07, 0x07, 0x1D, 0x2B, 0x13, 0x34, 0x36, 0x36,
	0x33, 0x33, 0x15, 0x23, 0x22, 0x06, 0x15, 0x11, 0x14, 0x16, 0x33, 0x21, 0x11, 0x33, 0x11, 0x14,
	0x06, 0x23, 0x21, 0x22, 0x26, 0x26, 0x35, 0x01, 0x34, 0x36, 0x33, 0x32, 0x16, 0x15, 0x14, 0x06,
	0x23, 0x22, 0x26, 0x6E, 0x65, 0xAA, 0x67, 0xF7, 0xF7, 0x43, 0x60, 0x60, 0x43, 0x01, 0x6F, 0xD3,
	0x7C, 0x57, 0xFE, 0x91, 0x67, 0xAA, 0x65, 0x01, 0x73, 0x41, 0x2E, 0x2E, 0x40, 0x40, 0x2E, 0x2E,
	0x41, 0x02, 0x96, 0x67, 0xAA, 0x65, 0xD3, 0x61, 0x44, 0xFE, 0xE2, 0x43, 0x60, 0x04, 0xBB, 0xFB,
	0x45, 0x57, 0x7C, 0x65, 0xA9, 0x66, 0x03, 0x80, 0x2F, 0x40, 0x40, 0x2F, 0x2E, 0x40, 0x40, 0x00,
	0x00, 0x01, 0x00, 0x78, 0x00, 0x00, 0x04, 0x30, 0x04, 0x0C, 0x00, 0x23, 0x00, 0x29, 0x40, 0x26,
	0x00, 0x02, 0x00, 0x01, 0x04, 0x02, 0x01, 0x67, 0x00, 0x03, 0x03, 0x00, 0x5F, 0x00, 0x00, 0x00,
	0x14, 0x4D, 0x00, 0x04, 0x04, 0x05, 0x5F, 0x00, 0x05, 0x05, 0x12, 0x05, 0x4E, 0x21, 0x23, 0x25,
	0x21, 0x27, 0x32, 0x06, 0x07, 0x1C, 0x2B, 0x13, 0x34, 0x36, 0x33, 0x21, 0x32, 0x16, 0x16, 0x15,
	0x15, 0x14, 0x06, 0x06, 0x23, 0x21, 0x35, 0x21, 0x32, 0x36, 0x35, 0x35, 0x34, 0x26, 0x23, 0x21,
	0x11, 0x14, 0x16, 0x33, 0x21, 0x15, 0x21, 0x22, 0x26, 0x26, 0x35, 0x78, 0x82, 0x5B, 0x01, 0xB0,
	0x53, 0x87, 0x51, 0x51, 0x87, 0x53, 0xFE, 0xBE, 0x01, 0x44, 0x24, 0x33, 0x33, 0x24, 0xFE, 0x44,
	0x2E, 0x21, 0x02, 0x4D, 0xFD, 0xB3, 0x50, 0x84, 0x4E, 0x03, 0x36, 0x59, 0x7D, 0x51, 0x89, 0x53,
	0x1D, 0x52, 0x87, 0x51, 0xD2, 0x34, 0x25, 0x1C, 0x26, 0x34, 0xFD, 0xEC, 0x22, 0x30, 0xD3, 0x4F,
	0x85, 0x50, 0x00, 0x02, 0x00, 0x78, 0x00, 0x00, 0x04, 0x30, 0x06, 0x2C, 0x00, 0x03, 0x00, 0x27,
	0x00, 0x2F, 0x40, 0x2C, 0x03, 0x02, 0x01, 0x03, 0x00, 0x4A, 0x00, 0x02, 0x00, 0x01, 0x04, 0x02,
	0x01, 0x67, 0x00, 0x03, 0x03, 0x00, 0x5F, 0x00, 0x00, 0x00, 0x14, 0x4D, 0x00, 0x04, 0x04, 0x05,
	0x5F, 0x00, 0x05, 0x05, 0x12, 0x05, 0x4E, 0x21, 0x23, 0x25, 0x21, 0x27, 0x36, 0x06, 0x07, 0x1C,
	0x2B, 0x01, 0x17, 0x03, 0x27, 0x01, 0x34, 0x36, 0x33, 0x21, 0x32, 0x16, 0x16, 0x15, 0x15, 0x14,
	0x06, 0x06, 0x23, 0x21, 0x35, 0x21, 0x32, 0x36, 0x35, 0x35, 0x34, 0x26, 0x23, 0x21, 0x11, 0x14,
	0x16, 0x33, 0x21, 0x15, 0x21, 0x22, 0x26, 0x26, 0x35, 0x02, 0x5E, 0xB7, 0xC6, 0x72, 0xFE, 0x9B,
	0x82, 0x5B, 0x01, 0xB0, 0x53, 0x87, 0x51, 0x51, 0x87, 0x53, 0xFE, 0xBE, 0x01, 0x44, 0x24, 0x33,
	0x33, 0x24, 0xFE, 0x44, 0x2E, 0x21, 0x02, 0x4D, 0xFD, 0xB3, 0x50, 0x84, 0x4E, 0x06, 0x2C, 0x58,
	0xFE, 0xB2, 0x35, 0xFE, 0x7B, 0x59, 0x7D, 0x51, 0x89, 0x53, 0x1D, 0x52, 0x87, 0x51, 0xD2, 0x34,
	0x25, 0x1C, 0x26, 0x34, 0xFD, 0xEC, 0x22, 0x30, 0xD3, 0x4F, 0x85, 0x50, 0x00, 0x02, 0x00, 0x78,
	0x00, 0x00, 0x04, 0x30, 0x05, 0xB2, 0x00, 0x0F, 0x00, 0x33, 0x00, 0x7E, 0x4B, 0xB0, 0x1D, 0x50,
	0x58, 0x40, 0x2C, 0x00, 0x00, 0x00, 0x02, 0x04, 0x00, 0x02, 0x69, 0x00, 0x06, 0x00, 0x05, 0x08,
	0x06, 0x05, 0x67, 0x0A, 0x03, 0x02, 0x01, 0x01, 0x11, 0x4D, 0x00, 0x07, 0x07, 0x04, 0x5F, 0x00,
	0x04, 0x04, 0x14, 0x4D, 0x00, 0x08, 0x08, 0x09, 0x5F, 0x00, 0x09, 0x09, 0x12, 0x09, 0x4E, 0x1B,
	0x40, 0x2C, 0x0A, 0x03, 0x02, 0x01, 0x00, 0x01, 0x85, 0x00, 0x00, 0x00, 0x02, 0x04, 0x00, 0x02,
	0x69, 0x00, 0x06, 0x00, 0x05, 0x08, 0x06, 0x05, 0x67, 0x00, 0x07, 0x07, 0x04, 0x5F, 0x00, 0x04,
	0x04, 0x14, 0x4D, 0x00, 0x08, 0x08, 0x09, 0x5F, 0x00, 0x09, 0x09, 0x12, 0x09, 0x4E, 0x59, 0x40,
	0x18, 0x00, 0x00, 0x30, 0x2E, 0x2D, 0x2B, 0x28, 0x26, 0x21, 0x1F, 0x1E, 0x1C, 0x15, 0x12, 0x00,
	0x0F, 0x00, 0x0F, 0x23, 0x12, 0x22, 0x0B, 0x07, 0x19, 0x2B, 0x01, 0x14, 0x16, 0x33, 0x32, 0x36,
	0x35, 0x33, 0x14, 0x06, 0x06, 0x23, 0x22, 0x26, 0x26, 0x35, 0x03, 0x34, 0x36, 0x33, 0x21, 0x32,
	0x16, 0x16, 0x15, 0x15, 0x14, 0x06, 0x06, 0x23, 0x21, 0x35, 0x21, 0x32, 0x36, 0x35, 0x35, 0x34,
	0x26, 0x23, 0x21, 0x11, 0x14, 0x16, 0x33, 0x21, 0x15, 0x21, 0x22, 0x26, 0x26, 0x35, 0x01, 0xAB,
	0x61, 0x43, 0x44, 0x60, 0x86, 0x51, 0x87, 0x52, 0x52, 0x87, 0x51, 0xAD, 0x82, 0x5B, 0x01, 0xB0,
	0x53, 0x87, 0x51, 0x51, 0x87, 0x53, 0xFE, 0xBE, 0x01, 0x44, 0x24, 0x33, 0x33, 0x24, 0xFE, 0x44,
	0x2E, 0x21, 0x02, 0x4D, 0xFD, 0xB3, 0x50, 0x84, 0x4E, 0x05, 0xB2, 0x43, 0x61, 0x61, 0x43, 0x52,
	0x87, 0x51, 0x51, 0x87, 0x52, 0xFD, 0x84, 0x59, 0x7D, 0x51, 0x89, 0x53, 0x1D, 0x52, 0x87, 0x51,
	0xD2, 0x34, 0x25, 0x1C, 0x26, 0x34, 0xFD, 0xEC, 0x22, 0x30, 0xD3, 0x4F, 0x85, 0x50, 0x00, 0x02,
	0x00, 0x78, 0x00, 0x00, 0x04, 0x30, 0x05, 0xBB, 0x00, 0x06, 0x00, 0x2A, 0x00, 0x81, 0xB5, 0x01,
	0x01, 0x01, 0x00, 0x01, 0x4C, 0x4B, 0xB0, 0x17, 0x50, 0x58, 0x40, 0x2C, 0x00, 0x01, 0x00, 0x03,
	0x00, 0x01, 0x03, 0x80, 0x00, 0x05, 0x00, 0x04, 0x07, 0x05, 0x04, 0x67, 0x09, 0x02, 0x02, 0x00,
	0x00, 0x11, 0x4D, 0x00, 0x06, 0x06, 0x03, 0x5F, 0x00, 0x03, 0x03, 0x14, 0x4D, 0x00, 0x07, 0x07,
	0x08, 0x5F, 0x00, 0x08, 0x08, 0x12, 0x08, 0x4E, 0x1B, 0x40, 0x29, 0x09, 0x02, 0x02, 0x00, 0x01,
	0x00, 0x85, 0x00, 0x01, 0x03, 0x01, 0x85, 0x00, 0x05, 0x00, 0x04, 0x07, 0x05, 0x04, 0x67, 0x00,
	0x06, 0x06, 0x03, 0x5F, 0x00, 0x03, 0x03, 0x14, 0x4D, 0x00, 0x07, 0x07, 0x08, 0x5F, 0x00, 0x08,
	0x08, 0x12, 0x08, 0x4E, 0x59, 0x40, 0x17, 0x00, 0x00, 0x27, 0x25, 0x24, 0x22, 0x1F, 0x1D, 0x18,
	0x16, 0x15, 0x13, 0x0C, 0x09, 0x00, 0x06, 0x00, 0x06, 0x11, 0x12, 0x0A, 0x07, 0x18, 0x2B, 0x01,
	0x17, 0x37, 0x33, 0x03, 0x23, 0x03, 0x03, 0x34, 0x36, 0x33, 0x21, 0x32, 0x16, 0x16, 0x15, 0x15,
	0x14, 0x06, 0x06, 0x23, 0x21, 0x35, 0x21, 0x32, 0x36, 0x35, 0x35, 0x34, 0x26, 0x23, 0x21, 0x11,
	0x14, 0x16, 0x33, 0x21, 0x15, 0x21, 0x22, 0x26, 0x26, 0x35, 0x01, 0xA4, 0xAA, 0xAB, 0x8D, 0xEA,
	0x9B, 0xEA, 0x9F, 0x82, 0x5B, 0x01, 0xB0, 0x53, 0x87, 0x51, 0x51, 0x87, 0x53, 0xFE, 0xBE, 0x01,
	0x44, 0x24, 0x33, 0x33, 0x24, 0xFE, 0x44, 0x2E, 0x21, 0x02, 0x4D, 0xFD, 0xB3, 0x50, 0x84, 0x4E,
	0x05, 0xBB, 0xAC, 0xAC, 0xFE, 0xCB, 0x01, 0x35, 0xFD, 0x7B, 0x59, 0x7D, 0x51, 0x89, 0x53, 0x1D,
	0x52, 0x87, 0x51, 0xD2, 0x34, 0x25, 0x1C, 0x26, 0x34, 0xFD, 0xEC, 0x22, 0x30, 0xD3, 0x4F, 0x85,
	0x50, 0x00, 0x00, 0x02, 0x00, 0x78, 0x00, 0x00, 0x04, 0x30, 0x05, 0xBA, 0x00, 0x06, 0x00, 0x2A,
	0x00, 0x74, 0xB5, 0x04, 0x01, 0x01, 0x00, 0x01, 0x4C, 0x4B, 0xB0, 0x17, 0x50, 0x58, 0x40, 0x2B,
	0x02, 0x01, 0x01, 0x00, 0x03, 0x00, 0x01, 0x03, 0x80, 0x00, 0x05, 0x00, 0x04, 0x07, 0x05, 0x04,
	0x67, 0x00, 0x00, 0x00, 0x11, 0x4D, 0x00, 0x06, 0x06, 0x03, 0x5F, 0x00, 0x03, 0x03, 0x14, 0x4D,
	0x00, 0x07, 0x07, 0x08, 0x5F, 0x00, 0x08, 0x08, 0x12, 0x08, 0x4E, 0x1B, 0x40, 0x28, 0x00, 0x00,
	0x01, 0x00, 0x85, 0x02, 0x01, 0x01, 0x03, 0x01, 0x85, 0x00, 0x05, 0x00, 0x04, 0x07, 0x05, 0x04,
	0x67, 0x00, 0x06, 0x06, 0x03, 0x5F, 0x00, 0x03, 0x03, 0x14, 0x4D, 0x00, 0x07, 0x07, 0x08, 0x5F,
	0x00, 0x08, 0x08, 0x12, 0x08, 0x4E, 0x59, 0x40, 0x0C, 0x21, 0x23, 0x25, 0x21, 0x27, 0x33, 0x12,
	0x11, 0x10, 0x09, 0x07, 0x1F, 0x2B, 0x01, 0x33, 0x13, 0x23, 0x27, 0x07, 0x23, 0x03, 0x34, 0x36,
	0x33, 0x21, 0x32, 0x16, 0x16, 0x15, 0x15, 0x14, 0x06, 0x06, 0x23, 0x21, 0x35, 0x21, 0x32, 0x36,
	0x35, 0x35, 0x34, 0x26, 0x23, 0x21, 0x11, 0x14, 0x16, 0x33, 0x21, 0x15, 0x21, 0x22, 0x26, 0x26,
	0x35, 0x02, 0x02, 0x9B, 0xEA, 0x8D, 0xAB, 0xAA, 0x8D, 0xA0, 0x82, 0x5B, 0x01, 0xB0, 0x53, 0x87,
	0x51, 0x51, 0x87, 0x53, 0xFE, 0xBE, 0x01, 0x44, 0x24, 0x33, 0x33, 0x24, 0xFE, 0x44, 0x2E, 0x21,
	0x02, 0x4D, 0xFD, 0xB3, 0x50, 0x84, 0x4E, 0x05, 0xBA, 0xFE, 0xCB, 0xAC, 0xAC, 0xFE, 0xB1, 0x59,
	0x7D, 0x51, 0x89, 0x53, 0x1D, 0x52, 0x87, 0x51, 0xD2, 0x34, 0x25, 0x1C, 0x26, 0x34, 0xFD, 0xEC,
	0x22, 0x30, 0xD3, 0x4F, 0x85, 0x50, 0x00, 0x03, 0x00, 0x78, 0x00, 0x00, 0x04, 0x30, 0x05, 0x64,
	0x00, 0x0B, 0x00, 0x17, 0x00, 0x3B, 0x00, 0x6C, 0x4B, 0xB0, 0x19, 0x50, 0x58, 0x40, 0x29, 0x00,
	0x06, 0x00, 0x05, 0x08, 0x06, 0x05, 0x67, 0x03, 0x01, 0x01, 0x01, 0x00, 0x61, 0x02, 0x01, 0x00,
	0x00, 0x11, 0x4D, 0x00, 0x07, 0x07, 0x04, 0x5F, 0x00, 0x04, 0x04, 0x14, 0x4D, 0x00, 0x08, 0x08,
	0x09, 0x5F, 0x00, 0x09, 0x09, 0x12, 0x09, 0x4E, 0x1B, 0x40, 0x27, 0x02, 0x01, 0x00, 0x03, 0x01,
	0x01, 0x04, 0x00, 0x01, 0x69, 0x00, 0x06, 0x00, 0x05, 0x08, 0x06, 0x05, 0x67, 0x00, 0x07, 0x07,
	0x04, 0x5F, 0x00, 0x04, 0x04, 0x14, 0x4D, 0x00, 0x08, 0x08, 0x09, 0x5F, 0x00, 0x09, 0x09, 0x12,
	0x09, 0x4E, 0x59, 0x40, 0x0E, 0x38, 0x36, 0x23, 0x25, 0x21, 0x27, 0x34, 0x24, 0x24, 0x24, 0x22,
	0x0A, 0x07, 0x1F, 0x2B, 0x01, 0x34, 0x36, 0x33, 0x32, 0x16, 0x15, 0x14, 0x06, 0x23, 0x22, 0x26,
	0x25, 0x34, 0x36, 0x33, 0x32, 0x16, 0x15, 0x14, 0x06, 0x23, 0x22, 0x26, 0x01, 0x34, 0x36, 0x33,
	0x21, 0x32, 0x16, 0x16, 0x15, 0x15, 0x14, 0x06, 0x06, 0x23, 0x21, 0x35, 0x21, 0x32, 0x36, 0x35,
	0x35, 0x34, 0x26, 0x23, 0x21, 0x11, 0x14, 0x16, 0x33, 0x21, 0x15, 0x21, 0x22, 0x26, 0x26, 0x35,
	0x01, 0x37, 0x40, 0x2E, 0x2F, 0x40, 0x40, 0x2F, 0x2E, 0x40, 0x01, 0x54, 0x40, 0x2E, 0x2F, 0x40,
	0x40, 0x2F, 0x2E, 0x40, 0xFD, 0xED, 0x82, 0x5B, 0x01, 0xB0, 0x53, 0x87, 0x51, 0x51, 0x87, 0x53,
	0xFE, 0xBE, 0x01, 0x44, 0x24, 0x33, 0x33, 0x24, 0xFE, 0x44, 0x2E, 0x21, 0x02, 0x4D, 0xFD, 0xB3,
	0x50, 0x84, 0x4E, 0x04, 0xF5, 0x2F, 0x40, 0x40, 0x2F, 0x2E, 0x40, 0x40, 0x2E, 0x2F, 0x40, 0x40,
	0x2F, 0x2E, 0x40, 0x40, 0xFE, 0x6F, 0x59, 0x7D, 0x51, 0x89, 0x53, 0x1D, 0x52, 0x87, 0x51, 0xD2,
	0x34, 0x25, 0x1C, 0x26, 0x34, 0xFD, 0xEC, 0x22, 0x30, 0xD3, 0x4F, 0x85, 0x50, 0x00, 0x00, 0x02,
	0x00, 0x78, 0x00, 0x00, 0x04, 0x30, 0x05, 0x63, 0x00, 0x0B, 0x00, 0x2F, 0x00, 0x65, 0x4B, 0xB0,
	0x17, 0x50, 0x58, 0x40, 0x27, 0x00, 0x04, 0x00, 0x03, 0x06, 0x04, 0x03, 0x67, 0x00, 0x01, 0x01,
	0x00, 0x61, 0x00, 0x00, 0x00, 0x11, 0x4D, 0x00, 0x05, 0x05, 0x02, 0x5F, 0x00, 0x02, 0x02, 0x14,
	0x4D, 0x00, 0x06, 0x06, 0x07, 0x5F, 0x00, 0x07, 0x07, 0x12, 0x07, 0x4E, 0x1B, 0x40, 0x25, 0x00,
	0x00, 0x00, 0x01, 0x02, 0x00, 0x01, 0x69, 0x00, 0x04, 0x00, 0x03, 0x06, 0x04, 0x03, 0x67, 0x00,
	0x05, 0x05, 0x02, 0x5F, 0x00, 0x02, 0x02, 0x14, 0x4D, 0x00, 0x06, 0x06, 0x07, 0x5F, 0x00, 0x07,
	0x07, 0x12, 0x07, 0x4E, 0x59, 0x40, 0x0B, 0x21, 0x23, 0x25, 0x21, 0x27, 0x34, 0x24, 0x22, 0x08,
	0x07, 0x1E, 0x2B, 0x01, 0x34, 0x36, 0x33, 0x32, 0x16, 0x15, 0x14, 0x06, 0x23, 0x22, 0x26, 0x01,
	0x34, 0x36, 0x33, 0x21, 0x32, 0x16, 0x16, 0x15, 0x15, 0x14, 0x06, 0x06, 0x23, 0x21, 0x35, 0x21,
	0x32, 0x36, 0x35, 0x35, 0x34, 0x26, 0x23, 0x21, 0x11, 0x14, 0x16, 0x33, 0x21, 0x15, 0x21, 0x22,
	0x26, 0x26, 0x35, 0x01, 0xE0, 0x41, 0x2E, 0x2E, 0x40, 0x40, 0x2E, 0x2E, 0x41, 0xFE, 0x98, 0x82,
	0x5B, 0x01, 0xB0, 0x53, 0x87, 0x51, 0x51, 0x87, 0x53, 0xFE, 0xBE, 0x01, 0x44, 0x24, 0x33, 0x33,
	0x24, 0xFE, 0x44, 0x2E, 0x21, 0x02, 0x4D, 0xFD, 0xB3, 0x50, 0x84, 0x4E, 0x04, 0xF4, 0x2F, 0x40,
	0x40, 0x2F, 0x2E, 0x40, 0x40, 0xFE, 0x70, 0x59, 0x7D, 0x51, 0x89, 0x53, 0x1D, 0x52, 0x87, 0x51,
	0xD2, 0x34, 0x25, 0x1C, 0x26, 0x34, 0xFD, 0xEC, 0x22, 0x30, 0xD3, 0x4F, 0x85, 0x50, 0x00, 0x02,
	0x00, 0x78, 0x00, 0x00, 0x04, 0x30, 0x06, 0x2C, 0x00, 0x03, 0x00, 0x27, 0x00, 0x2F, 0x40, 0x2C,
	0x03, 0x02, 0x01, 0x03, 0x00, 0x4A, 0x00, 0x02, 0x00, 0x01, 0x04, 0x02, 0x01, 0x67, 0x00, 0x03,
	0x03, 0x00, 0x5F, 0x00, 0x00, 0x00, 0x14, 0x4D, 0x00, 0x04, 0x04, 0x05, 0x5F, 0x00, 0x05, 0x05,
	0x12, 0x05, 0x4E, 0x21, 0x23, 0x25, 0x21, 0x27, 0x36, 0x06, 0x07, 0x1C, 0x2B, 0x01, 0x13, 0x07,
	0x03, 0x01, 0x34, 0x36, 0x33, 0x21, 0x32, 0x16, 0x16, 0x15, 0x15, 0x14, 0x06, 0x06, 0x23, 0x21,
	0x35, 0x21, 0x32, 0x36, 0x35, 0x35, 0x34, 0x26, 0x23, 0x21, 0x11, 0x14, 0x16, 0x33, 0x21, 0x15,
	0x21, 0x22, 0x26, 0x26, 0x35, 0x02, 0x40, 0x81, 0x72, 0xC6, 0xFE, 0xEF, 0x82, 0x5B, 0x01, 0xB0,
	0x53, 0x87, 0x51, 0x51, 0x87, 0x53, 0xFE, 0xBE, 0x01, 0x44, 0x24, 0x33, 0x33, 0x24, 0xFE, 0x44,
	0x2E, 0x21, 0x02, 0x4D, 0xFD, 0xB3, 0x50, 0x84, 0x4E, 0x06, 0x2C, 0xFE, 0x8F, 0x35, 0x01, 0x4E,
	0xFD, 0x62, 0x59, 0x7D, 0x51, 0x89, 0x53, 0x1D, 0x52, 0x87, 0x51, 0xD2, 0x34, 0x25, 0x1C, 0x26,
	0x34, 0xFD, 0xEC, 0x22, 0x30, 0xD3, 0x4F, 0x85, 0x50, 0x00, 0x00, 0x02, 0x00, 0x78, 0x00, 0x00,
	0x04, 0x30, 0x05, 0x19, 0x00, 0x03, 0x00, 0x27, 0x00, 0x33, 0x40, 0x30, 0x00, 0x00, 0x00, 0x01,
	0x02, 0x00, 0x01, 0x67, 0x00, 0x04, 0x00, 0x03, 0x06, 0x04, 0x03, 0x67, 0x00, 0x05, 0x05, 0x02,
	0x5F, 0x00, 0x02, 0x02, 0x14, 0x4D, 0x00, 0x06, 0x06, 0x07, 0x5F, 0x00, 0x07, 0x07, 0x12, 0x07,
	0x4E, 0x21, 0x23, 0x25, 0x21, 0x27, 0x33, 0x11, 0x10, 0x08, 0x07, 0x1E, 0x2B, 0x01, 0x21, 0x15,
	0x21, 0x03, 0x34, 0x36, 0x33, 0x21, 0x32, 0x16, 0x16, 0x15, 0x15, 0x14, 0x06, 0x06, 0x23, 0x21,
	0x35, 0x21, 0x32, 0x36, 0x35, 0x35, 0x34, 0x26, 0x23, 0x21, 0x11, 0x14, 0x16, 0x33, 0x21, 0x15,
	0x21, 0x22, 0x26, 0x26, 0x35, 0x01, 0x24, 0x02, 0x55, 0xFD, 0xAB, 0xAC, 0x82, 0x5B, 0x01, 0xB0,
	0x53, 0x87, 0x51, 0x51, 0x87, 0x53, 0xFE, 0xBE, 0x01, 0x44, 0x24, 0x33, 0x33, 0x24, 0xFE, 0x44,
	0x2E, 0x21, 0x02, 0x4D, 0xFD, 0xB3, 0x50, 0x84, 0x4E, 0x05, 0x19, 0x93, 0xFE, 0xB0, 0x59, 0x7D,
	0x51, 0x89, 0x53, 0x1D, 0x52, 0x87, 0x51, 0xD2, 0x34, 0x25, 0x1C, 0x26, 0x34, 0xFD, 0xEC, 0x22,
	0x30, 0xD3, 0x4F, 0x85, 0x50, 0x00, 0x00, 0x01, 0x00, 0x78, 0xFE, 0xCD, 0x04, 0x30, 0x04, 0x0C,
	0x00, 0x34, 0x00, 0x3E, 0x40, 0x3B, 0x2F, 0x01, 0x07, 0x00, 0x30, 0x01, 0x08, 0x07, 0x02, 0x4C,
	0x00, 0x03, 0x00, 0x02, 0x05, 0x03, 0x02, 0x67, 0x00, 0x07, 0x00, 0x08, 0x07, 0x08, 0x65, 0x00,
	0x04, 0x04, 0x01, 0x5F, 0x00, 0x01, 0x01, 0x14, 0x4D, 0x00, 0x05, 0x05, 0x00, 0x61, 0x06, 0x01,
	0x00, 0x00, 0x12, 0x00, 0x4E, 0x26, 0x14, 0x11, 0x23, 0x25, 0x21, 0x27, 0x36, 0x22, 0x09, 0x07,
	0x1F, 0x2B, 0x05, 0x34, 0x37, 0x23, 0x22, 0x26, 0x26, 0x35, 0x11, 0x34, 0x36, 0x33, 0x21, 0x32,
	0x16, 0x16, 0x15, 0x15, 0x14, 0x06, 0x06, 0x23, 0x21, 0x35, 0x21, 0x32, 0x36, 0x35, 0x35, 0x34,
	0x26, 0x23, 0x21, 0x11, 0x14, 0x16, 0x33, 0x21, 0x15, 0x21, 0x06, 0x06, 0x15, 0x14, 0x33, 0x32,
	0x36, 0x37, 0x15, 0x06, 0x06, 0x23, 0x22, 0x01, 0xDD, 0x28, 0x6B, 0x50, 0x84, 0x4E, 0x82, 0x5B,
	0x01, 0xB0, 0x53, 0x87, 0x51, 0x51, 0x87, 0x53, 0xFE, 0xBE, 0x01, 0x44, 0x24, 0x33, 0x33, 0x24,
	0xFE, 0x44, 0x2E, 0x21, 0x02, 0x4D, 0xFE, 0xB2, 0x17, 0x0E, 0x29, 0x0D, 0x24, 0x3D, 0x42, 0x3B,
	0x19, 0x98, 0xB1, 0x47, 0x6A, 0x4F, 0x85, 0x50, 0x02, 0x12, 0x59, 0x7D, 0x51, 0x89, 0x53, 0x1D,
	0x52, 0x87, 0x51, 0xD2, 0x34, 0x25, 0x1C, 0x26, 0x34, 0xFD, 0xEC, 0x22, 0x30, 0xD3, 0x3F, 0x30,
	0x0F, 0x1F, 0x04, 0x0A, 0x94, 0x0A, 0x06, 0x00, 0x00, 0x01, 0x00, 0x78, 0x00, 0x00, 0x02, 0x8D,
	0x05, 0x8E, 0x00, 0x10, 0x00, 0x25, 0x40, 0x22, 0x00, 0x01, 0x01, 0x00, 0x5F, 0x00, 0x00, 0x00,
	0x11, 0x4D, 0x00, 0x03, 0x03, 0x02, 0x5F, 0x00, 0x02, 0x02, 0x14, 0x4D, 0x00, 0x04, 0x04, 0x12,
	0x04, 0x4E, 0x11, 0x11, 0x13, 0x21, 0x23, 0x05, 0x07, 0x1B, 0x2B, 0x13, 0x34, 0x36, 0x36, 0x33,
	0x33, 0x15, 0x23, 0x22, 0x06, 0x15, 0x15, 0x21, 0x15, 0x21, 0x11, 0x23, 0x78, 0x51, 0x87, 0x52,
	0xE7, 0xE7, 0x24, 0x33, 0x01, 0x42, 0xFE, 0xBE, 0xD3, 0x04, 0x65, 0x52, 0x87, 0x50, 0xD2, 0x33,
	0x24, 0x59, 0xD2, 0xFC, 0xC6, 0x00, 0x00, 0x01, 0x00, 0x6E, 0xFE, 0x7E, 0x04, 0x26, 0x04, 0x0C,
	0x00, 0x23, 0x00, 0x2B, 0x40, 0x28, 0x00, 0x03, 0x03, 0x00, 0x5F, 0x00, 0x00, 0x00, 0x14, 0x4D,
	0x00, 0x04, 0x04, 0x05, 0x5F, 0x00, 0x05, 0x05, 0x12, 0x4D, 0x00, 0x02, 0x02, 0x01, 0x5F, 0x00,
	0x01, 0x01, 0x16, 0x01, 0x4E, 0x21, 0x25, 0x23, 0x21, 0x26, 0x33, 0x06, 0x07, 0x1C, 0x2B, 0x13,
	0x34, 0x36, 0x36, 0x33, 0x21, 0x32, 0x16, 0x15, 0x11, 0x14, 0x06, 0x06, 0x23, 0x21, 0x35, 0x21,
	0x32, 0x36, 0x35, 0x11, 0x21, 0x22, 0x06, 0x15, 0x11, 0x14, 0x16, 0x33, 0x33, 0x15, 0x23, 0x22,
	0x26, 0x26, 0x35, 0x6E, 0x65, 0xAA, 0x67, 0x01, 0x6F, 0x57, 0x7C, 0x65, 0xAA, 0x67, 0xFE, 0x01,
	0x01, 0xFC, 0x45, 0x61, 0xFE, 0x91, 0x43, 0x60, 0x60, 0x43, 0xF7, 0xF7, 0x67, 0xAA, 0x65, 0x02,
	0x98, 0x67, 0xA8, 0x65, 0x7C, 0x57, 0xFC, 0xBB, 0x67, 0xAA, 0x65, 0xD3, 0x5F, 0x43, 0x03, 0x46,
	0x5F, 0x44, 0xFE, 0xE1, 0x43, 0x61, 0xD3, 0x65, 0xA9, 0x67, 0x00, 0x02, 0x00, 0x6E, 0xFE, 0x7E,
	0x04, 0x26, 0x05, 0xB2, 0x00, 0x0F, 0x00, 0x33, 0x00, 0x82, 0x4B, 0xB0, 0x1D, 0x50, 0x58, 0x40,
	0x2E, 0x00, 0x00, 0x00, 0x02, 0x04, 0x00, 0x02, 0x69, 0x0A, 0x03, 0x02, 0x01, 0x01, 0x11, 0x4D,
	0x00, 0x07, 0x07, 0x04, 0x5F, 0x00, 0x04, 0x04, 0x14, 0x4D, 0x00, 0x08, 0x08, 0x09, 0x5F, 0x00,
	0x09, 0x09, 0x12, 0x4D, 0x00, 0x06, 0x06, 0x05, 0x5F, 0x00, 0x05, 0x05, 0x16, 0x05, 0x4E, 0x1B,
	0x40, 0x2E, 0x0A, 0x03, 0x02, 0x01, 0x00, 0x01, 0x85, 0x00, 0x00, 0x00, 0x02, 0x04, 0x00, 0x02,
	0x69, 0x00, 0x07, 0x07, 0x04, 0x5F, 0x00, 0x04, 0x04, 0x14, 0x4D, 0x00, 0x08, 0x08, 0x09, 0x5F,
	0x00, 0x09, 0x09, 0x12, 0x4D, 0x00, 0x06, 0x06, 0x05, 0x5F, 0x00, 0x05, 0x05, 0x16, 0x05, 0x4E,
	0x59, 0x40, 0x18, 0x00, 0x00, 0x30, 0x2E, 0x2D, 0x2B, 0x26, 0x24, 0x21, 0x1F, 0x1E, 0x1C, 0x16,
	0x13, 0x00, 0x0F, 0x00, 0x0F, 0x23, 0x12, 0x22, 0x0B, 0x07, 0x19, 0x2B, 0x01, 0x14, 0x16, 0x33,
	0x32, 0x36, 0x35, 0x33, 0x14, 0x06, 0x06, 0x23, 0x22, 0x26, 0x26, 0x35, 0x03, 0x34, 0x36, 0x36,
	0x33, 0x21, 0x32, 0x16, 0x15, 0x11, 0x14, 0x06, 0x06, 0x23, 0x21, 0x35, 0x21, 0x32, 0x36, 0x35,
	0x11, 0x21, 0x22, 0x06, 0x15, 0x11, 0x14, 0x16, 0x33, 0x33, 0x15, 0x23, 0x22, 0x26, 0x26, 0x35,
	0x01, 0xAB, 0x61, 0x43, 0x44, 0x60, 0x86, 0x51, 0x87, 0x52, 0x52, 0x87, 0x51, 0xB7, 0x65, 0xAA,
	0x67, 0x01, 0x6F, 0x57, 0x7C, 0x65, 0xAA, 0x67, 0xFE, 0x01, 0x01, 0xFC, 0x45, 0x61, 0xFE, 0x91,
	0x43, 0x60, 0x60, 0x43, 0xF7, 0xF7, 0x67, 0xAA, 0x65, 0x05, 0xB2, 0x43, 0x61, 0x61, 0x43, 0x52,
	0x87, 0x51, 0x51, 0x87, 0x52, 0xFC, 0xE6, 0x67, 0xA8, 0x65, 0x7C, 0x57, 0xFC, 0xBB, 0x67, 0xAA,
	0x65, 0xD3, 0x5F, 0x43, 0x03, 0x46, 0x5F, 0x44, 0xFE, 0xE1, 0x43, 0x61, 0xD3, 0x65, 0xA9, 0x67,
	0x00, 0x02, 0x00, 0x6E, 0xFE, 0x7E, 0x04, 0x26, 0x05, 0xBA, 0x00, 0x06, 0x00, 0x2A, 0x00, 0x78,
	0xB5, 0x04, 0x01, 0x01, 0x00, 0x01, 0x4C, 0x4B, 0xB0, 0x17, 0x50, 0x58, 0x40, 0x2D, 0x02, 0x01,
	0x01, 0x00, 0x03, 0x00, 0x01, 0x03, 0x80, 0x00, 0x00, 0x00, 0x11, 0x4D, 0x00, 0x06, 0x06, 0x03,
	0x5F, 0x00, 0x03, 0x03, 0x14, 0x4D, 0x00, 0x07, 0x07, 0x08, 0x5F, 0x00, 0x08, 0x08, 0x12, 0x4D,
	0x00, 0x05, 0x05, 0x04, 0x5F, 0x00, 0x04, 0x04, 0x16, 0x04, 0x4E, 0x1B, 0x40, 0x2A, 0x00, 0x00,
	0x01, 0x00, 0x85, 0x02, 0x01, 0x01, 0x03, 0x01, 0x85, 0x00, 0x06, 0x06, 0x03, 0x5F, 0x00, 0x03,
	0x03, 0x14, 0x4D, 0x00, 0x07, 0x07, 0x08, 0x5F, 0x00, 0x08, 0x08, 0x12, 0x4D, 0x00, 0x05, 0x05,
	0x04, 0x5F, 0x00, 0x04, 0x04, 0x16, 0x04, 0x4E, 0x59, 0x40, 0x0C, 0x21, 0x25, 0x23, 0x21, 0x26,
	0x34, 0x12, 0x11, 0x10, 0x09, 0x07, 0x1F, 0x2B, 0x01, 0x33, 0x13, 0x23, 0x27, 0x07, 0x23, 0x03,
	0x34, 0x36, 0x36, 0x33, 0x21, 0x32, 0x16, 0x15, 0x11, 0x14, 0x06, 0x06, 0x23, 0x21, 0x35, 0x21,
	0x32, 0x36, 0x35, 0x11, 0x21, 0x22, 0x06, 0x15, 0x11, 0x14, 0x16, 0x33, 0x33, 0x15, 0x23, 0x22,
	0x26, 0x26, 0x35, 0x02, 0x02, 0x9B, 0xEA, 0x8D, 0xAB, 0xAA, 0x8D, 0xAA, 0x65, 0xAA, 0x67, 0x01,
	0x6F, 0x57, 0x7C, 0x65, 0xAA, 0x67, 0xFE, 0x01, 0x01, 0xFC, 0x45, 0x61, 0xFE, 0x91, 0x43, 0x60,
	0x60, 0x43, 0xF7, 0xF7, 0x67, 0xAA, 0x65, 0x05, 0xBA, 0xFE, 0xCB, 0xAC, 0xAC, 0xFE, 0x13, 0x67,
	0xA8, 0x65, 0x7C, 0x57, 0xFC, 0xBB, 0x67, 0xAA, 0x65, 0xD3, 0x5F, 0x43, 0x03, 0x46, 0x5F, 0x44,
	0xFE, 0xE1, 0x43, 0x61, 0xD3, 0x65, 0xA9, 0x67, 0x00, 0x02, 0x00, 0x6E, 0xFE, 0x7E, 0x04, 0x26,
	0x05, 0x63, 0x00, 0x0B, 0x00, 0x2F, 0x00, 0x69, 0x4B, 0xB0, 0x17, 0x50, 0x58, 0x40, 0x29, 0x00,
	0x01, 0x01, 0x00, 0x61, 0x00, 0x00, 0x00, 0x11, 0x4D, 0x00, 0x05, 0x05, 0x02, 0x5F, 0x00, 0x02,
	0x02, 0x14, 0x4D, 0x00, 0x06, 0x06, 0x07, 0x5F, 0x00, 0x07, 0x07, 0x12, 0x4D, 0x00, 0x04, 0x04,
	0x03, 0x5F, 0x00, 0x03, 0x03, 0x16, 0x03, 0x4E, 0x1B, 0x40, 0x27, 0x00, 0x00, 0x00, 0x01, 0x02,
	0x00, 0x01, 0x69, 0x00, 0x05, 0x05, 0x02, 0x5F, 0x00, 0x02, 0x02, 0x14, 0x4D, 0x00, 0x06, 0x06,
	0x07, 0x5F, 0x00, 0x07, 0x07, 0x12, 0x4D, 0x00, 0x04, 0x04, 0x03, 0x5F, 0x00, 0x03, 0x03, 0x16,
	0x03, 0x4E, 0x59, 0x40, 0x0B, 0x21, 0x25, 0x23, 0x21, 0x26, 0x35, 0x24, 0x22, 0x08, 0x07, 0x1E,
	0x2B, 0x01, 0x34, 0x36, 0x33, 0x32, 0x16, 0x15, 0x14, 0x06, 0x23, 0x22, 0x26, 0x01, 0x34, 0x36,
	0x36, 0x33, 0x21, 0x32, 0x16, 0x15, 0x11, 0x14, 0x06, 0x06, 0x23, 0x21, 0x35, 0x21, 0x32, 0x36,
	0x35, 0x11, 0x21, 0x22, 0x06, 0x15, 0x11, 0x14, 0x16, 0x33, 0x33, 0x15, 0x23, 0x22, 0x26, 0x26,
	0x35, 0x01, 0xE0, 0x41, 0x2E, 0x2E, 0x40, 0x40, 0x2E, 0x2E, 0x41, 0xFE, 0x8E, 0x65, 0xAA, 0x67,
	0x01, 0x6F, 0x57, 0x7C, 0x65, 0xAA, 0x67, 0xFE, 0x01, 0x01, 0xFC, 0x45, 0x61, 0xFE, 0x91, 0x43,
	0x60, 0x60, 0x43, 0xF7, 0xF7, 0x67, 0xAA, 0x65, 0x04, 0xF4, 0x2F, 0x40, 0x40, 0x2F, 0x2E, 0x40,
	0x40, 0xFD, 0xD2, 0x67, 0xA8, 0x65, 0x7C, 0x57, 0xFC, 0xBB, 0x67, 0xAA, 0x65, 0xD3, 0x5F, 0x43,
	0x03, 0x46, 0x5F, 0x44, 0xFE, 0xE1, 0x43, 0x61, 0xD3, 0x65, 0xA9, 0x67, 0x00, 0x01, 0x00, 0x78,
	0x00, 0x00, 0x04, 0x17, 0x05, 0x8E, 0x00, 0x10, 0x00, 0x21, 0x40, 0x1E, 0x00, 0x00, 0x00, 0x11,
	0x4D, 0x00, 0x03, 0x03, 0x01, 0x5F, 0x00, 0x01, 0x01, 0x14, 0x4D, 0x04, 0x01, 0x02, 0x02, 0x12,
	0x02, 0x4E, 0x11, 0x23, 0x14, 0x21, 0x10, 0x05, 0x07, 0x1B, 0x2B, 0x13, 0x33, 0x11, 0x21, 0x32,
	0x16, 0x16, 0x15, 0x11, 0x23, 0x11, 0x34, 0x26, 0x23, 0x21, 0x11, 0x23, 0x78, 0xD3, 0x01, 0x46,
	0x6C, 0xB1, 0x69, 0xD3, 0x6B, 0x48, 0xFE, 0xBA, 0xD3, 0x05, 0x8E, 0xFE, 0x7E, 0x65, 0xA9, 0x67,
	0xFD, 0x69, 0x02, 0x94, 0x42, 0x63, 0xFC, 0xC7, 0x00, 0x01, 0x00, 0x3C, 0x00, 0x00, 0x04, 0x7B,
	0x05, 0x8E, 0x00, 0x18, 0x00, 0x2F, 0x40, 0x2C, 0x02, 0x01, 0x00, 0x08, 0x01, 0x03, 0x04, 0x00,
	0x03, 0x67, 0x00, 0x01, 0x01, 0x11, 0x4D, 0x00, 0x06, 0x06, 0x04, 0x5F, 0x00, 0x04, 0x04, 0x14,
	0x4D, 0x07, 0x01, 0x05, 0x05, 0x12, 0x05, 0x4E, 0x11, 0x11, 0x23, 0x14, 0x21, 0x11, 0x11, 0x11,
	0x10, 0x09, 0x07, 0x1F, 0x2B, 0x13, 0x33, 0x35, 0x33, 0x15, 0x33, 0x15, 0x23, 0x15, 0x21, 0x32,
	0x16, 0x16, 0x15, 0x11, 0x23, 0x11, 0x34, 0x26, 0x23, 0x21, 0x11, 0x23, 0x11, 0x23, 0x3C, 0xA0,
	0xD3, 0xA0, 0xA0, 0x01, 0x46, 0x6C, 0xB1, 0x69, 0xD3, 0x6B, 0x48, 0xFE, 0xBA, 0xD3, 0xA0, 0x05,
	0x17, 0x77, 0x77, 0x93, 0x78, 0x65, 0xA9, 0x67, 0xFD, 0x69, 0x02, 0x94, 0x42, 0x63, 0xFC, 0xC7,
	0x04, 0x84, 0x00, 0x02, 0xFF, 0xAA, 0x00, 0x00, 0x04, 0x17, 0x07, 0x3C, 0x00, 0x06, 0x00, 0x17,
	0x00, 0x35, 0x40, 0x32, 0x04, 0x01, 0x01, 0x00, 0x01, 0x4C, 0x00, 0x00, 0x01, 0x00, 0x85, 0x02,
	0x01, 0x01, 0x03, 0x01, 0x85, 0x00, 0x03, 0x03, 0x11, 0x4D, 0x00, 0x06, 0x06, 0x04, 0x5F, 0x00,
	0x04, 0x04, 0x14, 0x4D, 0x07, 0x01, 0x05, 0x05, 0x12, 0x05, 0x4E, 0x11, 0x23, 0x14, 0x21, 0x11,
	0x12, 0x11, 0x10, 0x08, 0x07, 0x1E, 0x2B, 0x13, 0x33, 0x13, 0x23, 0x27, 0x07, 0x23, 0x17, 0x33,
	0x11, 0x21, 0x32, 0x16, 0x16, 0x15, 0x11, 0x23, 0x11, 0x34, 0x26, 0x23, 0x21, 0x11, 0x23, 0x94,
	0x9B, 0xEA, 0x8D, 0xAB, 0xAA, 0x8D, 0xCE, 0xD3, 0x01, 0x46, 0x6C, 0xB1, 0x69, 0xD3, 0x6B, 0x48,
	0xFE, 0xBA, 0xD3, 0x07, 0x3C, 0xFE, 0xCB, 0xAC, 0xAC, 0x79, 0xFE, 0x7E, 0x65, 0xA9, 0x67, 0xFD,
	0x69, 0x02, 0x94, 0x42, 0x63, 0xFC, 0xC7, 0x00, 0x00, 0x02, 0x00, 0x60, 0x00, 0x00, 0x01, 0x64,
	0x05, 0xA8, 0x00, 0x0B, 0x00, 0x0F, 0x00, 0x1F, 0x40, 0x1C, 0x00, 0x01, 0x01, 0x00, 0x61, 0x00,
	0x00, 0x00, 0x19, 0x4D, 0x00, 0x02, 0x02, 0x14, 0x4D, 0x00, 0x03, 0x03, 0x12, 0x03, 0x4E, 0x11,
	0x12, 0x24, 0x22, 0x04, 0x07, 0x1A, 0x2B, 0x13, 0x34, 0x36, 0x33, 0x32, 0x16, 0x15, 0x14, 0x06,
	0x23, 0x22, 0x26, 0x17, 0x33, 0x11, 0x23, 0x60, 0x4C, 0x36, 0x36, 0x4C, 0x4C, 0x36, 0x36, 0x4C,
	0x18, 0xD4, 0xD4, 0x05, 0x26, 0x36, 0x4C, 0x4C, 0x36, 0x36, 0x4C, 0x4C, 0xE4, 0xFB, 0xF4, 0x00,
	0x00, 0x01, 0x00, 0x7F, 0x00, 0x00, 0x01, 0x52, 0x04, 0x0C, 0x00, 0x03, 0x00, 0x13, 0x40, 0x10,
	0x00, 0x00, 0x00, 0x14, 0x4D, 0x00, 0x01, 0x01, 0x12, 0x01, 0x4E, 0x11, 0x10, 0x02, 0x07, 0x18,
	0x2B, 0x13, 0x33, 0x11, 0x23, 0x7F, 0xD3, 0xD3, 0x04, 0x0C, 0xFB, 0xF4, 0x00, 0x02, 0x00, 0x76,
	0x00, 0x00, 0x01, 0xAE, 0x06, 0x2C, 0x00, 0x03, 0x00, 0x07, 0x00, 0x19, 0x40, 0x16, 0x03, 0x02,
	0x01, 0x03, 0x00, 0x4A, 0x00, 0x00, 0x00, 0x14, 0x4D, 0x00, 0x01, 0x01, 0x12, 0x01, 0x4E, 0x11,
	0x14, 0x02, 0x07, 0x18, 0x2B, 0x13, 0x17, 0x03, 0x27, 0x17, 0x33, 0x11, 0x23, 0xF7, 0xB7, 0xC6,
	0x72, 0x09, 0xD3, 0xD3, 0x06, 0x2C, 0x58, 0xFE, 0xB2, 0x35, 0xAF, 0xFB, 0xF4, 0x00, 0x00, 0x02,
	0xFF, 0xBE, 0x00, 0x00, 0x02, 0x12, 0x05, 0xB0, 0x00, 0x0F, 0x00, 0x13, 0x00, 0x52, 0x4B, 0xB0,
	0x1D, 0x50, 0x58, 0x40, 0x1A, 0x00, 0x00, 0x00, 0x02, 0x04, 0x00, 0x02, 0x69, 0x06, 0x03, 0x02,
	0x01, 0x01, 0x11, 0x4D, 0x00, 0x04, 0x04, 0x14, 0x4D, 0x00, 0x05, 0x05, 0x12, 0x05, 0x4E, 0x1B,
	0x40, 0x1A, 0x06, 0x03, 0x02, 0x01, 0x00, 0x01, 0x85, 0x00, 0x00, 0x00, 0x02, 0x04, 0x00, 0x02,
	0x69, 0x00, 0x04, 0x04, 0x14, 0x4D, 0x00, 0x05, 0x05, 0x12, 0x05, 0x4E, 0x59, 0x40, 0x10, 0x00,
	0x00, 0x13, 0x12, 0x11, 0x10, 0x00, 0x0F, 0x00, 0x0F, 0x23, 0x12, 0x22, 0x07, 0x07, 0x19, 0x2B,
	0x13, 0x14, 0x16, 0x33, 0x32, 0x36, 0x35, 0x33, 0x14, 0x06, 0x06, 0x23, 0x22, 0x26, 0x26, 0x35,
	0x13, 0x33, 0x11, 0x23, 0x44, 0x61, 0x43, 0x44, 0x60, 0x86, 0x51, 0x87, 0x52, 0x52, 0x87, 0x51,
	0xC1, 0xD3, 0xD3, 0x05, 0xB0, 0x43, 0x61, 0x61, 0x43, 0x52, 0x87, 0x51, 0x51, 0x87, 0x52, 0xFE,
	0x5C, 0xFB, 0xF4, 0x00, 0x00, 0x02, 0xFF, 0xB1, 0x00, 0x00, 0x02, 0x20, 0x05, 0xBA, 0x00, 0x06,
	0x00, 0x0A, 0x00, 0x4B, 0xB5, 0x04, 0x01, 0x01, 0x00, 0x01, 0x4C, 0x4B, 0xB0, 0x17, 0x50, 0x58,
	0x40, 0x19, 0x02, 0x01, 0x01, 0x00, 0x03, 0x00, 0x01, 0x03, 0x80, 0x00, 0x00, 0x00, 0x11, 0x4D,
	0x00, 0x03, 0x03, 0x14, 0x4D, 0x00, 0x04, 0x04, 0x12, 0x04, 0x4E, 0x1B, 0x40, 0x16, 0x00, 0x00,
	0x01, 0x00, 0x85, 0x02, 0x01, 0x01, 0x03, 0x01, 0x85, 0x00, 0x03, 0x03, 0x14, 0x4D, 0x00, 0x04,
	0x04, 0x12, 0x04, 0x4E, 0x59, 0xB7, 0x11, 0x11, 0x12, 0x11, 0x10, 0x05, 0x07, 0x1B, 0x2B, 0x13,
	0x33, 0x13, 0x23, 0x27, 0x07, 0x23, 0x17, 0x33, 0x11, 0x23, 0x9B, 0x9B, 0xEA, 0x8D, 0xAB, 0xAA,
	0x8D, 0xCE, 0xD3, 0xD3, 0x05, 0xBA, 0xFE, 0xCB, 0xAC, 0xAC, 0x79, 0xFB, 0xF4, 0x00, 0x00, 0x03,
	0xFF, 0xD0, 0x00, 0x00, 0x02, 0x01, 0x05, 0x64, 0x00, 0x0B, 0x00, 0x17, 0x00, 0x1B, 0x00, 0x43,
	0x4B, 0xB0, 0x19, 0x50, 0x58, 0x40, 0x17, 0x03, 0x01, 0x01, 0x01, 0x00, 0x61, 0x02, 0x01, 0x00,
	0x00, 0x11, 0x4D, 0x00, 0x04, 0x04, 0x14, 0x4D, 0x00, 0x05, 0x05, 0x12, 0x05, 0x4E, 0x1B, 0x40,
	0x15, 0x02, 0x01, 0x00, 0x03, 0x01, 0x01, 0x04, 0x00, 0x01, 0x69, 0x00, 0x04, 0x04, 0x14, 0x4D,
	0x00, 0x05, 0x05, 0x12, 0x05, 0x4E, 0x59, 0x40, 0x09, 0x11, 0x12, 0x24, 0x24, 0x24, 0x22, 0x06,
	0x07, 0x1C, 0x2B, 0x03, 0x34, 0x36, 0x33, 0x32, 0x16, 0x15, 0x14, 0x06, 0x23, 0x22, 0x26, 0x25,
	0x34, 0x36, 0x33, 0x32, 0x16, 0x15, 0x14, 0x06, 0x23, 0x22, 0x26, 0x07, 0x33, 0x11, 0x23, 0x30,
	0x40, 0x2E, 0x2F, 0x40, 0x40, 0x2F, 0x2E, 0x40, 0x01, 0x54, 0x40, 0x2E, 0x2F, 0x40, 0x40, 0x2F,
	0x2E, 0x40, 0xA5, 0xD3, 0xD3, 0x04, 0xF5, 0x2F, 0x40, 0x40, 0x2F, 0x2E, 0x40, 0x40, 0x2E, 0x2F,
	0x40, 0x40, 0x2F, 0x2E, 0x40, 0x40, 0xBB, 0xFB, 0xF4, 0x00, 0x00, 0x02, 0x00, 0x22, 0x00, 0x00,
	0x01, 0x5A, 0x06, 0x2C, 0x00, 0x03, 0x00, 0x07, 0x00, 0x19, 0x40, 0x16, 0x03, 0x02, 0x01, 0x03,
	0x00, 0x4A, 0x00, 0x00, 0x00, 0x14, 0x4D, 0x00, 0x01, 0x01, 0x12, 0x01, 0x4E, 0x11, 0x14, 0x02,
	0x07, 0x18, 0x2B, 0x13, 0x13, 0x07, 0x03, 0x13, 0x33, 0x11, 0x23, 0xD9, 0x81, 0x72, 0xC6, 0x5D,
	0xD3, 0xD3, 0x06, 0x2C, 0xFE, 0x8F, 0x35, 0x01, 0x4E, 0xFE, 0x38, 0xFB, 0xF4, 0x00, 0x00, 0x04,
	0x00, 0x60, 0xFE, 0x79, 0x03, 0x41, 0x05, 0xA8, 0x00, 0x0B, 0x00, 0x17, 0x00, 0x23, 0x00, 0x27,
	0x00, 0x31, 0x40, 0x2E, 0x03, 0x01, 0x01, 0x01, 0x00, 0x61, 0x02, 0x01, 0x00, 0x00, 0x19, 0x4D,
	0x07, 0x01, 0x05, 0x05, 0x14, 0x4D, 0x00, 0x08, 0x08, 0x12, 0x4D, 0x00, 0x04, 0x04, 0x06, 0x61,
	0x00, 0x06, 0x06, 0x1C, 0x06, 0x4E, 0x11, 0x11, 0x14, 0x14, 0x12, 0x24, 0x24, 0x24, 0x22, 0x09,
	0x07, 0x1F, 0x2B, 0x01, 0x34, 0x36, 0x33, 0x32, 0x16, 0x15, 0x14, 0x06, 0x23, 0x22, 0x26, 0x25,
	0x34, 0x36, 0x33, 0x32, 0x16, 0x15, 0x14, 0x06, 0x23, 0x22, 0x26, 0x01, 0x32, 0x36, 0x36, 0x35,
	0x11, 0x33, 0x11, 0x14, 0x06, 0x06, 0x23, 0x01, 0x33, 0x11, 0x23, 0x02, 0x3D, 0x4D, 0x36, 0x35,
	0x4C, 0x4B, 0x36, 0x37, 0x4C, 0xFE, 0x23, 0x4C, 0x36, 0x36, 0x4C, 0x4C, 0x36, 0x36, 0x4C, 0x01,
	0x5A, 0x4A, 0x43, 0x12, 0xD3, 0x43, 0xA1, 0x8E, 0xFE, 0xBE, 0xD4, 0xD4, 0x05, 0x25, 0x36, 0x4D,
	0x4C, 0x37, 0x36, 0x4B, 0x4C, 0x36, 0x36, 0x4C, 0x4C, 0x36, 0x36, 0x4C, 0x4C, 0xFA, 0x5C, 0x0E,
	0x33, 0x37, 0x04, 0x48, 0xFB, 0xB8, 0x7E, 0x91, 0x3C, 0x05, 0x93, 0xFB, 0xF4, 0x00, 0x00, 0x02,
	0xFF, 0xBD, 0x00, 0x00, 0x02, 0x12, 0x05, 0x19, 0x00, 0x03, 0x00, 0x07, 0x00, 0x1D, 0x40, 0x1A,
	0x00, 0x00, 0x00, 0x01, 0x02, 0x00, 0x01, 0x67, 0x00, 0x02, 0x02, 0x14, 0x4D, 0x00, 0x03, 0x03,
	0x12, 0x03, 0x4E, 0x11, 0x11, 0x11, 0x10, 0x04, 0x07, 0x1A, 0x2B, 0x03, 0x21, 0x15, 0x21, 0x17,
	0x33, 0x11, 0x23, 0x43, 0x02, 0x55, 0xFD, 0xAB, 0xC2, 0xD3, 0xD3, 0x05, 0x19, 0x93, 0x7A, 0xFB,
	0xF4, 0x00, 0x00, 0x02, 0x00, 0x60, 0xFE, 0xCD, 0x01, 0x9E, 0x05, 0xA8, 0x00, 0x0B, 0x00, 0x20,
	0x00, 0x34, 0x40, 0x31, 0x1B, 0x01, 0x05, 0x02, 0x1C, 0x01, 0x06, 0x05, 0x02, 0x4C, 0x00, 0x05,
	0x00, 0x06, 0x05, 0x06, 0x65, 0x00, 0x01, 0x01, 0x00, 0x61, 0x00, 0x00, 0x00, 0x19, 0x4D, 0x00,
	0x03, 0x03, 0x14, 0x4D, 0x04, 0x01, 0x02, 0x02, 0x12, 0x02, 0x4E, 0x26, 0x14, 0x11, 0x11, 0x14,
	0x24, 0x22, 0x07, 0x07, 0x1D, 0x2B, 0x13, 0x34, 0x36, 0x33, 0x32, 0x16, 0x15, 0x14, 0x06, 0x23,
	0x22, 0x26, 0x13, 0x34, 0x37, 0x23, 0x11, 0x33, 0x11, 0x23, 0x06, 0x06, 0x15, 0x14, 0x33, 0x32,
	0x36, 0x37, 0x15, 0x06, 0x06, 0x23, 0x22, 0x60, 0x4C, 0x36, 0x36, 0x4C, 0x4C, 0x36, 0x36, 0x4C,
	0x10, 0x28, 0x20, 0xD4, 0x20, 0x17, 0x0E, 0x29, 0x0D, 0x24, 0x3D, 0x42, 0x3B, 0x19, 0x98, 0x05,
	0x26, 0x36, 0x4C, 0x4C, 0x36, 0x36, 0x4C, 0x4C, 0xFA, 0x5F, 0x47, 0x6A, 0x04, 0x0C, 0xFB, 0xF4,
	0x3F, 0x30, 0x0F, 0x1F, 0x04, 0x0A, 0x94, 0x0A, 0x06, 0x00, 0x00, 0x02, 0xFF, 0x9E, 0x00, 0x00,
	0x02, 0x30, 0x05, 0x6B, 0x00, 0x17, 0x00, 0x1B, 0x00, 0x5E, 0x4B, 0xB0, 0x1D, 0x50, 0x58, 0x40,
	0x20, 0x00, 0x01, 0x08, 0x05, 0x02, 0x03, 0x06, 0x01, 0x03, 0x6A, 0x00, 0x04, 0x04, 0x00, 0x61,
	0x02, 0x01, 0x00, 0x00, 0x11, 0x4D, 0x00, 0x06, 0x06, 0x14, 0x4D, 0x00, 0x07, 0x07, 0x12, 0x07,
	0x4E, 0x1B, 0x40, 0x1E, 0x02, 0x01, 0x00, 0x00, 0x04, 0x03, 0x00, 0x04, 0x69, 0x00, 0x01, 0x08,
	0x05, 0x02, 0x03, 0x06, 0x01, 0x03, 0x6A, 0x00, 0x06, 0x06, 0x14, 0x4D, 0x00, 0x07, 0x07, 0x12,
	0x07, 0x4E, 0x59, 0x40, 0x12, 0x00, 0x00, 0x1B, 0x1A, 0x19, 0x18, 0x00, 0x17, 0x00, 0x17, 0x24,
	0x22, 0x11, 0x24, 0x22, 0x09, 0x07, 0x1B, 0x2B, 0x03, 0x36, 0x36, 0x33, 0x32, 0x16, 0x17, 0x16,
	0x16, 0x33, 0x32, 0x35, 0x33, 0x14, 0x06, 0x23, 0x22, 0x26, 0x27, 0x26, 0x26, 0x23, 0x22, 0x15,
	0x17, 0x33, 0x11, 0x23, 0x62, 0x01, 0x6D, 0x54, 0x17, 0x39, 0x33, 0x37, 0x35, 0x17, 0x2D, 0x9D,
	0x70, 0x50, 0x17, 0x39, 0x35, 0x38, 0x36, 0x17, 0x2D, 0x46, 0xD3, 0xD3, 0x04, 0x8E, 0x60, 0x7D,
	0x10, 0x15, 0x16, 0x10, 0x46, 0x5D, 0x83, 0x12, 0x16, 0x18, 0x11, 0x49, 0x82, 0xFB, 0xF4, 0x00,
	0x00, 0x02, 0x00, 0x28, 0xFE, 0x79, 0x01, 0xAF, 0x05, 0xA8, 0x00, 0x0B, 0x00, 0x17, 0x00, 0x25,
	0x40, 0x22, 0x00, 0x01, 0x01, 0x00, 0x61, 0x00, 0x00, 0x00, 0x19, 0x4D, 0x00, 0x03, 0x03, 0x14,
	0x4D, 0x00, 0x02, 0x02, 0x04, 0x61, 0x00, 0x04, 0x04, 0x1C, 0x04, 0x4E, 0x14, 0x14, 0x12, 0x24,
	0x22, 0x05, 0x07, 0x1B, 0x2B, 0x13, 0x34, 0x36, 0x33, 0x32, 0x16, 0x15, 0x14, 0x06, 0x23, 0x22,
	0x26, 0x03, 0x32, 0x36, 0x36, 0x35, 0x11, 0x33, 0x11, 0x14, 0x06, 0x06, 0x23, 0xAB, 0x4D, 0x36,
	0x35, 0x4C, 0x4B, 0x36, 0x37, 0x4C, 0x83, 0x4A, 0x43, 0x12, 0xD3, 0x43, 0xA1, 0x8E, 0x05, 0x25,
	0x36, 0x4D, 0x4C, 0x37, 0x36, 0x4B, 0x4C, 0xFA, 0x5C, 0x0E, 0x33, 0x37, 0x04, 0x48, 0xFB, 0xB8,
	0x7E, 0x91, 0x3C, 0x00, 0x00, 0x01, 0x00, 0x28, 0xFE, 0x79, 0x01, 0x9A, 0x04, 0x0C, 0x00, 0x0B,
	0x00, 0x19, 0x40, 0x16, 0x00, 0x01, 0x01, 0x14, 0x4D, 0x00, 0x00, 0x00, 0x02, 0x61, 0x00, 0x02,
	0x02, 0x1C, 0x02, 0x4E, 0x14, 0x14, 0x10, 0x03, 0x07, 0x19, 0x2B, 0x17, 0x32, 0x36, 0x36, 0x35,
	0x11, 0x33, 0x11, 0x14, 0x06, 0x06, 0x23, 0x28, 0x4A, 0x43, 0x12, 0xD3, 0x43, 0xA1, 0x8E, 0xB4,
	0x0E, 0x33, 0x37, 0x04, 0x48, 0xFB, 0xB8, 0x7E, 0x91, 0x3C, 0x00, 0x02, 0xFF, 0xF9, 0xFE, 0x79,
	0x02, 0x68, 0x05, 0xBA, 0x00, 0x06, 0x00, 0x12, 0x00, 0x57, 0xB5, 0x04, 0x01, 0x01, 0x00, 0x01,
	0x4C, 0x4B, 0xB0, 0x17, 0x50, 0x58, 0x40, 0x1E, 0x02, 0x01, 0x01, 0x00, 0x04, 0x00, 0x01, 0x04,
	0x80, 0x00, 0x00, 0x00, 0x11, 0x4D, 0x00, 0x04, 0x04, 0x14, 0x4D, 0x00, 0x03, 0x03, 0x05, 0x61,
	0x00, 0x05, 0x05, 0x1C, 0x05, 0x4E, 0x1B, 0x40, 0x1B, 0x00, 0x00, 0x01, 0x00, 0x85, 0x02, 0x01,
	0x01, 0x04, 0x01, 0x85, 0x00, 0x04, 0x04, 0x14, 0x4D, 0x00, 0x03, 0x03, 0x05, 0x61, 0x00, 0x05,
	0x05, 0x1C, 0x05, 0x4E, 0x59, 0x40, 0x09, 0x14, 0x14, 0x11, 0x12, 0x11, 0x10, 0x06, 0x07, 0x1C,
	0x2B, 0x13, 0x33, 0x13, 0x23, 0x27, 0x07, 0x23, 0x13, 0x32, 0x36, 0x36, 0x35, 0x11, 0x33, 0x11,
	0x14, 0x06, 0x06, 0x23, 0xE3, 0x9B, 0xEA, 0x8D, 0xAB, 0xAA, 0x8D, 0x2F, 0x4A, 0x43, 0x12, 0xD3,
	0x43, 0xA1, 0x8E, 0x05, 0xBA, 0xFE, 0xCB, 0xAC, 0xAC, 0xFA, 0xC7, 0x0E, 0x33, 0x37, 0x04, 0x48,
	0xFB, 0xB8, 0x7E, 0x91, 0x3C, 0x00, 0x00, 0x01, 0x00, 0x78, 0x00, 0x00, 0x04, 0x45, 0x05, 0x8E,
	0x00, 0x0C, 0x00, 0x2B, 0x40, 0x28, 0x06, 0x01, 0x04, 0x01, 0x01, 0x4C, 0x00, 0x01, 0x00, 0x04,
	0x03, 0x01, 0x04, 0x67, 0x00, 0x00, 0x00, 0x11, 0x4D, 0x00, 0x02, 0x02, 0x14, 0x4D, 0x05, 0x01,
	0x03, 0x03, 0x12, 0x03, 0x4E, 0x11, 0x11, 0x12, 0x11, 0x11, 0x10, 0x06, 0x07, 0x1C, 0x2B, 0x13,
	0x33, 0x11, 0x33, 0x01, 0x21, 0x01, 0x01, 0x21, 0x01, 0x23, 0x11, 0x23, 0x78, 0xD3, 0x47, 0x01,
	0x77, 0x01, 0x12, 0xFE, 0x27, 0x02, 0x03, 0xFE, 0xD9, 0xFE, 0x61, 0x34, 0xD3, 0x05, 0x8E, 0xFC,
	0xF1, 0x01, 0x8D, 0xFE, 0x0A, 0xFD, 0xEA, 0x01, 0xAC, 0xFE, 0x54, 0x00, 0x00, 0x01, 0x00, 0x78,
	0x00, 0x00, 0x04, 0x45, 0x04, 0x0C, 0x00, 0x0C, 0x00, 0x27, 0x40, 0x24, 0x06, 0x01, 0x04, 0x01,
	0x01, 0x4C, 0x00, 0x01, 0x00, 0x04, 0x03, 0x01, 0x04, 0x67, 0x02, 0x01, 0x00, 0x00, 0x14, 0x4D,
	0x05, 0x01, 0x03, 0x03, 0x12, 0x03, 0x4E, 0x11, 0x11, 0x12, 0x11, 0x11, 0x10, 0x06, 0x07, 0x1C,
	0x2B, 0x13, 0x33, 0x11, 0x33, 0x01, 0x21, 0x01, 0x01, 0x21, 0x01, 0x23, 0x11, 0x23, 0x78, 0xD3,
	0x47, 0x01, 0x77, 0x01, 0x12, 0xFE, 0x27, 0x02, 0x03, 0xFE, 0xD9, 0xFE, 0x61, 0x34, 0xD3, 0x04,
	0x0C, 0xFE, 0x73, 0x01, 0x8D, 0xFE, 0x0A, 0xFD, 0xEA, 0x01, 0xAC, 0xFE, 0x54, 0x00, 0x00, 0x01,
	0x00, 0x78, 0x00, 0x00, 0x01, 0x4B, 0x05, 0x8E, 0x00, 0x03, 0x00, 0x13, 0x40, 0x10, 0x00, 0x00,
	0x00, 0x11, 0x4D, 0x00, 0x01, 0x01, 0x12, 0x01, 0x4E, 0x11, 0x10, 0x02, 0x07, 0x18, 0x2B, 0x13,
	0x33, 0x11, 0x23, 0x78, 0xD3, 0xD3, 0x05, 0x8E, 0xFA, 0x72, 0x00, 0x02, 0x00, 0x6F, 0x00, 0x00,
	0x01, 0xA7, 0x07, 0xAE, 0x00, 0x03, 0x00, 0x07, 0x00, 0x19, 0x40, 0x16, 0x03, 0x02, 0x01, 0x03,
	0x00, 0x4A, 0x00, 0x00, 0x00, 0x11, 0x4D, 0x00, 0x01, 0x01, 0x12, 0x01, 0x4E, 0x11, 0x14, 0x02,
	0x07, 0x18, 0x2B, 0x13, 0x17, 0x03, 0x27, 0x17, 0x33, 0x11, 0x23, 0xF0, 0xB7, 0xC6, 0x72, 0x09,
	0xD3, 0xD3, 0x07, 0xAE, 0x58, 0xFE, 0xB2, 0x35, 0xAF, 0xFA, 0x72, 0x00, 0x00, 0x02, 0x00, 0x78,
	0x00, 0x00, 0x03, 0x3A, 0x05, 0x8E, 0x00, 0x03, 0x00, 0x07, 0x00, 0x1B, 0x40, 0x18, 0x03, 0x02,
	0x01, 0x03, 0x01, 0x00, 0x01, 0x4C, 0x00, 0x00, 0x00, 0x11, 0x4D, 0x00, 0x01, 0x01, 0x12, 0x01,
	0x4E, 0x11, 0x14, 0x02, 0x07, 0x18, 0x2B, 0x01, 0x17, 0x03, 0x27, 0x01, 0x33, 0x11, 0x23, 0x02,
	0x83, 0xB7, 0xC6, 0x72, 0xFE, 0x76, 0xD3, 0xD3, 0x05, 0x8E, 0x58, 0xFE, 0xB2, 0x35, 0x01, 0x71,
	0xFA, 0x72, 0x00, 0x02, 0x00, 0x78, 0x00, 0x00, 0x03, 0x18, 0x05, 0x8E, 0x00, 0x03, 0x00, 0x0F,
	0x00, 0x3C, 0x4B, 0xB0, 0x19, 0x50, 0x58, 0x40, 0x15, 0x00, 0x00, 0x00, 0x11, 0x4D, 0x00, 0x03,
	0x03, 0x02, 0x61, 0x00, 0x02, 0x02, 0x14, 0x4D, 0x00, 0x01, 0x01, 0x12, 0x01, 0x4E, 0x1B, 0x40,
	0x13, 0x00, 0x02, 0x00, 0x03, 0x01, 0x02, 0x03, 0x69, 0x00, 0x00, 0x00, 0x11, 0x4D, 0x00, 0x01,
	0x01, 0x12, 0x01, 0x4E, 0x59, 0xB6, 0x24, 0x23, 0x11, 0x10, 0x04, 0x07, 0x1A, 0x2B, 0x13, 0x33,
	0x11, 0x23, 0x01, 0x34, 0x36, 0x33, 0x32, 0x16, 0x15, 0x14, 0x06, 0x23, 0x22, 0x26, 0x78, 0xD3,
	0xD3, 0x01, 0xC3, 0x40, 0x2E, 0x2F, 0x40, 0x40, 0x2F, 0x2E, 0x40, 0x05, 0x8E, 0xFA, 0x72, 0x03,
	0x76, 0x2E, 0x40, 0x40, 0x2E, 0x2E, 0x41, 0x41, 0x00, 0x01, 0x00, 0x28, 0x00, 0x00, 0x02, 0x77,
	0x05, 0x8E, 0x00, 0x0B, 0x00, 0x20, 0x40, 0x1D, 0x0B, 0x0A, 0x09, 0x06, 0x05, 0x04, 0x03, 0x00,
	0x08, 0x01, 0x00, 0x01, 0x4C, 0x00, 0x00, 0x00, 0x11, 0x4D, 0x00, 0x01, 0x01, 0x12, 0x01, 0x4E,
	0x15, 0x11, 0x02, 0x07, 0x18, 0x2B, 0x13, 0x11, 0x33, 0x11, 0x37, 0x17, 0x07, 0x11, 0x23, 0x11,
	0x07, 0x27, 0xE6, 0xD3, 0x74, 0x4A, 0xBE, 0xD3, 0x74, 0x4A, 0x02, 0xDF, 0x02, 0xAF, 0xFD, 0xCB,
	0x43, 0x7F, 0x6E, 0xFD, 0x51, 0x02, 0x35, 0x42, 0x7F, 0x00, 0x00, 0x01, 0x00, 0x78, 0x00, 0x00,
	0x06, 0x3E, 0x04, 0x0C, 0x00, 0x20, 0x00, 0x27, 0x40, 0x24, 0x06, 0x01, 0x03, 0x00, 0x01, 0x4C,
	0x05, 0x01, 0x03, 0x03, 0x00, 0x5F, 0x01, 0x01, 0x00, 0x00, 0x14, 0x4D, 0x06, 0x04, 0x02, 0x02,
	0x02, 0x12, 0x02, 0x4E, 0x11, 0x23, 0x13, 0x33, 0x14, 0x32, 0x32, 0x07, 0x07, 0x1D, 0x2B, 0x13,
	0x34, 0x36, 0x33, 0x21, 0x32, 0x17, 0x36, 0x33, 0x33, 0x32, 0x16, 0x16, 0x15, 0x11, 0x23, 0x11,
	0x34, 0x26, 0x23, 0x23, 0x22, 0x06, 0x15, 0x11, 0x23, 0x11, 0x34, 0x26, 0x23, 0x21, 0x11, 0x23,
	0x78, 0x7C, 0x58, 0x01, 0x3C, 0x80, 0x52, 0x50, 0x82, 0x9C, 0x67, 0xAA, 0x65, 0xD2, 0x60, 0x44,
	0x9C, 0x2C, 0x3E, 0xD3, 0x3C, 0x2B, 0xFE, 0xC3, 0xD3, 0x03, 0x39, 0x57, 0x7C, 0x50, 0x50, 0x65,
	0xA9, 0x67, 0xFD, 0x69, 0x02, 0x94, 0x45, 0x61, 0x37, 0x27, 0xFD, 0x24, 0x02, 0xDC, 0x27, 0x37,
	0xFC, 0xC6, 0x00, 0x02, 0x00, 0x78, 0x00, 0x00, 0x06, 0x3E, 0x05, 0x63, 0x00, 0x0B, 0x00, 0x2C,
	0x00, 0x5B, 0xB5, 0x12, 0x01, 0x05, 0x02, 0x01, 0x4C, 0x4B, 0xB0, 0x17, 0x50, 0x58, 0x40, 0x1E,
	0x00, 0x01, 0x01, 0x00, 0x61, 0x00, 0x00, 0x00, 0x11, 0x4D, 0x07, 0x01, 0x05, 0x05, 0x02, 0x5F,
	0x03, 0x01, 0x02, 0x02, 0x14, 0x4D, 0x08, 0x06, 0x02, 0x04, 0x04, 0x12, 0x04, 0x4E, 0x1B, 0x40,
	0x1C, 0x00, 0x00, 0x00, 0x01, 0x02, 0x00, 0x01, 0x69, 0x07, 0x01, 0x05, 0x05, 0x02, 0x5F, 0x03,
	0x01, 0x02, 0x02, 0x14, 0x4D, 0x08, 0x06, 0x02, 0x04, 0x04, 0x12, 0x04, 0x4E, 0x59, 0x40, 0x0C,
	0x11, 0x23, 0x13, 0x33, 0x14, 0x32, 0x34, 0x24, 0x22, 0x09, 0x07, 0x1F, 0x2B, 0x01, 0x34, 0x36,
	0x33, 0x32, 0x16, 0x15, 0x14, 0x06, 0x23, 0x22, 0x26, 0x01, 0x34, 0x36, 0x33, 0x21, 0x32, 0x17,
	0x36, 0x33, 0x33, 0x32, 0x16, 0x16, 0x15, 0x11, 0x23, 0x11, 0x34, 0x26, 0x23, 0x23, 0x22, 0x06,
	0x15, 0x11, 0x23, 0x11, 0x34, 0x26, 0x23, 0x21, 0x11, 0x23, 0x02, 0xEE, 0x41, 0x2E, 0x2E, 0x40,
	0x40, 0x2E, 0x2E, 0x41, 0xFD, 0x8A, 0x7C, 0x58, 0x01, 0x3C, 0x80, 0x52, 0x50, 0x82, 0x9C, 0x67,
	0xAA, 0x65, 0xD2, 0x60, 0x44, 0x9C, 0x2C, 0x3E, 0xD3, 0x3C, 0x2B, 0xFE, 0xC3, 0xD3, 0x04, 0xF4,
	0x2F, 0x40, 0x40, 0x2F, 0x2E, 0x40, 0x40, 0xFE, 0x73, 0x57, 0x7C, 0x50, 0x50, 0x65, 0xA9, 0x67,
	0xFD, 0x69, 0x02, 0x94, 0x45, 0x61, 0x37, 0x27, 0xFD, 0x24, 0x02, 0xDC, 0x27, 0x37, 0xFC, 0xC6,
	0x00, 0x01, 0x00, 0x78, 0x00, 0x00, 0x04, 0x30, 0x04, 0x0C, 0x00, 0x11, 0x00, 0x1B, 0x40, 0x18,
	0x00, 0x02, 0x02, 0x00, 0x5F, 0x00, 0x00, 0x00, 0x14, 0x4D, 0x03, 0x01, 0x01, 0x01, 0x12, 0x01,
	0x4E, 0x11, 0x23, 0x14, 0x32, 0x04, 0x07, 0x1A, 0x2B, 0x13, 0x34, 0x36, 0x33, 0x21, 0x32, 0x16,
	0x16, 0x15, 0x11, 0x23, 0x11, 0x34, 0x26, 0x23, 0x21, 0x11, 0x23, 0x78, 0x7D, 0x58, 0x01, 0x6D,
	0x67, 0xAA, 0x65, 0xD3, 0x5F, 0x44, 0xFE, 0x91, 0xD3, 0x03, 0x3A, 0x57, 0x7B, 0x65, 0xAA, 0x67,
	0xFD, 0x6A, 0x02, 0x93, 0x46, 0x62, 0xFC, 0xC5, 0x00, 0x02, 0x00, 0x78, 0x00, 0x00, 0x04, 0x30,
	0x06, 0x2C, 0x00, 0x03, 0x00, 0x15, 0x00, 0x21, 0x40, 0x1E, 0x03, 0x02, 0x01, 0x03, 0x00, 0x4A,
	0x00, 0x02, 0x02, 0x00, 0x5F, 0x00, 0x00, 0x00, 0x14, 0x4D, 0x03, 0x01, 0x01, 0x01, 0x12, 0x01,
	0x4E, 0x11, 0x23, 0x14, 0x36, 0x04, 0x07, 0x1A, 0x2B, 0x01, 0x17, 0x03, 0x27, 0x01, 0x34, 0x36,
	0x33, 0x21, 0x32, 0x16, 0x16, 0x15, 0x11, 0x23, 0x11, 0x34, 0x26, 0x23, 0x21, 0x11, 0x23, 0x02,
	0x63, 0xB7, 0xC6, 0x72, 0xFE, 0x96, 0x7D, 0x58, 0x01, 0x6D, 0x67, 0xAA, 0x65, 0xD3, 0x5F, 0x44,
	0xFE, 0x91, 0xD3, 0x06, 0x2C, 0x58, 0xFE, 0xB2, 0x35, 0xFE, 0x7F, 0x57, 0x7B, 0x65, 0xAA, 0x67,
	0xFD, 0x6A, 0x02, 0x93, 0x46, 0x62, 0xFC, 0xC5, 0x00, 0x02, 0x00, 0x28, 0x00, 0x00, 0x04, 0xC6,
	0x06, 0x2C, 0x00, 0x03, 0x00, 0x15, 0x00, 0x21, 0x40, 0x1E, 0x03, 0x02, 0x01, 0x03, 0x00, 0x4A,
	0x00, 0x02, 0x02, 0x00, 0x5F, 0x00, 0x00, 0x00, 0x14, 0x4D, 0x03, 0x01, 0x01, 0x01, 0x12, 0x01,
	0x4E, 0x11, 0x23, 0x14, 0x36, 0x04, 0x07, 0x1A, 0x2B, 0x13, 0x17, 0x03, 0x27, 0x13, 0x34, 0x36,
	0x33, 0x21, 0x32, 0x16, 0x16, 0x15, 0x11, 0x23, 0x11, 0x34, 0x26, 0x23, 0x21, 0x11, 0x23, 0xA9,
	0xB7, 0xC6, 0x72, 0xE6, 0x7D, 0x58, 0x01, 0x6D, 0x67, 0xAA, 0x65, 0xD3, 0x5F, 0x44, 0xFE, 0x91,
	0xD3, 0x06, 0x2C, 0x58, 0xFE, 0xB2, 0x35, 0xFE, 0x7F, 0x57, 0x7B, 0x65, 0xAA, 0x67, 0xFD, 0x6A,
	0x02, 0x93, 0x46, 0x62, 0xFC, 0xC5, 0x00, 0x02, 0x00, 0x78, 0x00, 0x00, 0x04, 0x30, 0x05, 0xBB,
	0x00, 0x06, 0x00, 0x18, 0x00, 0x68, 0xB5, 0x01, 0x01, 0x01, 0x00, 0x01, 0x4C, 0x4B, 0xB0, 0x17,
	0x50, 0x58, 0x40, 0x20, 0x00, 0x01, 0x00, 0x03, 0x00, 0x01, 0x03, 0x80, 0x07, 0x02, 0x02, 0x00,
	0x00, 0x11, 0x4D, 0x00, 0x05, 0x05, 0x03, 0x5F, 0x00, 0x03, 0x03, 0x14, 0x4D, 0x06, 0x01, 0x04,
	0x04, 0x12, 0x04, 0x4E, 0x1B, 0x40, 0x20, 0x00, 0x01, 0x00, 0x03, 0x00, 0x01, 0x03, 0x80, 0x00,
	0x05, 0x05, 0x03, 0x5F, 0x00, 0x03, 0x03, 0x14, 0x4D, 0x07, 0x02, 0x02, 0x00, 0x00, 0x04, 0x5F,
	0x06, 0x01, 0x04, 0x04, 0x12, 0x04, 0x4E, 0x59, 0x40, 0x13, 0x00, 0x00, 0x18, 0x17, 0x16, 0x14,
	0x11, 0x10, 0x0C, 0x09, 0x00, 0x06, 0x00, 0x06, 0x11, 0x12, 0x08, 0x07, 0x18, 0x2B, 0x01, 0x17,
	0x37, 0x33, 0x03, 0x23, 0x03, 0x03, 0x34, 0x36, 0x33, 0x21, 0x32, 0x16, 0x16, 0x15, 0x11, 0x23,
	0x11, 0x34, 0x26, 0x23, 0x21, 0x11, 0x23, 0x01, 0xA9, 0xAA, 0xAB, 0x8D, 0xEA, 0x9B, 0xEA, 0xA4,
	0x7D, 0x58, 0x01, 0x6D, 0x67, 0xAA, 0x65, 0xD3, 0x5F, 0x44, 0xFE, 0x91, 0xD3, 0x05, 0xBB, 0xAC,
	0xAC, 0xFE, 0xCB, 0x01, 0x35, 0xFD, 0x7F, 0x57, 0x7B, 0x65, 0xAA, 0x67, 0xFD, 0x6A, 0x02, 0x93,
	0x46, 0x62, 0xFC, 0xC5, 0x00, 0x02, 0x00, 0x78, 0x00, 0x00, 0x04, 0x30, 0x05, 0x6B, 0x00, 0x17,
	0x00, 0x29, 0x00, 0x6E, 0x4B, 0xB0, 0x1D, 0x50, 0x58, 0x40, 0x26, 0x00, 0x01, 0x0A, 0x05, 0x02,
	0x03, 0x06, 0x01, 0x03, 0x6A, 0x00, 0x04, 0x04, 0x00, 0x61, 0x02, 0x01, 0x00, 0x00, 0x11, 0x4D,
	0x00, 0x08, 0x08, 0x06, 0x5F, 0x00, 0x06, 0x06, 0x14, 0x4D, 0x09, 0x01, 0x07, 0x07, 0x12, 0x07,
	0x4E, 0x1B, 0x40, 0x24, 0x02, 0x01, 0x00, 0x00, 0x04, 0x03, 0x00, 0x04, 0x69, 0x00, 0x01, 0x0A,
	0x05, 0x02, 0x03, 0x06, 0x01, 0x03, 0x6A, 0x00, 0x08, 0x08, 0x06, 0x5F, 0x00, 0x06, 0x06, 0x14,
	0x4D, 0x09, 0x01, 0x07, 0x07, 0x12, 0x07, 0x4E, 0x59, 0x40, 0x16, 0x00, 0x00, 0x29, 0x28, 0x27,
	0x25, 0x22, 0x21, 0x1D, 0x1A, 0x00, 0x17, 0x00, 0x17, 0x24, 0x22, 0x11, 0x24, 0x22, 0x0B, 0x07,
	0x1B, 0x2B, 0x01, 0x36, 0x36, 0x33, 0x32, 0x16, 0x17, 0x16, 0x16, 0x33, 0x32, 0x35, 0x33, 0x14,
	0x06, 0x23, 0x22, 0x26, 0x27, 0x26, 0x26, 0x23, 0x22, 0x15, 0x01, 0x34, 0x36, 0x33, 0x21, 0x32,
	0x16, 0x16, 0x15, 0x11, 0x23, 0x11, 0x34, 0x26, 0x23, 0x21, 0x11, 0x23, 0x01, 0x0A, 0x01, 0x6D,
	0x54, 0x17, 0x39, 0x33, 0x37, 0x35, 0x17, 0x2D, 0x9D, 0x70, 0x50, 0x17, 0x39, 0x35, 0x38, 0x36,
	0x17, 0x2D, 0xFE, 0xD3, 0x7D, 0x58, 0x01, 0x6D, 0x67, 0xAA, 0x65, 0xD3, 0x5F, 0x44, 0xFE, 0x91,
	0xD3, 0x04, 0x8E, 0x60, 0x7D, 0x10, 0x15, 0x16, 0x10, 0x46, 0x5D, 0x83, 0x12, 0x16, 0x18, 0x11,
	0x49, 0xFE, 0xAC, 0x57, 0x7B, 0x65, 0xAA, 0x67, 0xFD, 0x6A, 0x02, 0x93, 0x46, 0x62, 0xFC, 0xC5,
	0x00, 0x01, 0x00, 0x78, 0xFE, 0x79, 0x04, 0x30, 0x04, 0x0C, 0x00, 0x19, 0x00, 0x25, 0x40, 0x22,
	0x00, 0x03, 0x03, 0x00, 0x5F, 0x00, 0x00, 0x00, 0x14, 0x4D, 0x00, 0x04, 0x04, 0x12, 0x4D, 0x00,
	0x02, 0x02, 0x01, 0x61, 0x00, 0x01, 0x01, 0x1C, 0x01, 0x4E, 0x11, 0x26, 0x11, 0x17, 0x32, 0x05,
	0x07, 0x1B, 0x2B, 0x13, 0x34, 0x36, 0x33, 0x21, 0x32, 0x16, 0x16, 0x15, 0x11, 0x14, 0x06, 0x06,
	0x23, 0x35, 0x32, 0x36, 0x36, 0x35, 0x11, 0x34, 0x26, 0x23, 0x21, 0x11, 0x23, 0x78, 0x7D, 0x58,
	0x01, 0x6D, 0x67, 0xAA, 0x65, 0x43, 0xA1, 0x8E, 0x4A, 0x43, 0x12, 0x5F, 0x44, 0xFE, 0x91, 0xD3,
	0x03, 0x3A, 0x57, 0x7B, 0x65, 0xAA, 0x67, 0xFD, 0x2E, 0x7E, 0x91, 0x3C, 0xD3, 0x0E, 0x33, 0x37,
	0x02, 0xCF, 0x46, 0x62, 0xFC, 0xC5, 0x00, 0x02, 0x00, 0x6E, 0x00, 0x00, 0x04, 0x3C, 0x04, 0x0C,
	0x00, 0x13, 0x00, 0x23, 0x00, 0x1F, 0x40, 0x1C, 0x00, 0x03, 0x03, 0x00, 0x5F, 0x00, 0x00, 0x00,
	0x14, 0x4D, 0x00, 0x02, 0x02, 0x01, 0x5F, 0x00, 0x01, 0x01, 0x12, 0x01, 0x4E, 0x35, 0x36, 0x37,
	0x33, 0x04, 0x07, 0x1A, 0x2B, 0x13, 0x34, 0x36, 0x36, 0x33, 0x33, 0x32, 0x16, 0x16, 0x15, 0x11,
	0x14, 0x06, 0x06, 0x23, 0x23, 0x22, 0x26, 0x26, 0x35, 0x37, 0x14, 0x16, 0x33, 0x33, 0x32, 0x36,
	0x35, 0x11, 0x34, 0x26, 0x23, 0x23, 0x22, 0x06, 0x15, 0x6E, 0x65, 0xAA, 0x67, 0xE2, 0x67, 0xAA,
	0x65, 0x65, 0xAA, 0x67, 0xE2, 0x67, 0xAA, 0x65, 0xD3, 0x60, 0x43, 0xE2, 0x44, 0x5F, 0x5F, 0x44,
	0xE2, 0x43, 0x60, 0x02, 0x96, 0x67, 0xAA, 0x65, 0x65, 0xAA, 0x67, 0xFE, 0xE0, 0x67, 0xAA, 0x65,
	0x65, 0xAA, 0x67, 0x02, 0x44, 0x61, 0x61, 0x44, 0x01, 0x1C, 0x44, 0x61, 0x61, 0x44, 0x00, 0x03,
	0x00, 0x6E, 0x00, 0x00, 0x04, 0x3C, 0x06, 0x2C, 0x00, 0x03, 0x00, 0x17, 0x00, 0x27, 0x00, 0x25,
	0x40, 0x22, 0x03, 0x02, 0x01, 0x03, 0x00, 0x4A, 0x00, 0x03, 0x03, 0x00, 0x5F, 0x00, 0x00, 0x00,
	0x14, 0x4D, 0x00, 0x02, 0x02, 0x01, 0x5F, 0x00, 0x01, 0x01, 0x12, 0x01, 0x4E, 0x35, 0x36, 0x37,
	0x37, 0x04, 0x07, 0x1A, 0x2B, 0x01, 0x17, 0x03, 0x27, 0x01, 0x34, 0x36, 0x36, 0x33, 0x33, 0x32,
	0x16, 0x16, 0x15, 0x11, 0x14, 0x06, 0x06, 0x23, 0x23, 0x22, 0x26, 0x26, 0x35, 0x37, 0x14, 0x16,
	0x33, 0x33, 0x32, 0x36, 0x35, 0x11, 0x34, 0x26, 0x23, 0x23, 0x22, 0x06, 0x15, 0x02, 0x64, 0xB7,
	0xC6, 0x72, 0xFE, 0x8B, 0x65, 0xAA, 0x67, 0xE2, 0x67, 0xAA, 0x65, 0x65, 0xAA, 0x67, 0xE2, 0x67,
	0xAA, 0x65, 0xD3, 0x60, 0x43, 0xE2, 0x44, 0x5F, 0x5F, 0x44, 0xE2, 0x43, 0x60, 0x06, 0x2C, 0x58,
	0xFE, 0xB2, 0x35, 0xFD, 0xDB, 0x67, 0xAA, 0x65, 0x65, 0xAA, 0x67, 0xFE, 0xE0, 0x67, 0xAA, 0x65,
	0x65, 0xAA, 0x67, 0x02, 0x44, 0x61, 0x61, 0x44, 0x01, 0x1C, 0x44, 0x61, 0x61, 0x44, 0x00, 0x03,
	0x00, 0x6E, 0x00, 0x00, 0x04, 0x3C, 0x05, 0xB2, 0x00, 0x0F, 0x00, 0x23, 0x00, 0x33, 0x00, 0x6A,
	0x4B, 0xB0, 0x1D, 0x50, 0x58, 0x40, 0x24, 0x00, 0x00, 0x00, 0x02, 0x04, 0x00, 0x02, 0x69, 0x08,
	0x03, 0x02, 0x01, 0x01, 0x11, 0x4D, 0x00, 0x07, 0x07, 0x04, 0x5F, 0x00, 0x04, 0x04, 0x14, 0x4D,
	0x00, 0x06, 0x06, 0x05, 0x5F, 0x00, 0x05, 0x05, 0x12, 0x05, 0x4E, 0x1B, 0x40, 0x24, 0x08, 0x03,
	0x02, 0x01, 0x00, 0x01, 0x85, 0x00, 0x00, 0x00, 0x02, 0x04, 0x00, 0x02, 0x69, 0x00, 0x07, 0x07,
	0x04, 0x5F, 0x00, 0x04, 0x04, 0x14, 0x4D, 0x00, 0x06, 0x06, 0x05, 0x5F, 0x00, 0x05, 0x05, 0x12,
	0x05, 0x4E, 0x59, 0x40, 0x14, 0x00, 0x00, 0x31, 0x2E, 0x29, 0x26, 0x20, 0x1D, 0x16, 0x13, 0x00,
	0x0F, 0x00, 0x0F, 0x23, 0x12, 0x22, 0x09, 0x07, 0x19, 0x2B, 0x01, 0x14, 0x16, 0x33, 0x32, 0x36,
	0x35, 0x33, 0x14, 0x06, 0x06, 0x23, 0x22, 0x26, 0x26, 0x35, 0x03, 0x34, 0x36, 0x36, 0x33, 0x33,
	0x32, 0x16, 0x16, 0x15, 0x11, 0x14, 0x06, 0x06, 0x23, 0x23, 0x22, 0x26, 0x26, 0x35, 0x37, 0x14,
	0x16, 0x33, 0x33, 0x32, 0x36, 0x35, 0x11, 0x34, 0x26, 0x23, 0x23, 0x22, 0x06, 0x15, 0x01, 0xB1,
	0x61, 0x43, 0x44, 0x60, 0x86, 0x51, 0x87, 0x52, 0x52, 0x87, 0x51, 0xBD, 0x65, 0xAA, 0x67, 0xE2,
	0x67, 0xAA, 0x65, 0x65, 0xAA, 0x67, 0xE2, 0x67, 0xAA, 0x65, 0xD3, 0x60, 0x43, 0xE2, 0x44, 0x5F,
	0x5F, 0x44, 0xE2, 0x43, 0x60, 0x05, 0xB2, 0x43, 0x61, 0x61, 0x43, 0x52, 0x87, 0x51, 0x51, 0x87,
	0x52, 0xFC, 0xE4, 0x67, 0xAA, 0x65, 0x65, 0xAA, 0x67, 0xFE, 0xE0, 0x67, 0xAA, 0x65, 0x65, 0xAA,
	0x67, 0x02, 0x44, 0x61, 0x61, 0x44, 0x01, 0x1C, 0x44, 0x61, 0x61, 0x44, 0x00, 0x03, 0x00, 0x6E,
	0x00, 0x00, 0x04, 0x3C, 0x05, 0xBA, 0x00, 0x06, 0x00, 0x1A, 0x00, 0x2A, 0x00, 0x62, 0xB5, 0x04,
	0x01, 0x01, 0x00, 0x01, 0x4C, 0x4B, 0xB0, 0x17, 0x50, 0x58, 0x40, 0x23, 0x02, 0x01, 0x01, 0x00,
	0x03, 0x00, 0x01, 0x03, 0x80, 0x00, 0x00, 0x00, 0x11, 0x4D, 0x00, 0x06, 0x06, 0x03, 0x5F, 0x00,
	0x03, 0x03, 0x14, 0x4D, 0x00, 0x05, 0x05, 0x04, 0x5F, 0x00, 0x04, 0x04, 0x12, 0x04, 0x4E, 0x1B,
	0x40, 0x20, 0x00, 0x00, 0x01, 0x00, 0x85, 0x02, 0x01, 0x01, 0x03, 0x01, 0x85, 0x00, 0x06, 0x06,
	0x03, 0x5F, 0x00, 0x03, 0x03, 0x14, 0x4D, 0x00, 0x05, 0x05, 0x04, 0x5F, 0x00, 0x04, 0x04, 0x12,
	0x04, 0x4E, 0x59, 0x40, 0x0A, 0x35, 0x36, 0x37, 0x34, 0x12, 0x11, 0x10, 0x07, 0x07, 0x1D, 0x2B,
	0x01, 0x33, 0x13, 0x23, 0x27, 0x07, 0x23, 0x03, 0x34, 0x36, 0x36, 0x33, 0x33, 0x32, 0x16, 0x16,
	0x15, 0x11, 0x14, 0x06, 0x06, 0x23, 0x23, 0x22, 0x26, 0x26, 0x35, 0x37, 0x14, 0x16, 0x33, 0x33,
	0x32, 0x36, 0x35, 0x11, 0x34, 0x26, 0x23, 0x23, 0x22, 0x06, 0x15, 0x02, 0x08, 0x9B, 0xEA, 0x8D,
	0xAB, 0xAA, 0x8D, 0xB0, 0x65, 0xAA, 0x67, 0xE2, 0x67, 0xAA, 0x65, 0x65, 0xAA, 0x67, 0xE2, 0x67,
	0xAA, 0x65, 0xD3, 0x60, 0x43, 0xE2, 0x44, 0x5F, 0x5F, 0x44, 0xE2, 0x43, 0x60, 0x05, 0xBA, 0xFE,
	0xCB, 0xAC, 0xAC, 0xFE, 0x11, 0x67, 0xAA, 0x65, 0x65, 0xAA, 0x67, 0xFE, 0xE0, 0x67, 0xAA, 0x65,
	0x65, 0xAA, 0x67, 0x02, 0x44, 0x61, 0x61, 0x44, 0x01, 0x1C, 0x44, 0x61, 0x61, 0x44, 0x00, 0x04,
	0x00, 0x6E, 0x00, 0x00, 0x04, 0x3C, 0x05, 0x64, 0x00, 0x0B, 0x00, 0x17, 0x00, 0x2B, 0x00, 0x3B,
	0x00, 0x59, 0x4B, 0xB0, 0x19, 0x50, 0x58, 0x40, 0x21, 0x03, 0x01, 0x01, 0x01, 0x00, 0x61, 0x02,
	0x01, 0x00, 0x00, 0x11, 0x4D, 0x00, 0x07, 0x07, 0x04, 0x5F, 0x00, 0x04, 0x04, 0x14, 0x4D, 0x00,
	0x06, 0x06, 0x05, 0x5F, 0x00, 0x05, 0x05, 0x12, 0x05, 0x4E, 0x1B, 0x40, 0x1F, 0x02, 0x01, 0x00,
	0x03, 0x01, 0x01, 0x04, 0x00, 0x01, 0x69, 0x00, 0x07, 0x07, 0x04, 0x5F, 0x00, 0x04, 0x04, 0x14,
	0x4D, 0x00, 0x06, 0x06, 0x05, 0x5F, 0x00, 0x05, 0x05, 0x12, 0x05, 0x4E, 0x59, 0x40, 0x0B, 0x35,
	0x36, 0x37, 0x35, 0x24, 0x24, 0x24, 0x22, 0x08, 0x07, 0x1E, 0x2B, 0x01, 0x34, 0x36, 0x33, 0x32,
	0x16, 0x15, 0x14, 0x06, 0x23, 0x22, 0x26, 0x25, 0x34, 0x36, 0x33, 0x32, 0x16, 0x15, 0x14, 0x06,
	0x23, 0x22, 0x26, 0x01, 0x34, 0x36, 0x36, 0x33, 0x33, 0x32, 0x16, 0x16, 0x15, 0x11, 0x14, 0x06,
	0x06, 0x23, 0x23, 0x22, 0x26, 0x26, 0x35, 0x37, 0x14, 0x16, 0x33, 0x33, 0x32, 0x36, 0x35, 0x11,
	0x34, 0x26, 0x23, 0x23, 0x22, 0x06, 0x15, 0x01, 0x3D, 0x40, 0x2E, 0x2F, 0x40, 0x40, 0x2F, 0x2E,
	0x40, 0x01, 0x54, 0x40, 0x2E, 0x2F, 0x40, 0x40, 0x2F, 0x2E, 0x40, 0xFD, 0xDD, 0x65, 0xAA, 0x67,
	0xE2, 0x67, 0xAA, 0x65, 0x65, 0xAA, 0x67, 0xE2, 0x67, 0xAA, 0x65, 0xD3, 0x60, 0x43, 0xE2, 0x44,
	0x5F, 0x5F, 0x44, 0xE2, 0x43, 0x60, 0x04, 0xF5, 0x2F, 0x40, 0x40, 0x2F, 0x2E, 0x40, 0x40, 0x2E,
	0x2F, 0x40, 0x40, 0x2F, 0x2E, 0x40, 0x40, 0xFD, 0xCF, 0x67, 0xAA, 0x65, 0x65, 0xAA, 0x67, 0xFE,
	0xE0, 0x67, 0xAA, 0x65, 0x65, 0xAA, 0x67, 0x02, 0x44, 0x61, 0x61, 0x44, 0x01, 0x1C, 0x44, 0x61,
	0x61, 0x44, 0x00, 0x03, 0x00, 0x6E, 0x00, 0x00, 0x04, 0x3C, 0x06, 0x2C, 0x00, 0x03, 0x00, 0x17,
	0x00, 0x27, 0x00, 0x25, 0x40, 0x22, 0x03, 0x02, 0x01, 0x03, 0x00, 0x4A, 0x00, 0x03, 0x03, 0x00,
	0x5F, 0x00, 0x00, 0x00, 0x14, 0x4D, 0x00, 0x02, 0x02, 0x01, 0x5F, 0x00, 0x01, 0x01, 0x12, 0x01,
	0x4E, 0x35, 0x36, 0x37, 0x37, 0x04, 0x07, 0x1A, 0x2B, 0x01, 0x13, 0x07, 0x03, 0x01, 0x34, 0x36,
	0x36, 0x33, 0x33, 0x32, 0x16, 0x16, 0x15, 0x11, 0x14, 0x06, 0x06, 0x23, 0x23, 0x22, 0x26, 0x26,
	0x35, 0x37, 0x14, 0x16, 0x33, 0x33, 0x32, 0x36, 0x35, 0x11, 0x34, 0x26, 0x23, 0x23, 0x22, 0x06,
	0x15, 0x02, 0x46, 0x81, 0x72, 0xC6, 0xFE, 0xDF, 0x65, 0xAA, 0x67, 0xE2, 0x67, 0xAA, 0x65, 0x65,
	0xAA, 0x67, 0xE2, 0x67, 0xAA, 0x65, 0xD3, 0x60, 0x43, 0xE2, 0x44, 0x5F, 0x5F, 0x44, 0xE2, 0x43,
	0x60, 0x06, 0x2C, 0xFE, 0x8F, 0x35, 0x01, 0x4E, 0xFC, 0xC2, 0x67, 0xAA, 0x65, 0x65, 0xAA, 0x67,
	0xFE, 0xE0, 0x67, 0xAA, 0x65, 0x65, 0xAA, 0x67, 0x02, 0x44, 0x61, 0x61, 0x44, 0x01, 0x1C, 0x44,
	0x61, 0x61, 0x44, 0x00, 0x00, 0x04, 0x00, 0x6E, 0x00, 0x00, 0x04, 0x3C, 0x06, 0x2C, 0x00, 0x03,
	0x00, 0x07, 0x00, 0x1B, 0x00, 0x2B, 0x00, 0x28, 0x40, 0x25, 0x07, 0x06, 0x05, 0x03, 0x02, 0x01,
	0x06, 0x00, 0x4A, 0x00, 0x03, 0x03, 0x00, 0x5F, 0x00, 0x00, 0x00, 0x14, 0x4D, 0x00, 0x02, 0x02,
	0x01, 0x5F, 0x00, 0x01, 0x01, 0x12, 0x01, 0x4E, 0x35, 0x36, 0x37, 0x3B, 0x04, 0x07, 0x1A, 0x2B,
	0x01, 0x17, 0x03, 0x27, 0x01, 0x17, 0x03, 0x27, 0x01, 0x34, 0x36, 0x36, 0x33, 0x33, 0x32, 0x16,
	0x16, 0x15, 0x11, 0x14, 0x06, 0x06, 0x23, 0x23, 0x22, 0x26, 0x26, 0x35, 0x37, 0x14, 0x16, 0x33,
	0x33, 0x32, 0x36, 0x35, 0x11, 0x34, 0x26, 0x23, 0x23, 0x22, 0x06, 0x15, 0x01, 0xA6, 0xB7, 0xC6,
	0x72, 0x01, 0xFD, 0xB7, 0xC6, 0x72, 0xFD, 0xCD, 0x65, 0xAA, 0x67, 0xE2, 0x67, 0xAA, 0x65, 0x65,
	0xAA, 0x67, 0xE2, 0x67, 0xAA, 0x65, 0xD3, 0x60, 0x43, 0xE2, 0x44, 0x5F, 0x5F, 0x44, 0xE2, 0x43,
	0x60, 0x06, 0x2C, 0x58, 0xFE, 0xB2, 0x35, 0x01, 0x71, 0x58, 0xFE, 0xB2, 0x35, 0xFD, 0xDB, 0x67,
	0xAA, 0x65, 0x65, 0xAA, 0x67, 0xFE, 0xE0, 0x67, 0xAA, 0x65, 0x65, 0xAA, 0x67, 0x02, 0x44, 0x61,
	0x61, 0x44, 0x01, 0x1C, 0x44, 0x61, 0x61, 0x44, 0x00, 0x03, 0x00, 0x6E, 0x00, 0x00, 0x04, 0x3C,
	0x05, 0x19, 0x00, 0x03, 0x00, 0x17, 0x00, 0x27, 0x00, 0x29, 0x40, 0x26, 0x00, 0x00, 0x00, 0x01,
	0x02, 0x00, 0x01, 0x67, 0x00, 0x05, 0x05, 0x02, 0x5F, 0x00, 0x02, 0x02, 0x14, 0x4D, 0x00, 0x04,
	0x04, 0x03, 0x5F, 0x00, 0x03, 0x03, 0x12, 0x03, 0x4E, 0x35, 0x36, 0x37, 0x34, 0x11, 0x10, 0x06,
	0x07, 0x1C, 0x2B, 0x01, 0x21, 0x15, 0x21, 0x03, 0x34, 0x36, 0x36, 0x33, 0x33, 0x32, 0x16, 0x16,
	0x15, 0x11, 0x14, 0x06, 0x06, 0x23, 0x23, 0x22, 0x26, 0x26, 0x35, 0x37, 0x14, 0x16, 0x33, 0x33,
	0x32, 0x36, 0x35, 0x11, 0x34, 0x26, 0x23, 0x23, 0x22, 0x06, 0x15, 0x01, 0x2A, 0x02, 0x55, 0xFD,
	0xAB, 0xBC, 0x65, 0xAA, 0x67, 0xE2, 0x67, 0xAA, 0x65, 0x65, 0xAA, 0x67, 0xE2, 0x67, 0xAA, 0x65,
	0xD3, 0x60, 0x43, 0xE2, 0x44, 0x5F, 0x5F, 0x44, 0xE2, 0x43, 0x60, 0x05, 0x19, 0x93, 0xFE, 0x10,
	0x67, 0xAA, 0x65, 0x65, 0xAA, 0x67, 0xFE, 0xE0, 0x67, 0xAA, 0x65, 0x65, 0xAA, 0x67, 0x02, 0x44,
	0x61, 0x61, 0x44, 0x01, 0x1C, 0x44, 0x61, 0x61, 0x44, 0x00, 0x00, 0x03, 0x00, 0x6E, 0xFF, 0x91,
	0x04, 0x3C, 0x04, 0x7C, 0x00, 0x19, 0x00, 0x21, 0x00, 0x29, 0x00, 0x40, 0x40, 0x3D, 0x0A, 0x07,
	0x02, 0x02, 0x00, 0x28, 0x1C, 0x02, 0x03, 0x02, 0x17, 0x14, 0x02, 0x01, 0x03, 0x03, 0x4C, 0x09,
	0x08, 0x02, 0x00, 0x4A, 0x16, 0x15, 0x02, 0x01, 0x49, 0x00, 0x02, 0x02, 0x00, 0x5F, 0x00, 0x00,
	0x00, 0x14, 0x4D, 0x04, 0x01, 0x03, 0x03, 0x01, 0x5F, 0x00, 0x01, 0x01, 0x12, 0x01, 0x4E, 0x23,
	0x22, 0x22, 0x29, 0x23, 0x29, 0x2A, 0x3A, 0x33, 0x05, 0x07, 0x19, 0x2B, 0x13, 0x34, 0x36, 0x36,
	0x33, 0x33, 0x32, 0x17, 0x37, 0x17, 0x07, 0x16, 0x15, 0x11, 0x14, 0x06, 0x06, 0x23, 0x23, 0x22,
	0x27, 0x07, 0x27, 0x37, 0x26, 0x35, 0x37, 0x14, 0x17, 0x01, 0x23, 0x22, 0x06, 0x15, 0x01, 0x32,
	0x36, 0x35, 0x11, 0x34, 0x27, 0x01, 0x6E, 0x65, 0xAA, 0x67, 0xE2, 0x41, 0x33, 0x5B, 0x9B, 0x57,
	0x63, 0x65, 0xAA, 0x67, 0xE2, 0x42, 0x3B, 0x5D, 0x9B, 0x5C, 0x5D, 0xD3, 0x0C, 0x01, 0x66, 0xCF,
	0x43, 0x60, 0x01, 0x85, 0x44, 0x5F, 0x10, 0xFE, 0x93, 0x02, 0x96, 0x67, 0xAA, 0x65, 0x12, 0x82,
	0x6D, 0x7C, 0x6C, 0x91, 0xFE, 0xE0, 0x67, 0xAA, 0x65, 0x15, 0x84, 0x6C, 0x83, 0x6B, 0x8B, 0x02,
	0x21, 0x1D, 0x01, 0xFF, 0x61, 0x44, 0xFE, 0x3F, 0x61, 0x44, 0x01, 0x1C, 0x28, 0x20, 0xFD, 0xF7,
	0x00, 0x04, 0x00, 0x6E, 0xFF, 0x91, 0x04, 0x3C, 0x06, 0x2C, 0x00, 0x03, 0x00, 0x1D, 0x00, 0x25,
	0x00, 0x2D, 0x00, 0x43, 0x40, 0x40, 0x0E, 0x0B, 0x02, 0x02, 0x00, 0x2C, 0x20, 0x02, 0x03, 0x02,
	0x1B, 0x18, 0x02, 0x01, 0x03, 0x03, 0x4C, 0x0D, 0x0C, 0x03, 0x02, 0x01, 0x05, 0x00, 0x4A, 0x1A,
	0x19, 0x02, 0x01, 0x49, 0x00, 0x02, 0x02, 0x00, 0x5F, 0x00, 0x00, 0x00, 0x14, 0x4D, 0x04, 0x01,
	0x03, 0x03, 0x01, 0x5F, 0x00, 0x01, 0x01, 0x12, 0x01, 0x4E, 0x27, 0x26, 0x26, 0x2D, 0x27, 0x2D,
	0x2A, 0x3A, 0x37, 0x05, 0x07, 0x19, 0x2B, 0x01, 0x17, 0x03, 0x27, 0x01, 0x34, 0x36, 0x36, 0x33,
	0x33, 0x32, 0x17, 0x37, 0x17, 0x07, 0x16, 0x15, 0x11, 0x14, 0x06, 0x06, 0x23, 0x23, 0x22, 0x27,
	0x07, 0x27, 0x37, 0x26, 0x35, 0x37, 0x14, 0x17, 0x01, 0x23, 0x22, 0x06, 0x15, 0x01, 0x32, 0x36,
	0x35, 0x11, 0x34, 0x27, 0x01, 0x02, 0x64, 0xB7, 0xC6, 0x72, 0xFE, 0x8B, 0x65, 0xAA, 0x67, 0xE2,
	0x41, 0x33, 0x5B, 0x9B, 0x57, 0x63, 0x65, 0xAA, 0x67, 0xE2, 0x42, 0x3B, 0x5D, 0x9B, 0x5C, 0x5D,
	0xD3, 0x0C, 0x01, 0x66, 0xCF, 0x43, 0x60, 0x01, 0x85, 0x44, 0x5F, 0x10, 0xFE, 0x93, 0x06, 0x2C,
	0x58, 0xFE, 0xB2, 0x35, 0xFD, 0xDB, 0x67, 0xAA, 0x65, 0x12, 0x82, 0x6D, 0x7C, 0x6C, 0x91, 0xFE,
	0xE0, 0x67, 0xAA, 0x65, 0x15, 0x84, 0x6C, 0x83, 0x6B, 0x8B, 0x02, 0x21, 0x1D, 0x01, 0xFF, 0x61,
	0x44, 0xFE, 0x3F, 0x61, 0x44, 0x01, 0x1C, 0x28, 0x20, 0xFD, 0xF7, 0x00, 0x00, 0x03, 0x00, 0x6E,
	0x00, 0x00, 0x04, 0x3C, 0x05, 0x6B, 0x00, 0x17, 0x00, 0x2B, 0x00, 0x3B, 0x00, 0x76, 0x4B, 0xB0,
	0x1D, 0x50, 0x58, 0x40, 0x2A, 0x00, 0x01, 0x0A, 0x05, 0x02, 0x03, 0x06, 0x01, 0x03, 0x6A, 0x00,
	0x04, 0x04, 0x00, 0x61, 0x02, 0x01, 0x00, 0x00, 0x11, 0x4D, 0x00, 0x09, 0x09, 0x06, 0x5F, 0x00,
	0x06, 0x06, 0x14, 0x4D, 0x00, 0x08, 0x08, 0x07, 0x5F, 0x00, 0x07, 0x07, 0x12, 0x07, 0x4E, 0x1B,
	0x40, 0x28, 0x02, 0x01, 0x00, 0x00, 0x04, 0x03, 0x00, 0x04, 0x69, 0x00, 0x01, 0x0A, 0x05, 0x02,
	0x03, 0x06, 0x01, 0x03, 0x6A, 0x00, 0x09, 0x09, 0x06, 0x5F, 0x00, 0x06, 0x06, 0x14, 0x4D, 0x00,
	0x08, 0x08, 0x07, 0x5F, 0x00, 0x07, 0x07, 0x12, 0x07, 0x4E, 0x59, 0x40, 0x16, 0x00, 0x00, 0x39,
	0x36, 0x31, 0x2E, 0x28, 0x25, 0x1E, 0x1B, 0x00, 0x17, 0x00, 0x17, 0x24, 0x22, 0x11, 0x24, 0x22,
	0x0B, 0x07, 0x1B, 0x2B, 0x01, 0x36, 0x36, 0x33, 0x32, 0x16, 0x17, 0x16, 0x16, 0x33, 0x32, 0x35,
	0x33, 0x14, 0x06, 0x23, 0x22, 0x26, 0x27, 0x26, 0x26, 0x23, 0x22, 0x15, 0x01, 0x34, 0x36, 0x36,
	0x33, 0x33, 0x32, 0x16, 0x16, 0x15, 0x11, 0x14, 0x06, 0x06, 0x23, 0x23, 0x22, 0x26, 0x26, 0x35,
	0x37, 0x14, 0x16, 0x33, 0x33, 0x32, 0x36, 0x35, 0x11, 0x34, 0x26, 0x23, 0x23, 0x22, 0x06, 0x15,
	0x01, 0x0B, 0x01, 0x6D, 0x54, 0x17, 0x39, 0x33, 0x37, 0x35, 0x17, 0x2D, 0x9D, 0x70, 0x50, 0x17,
	0x39, 0x35, 0x38, 0x36, 0x17, 0x2D, 0xFE, 0xC8, 0x65, 0xAA, 0x67, 0xE2, 0x67, 0xAA, 0x65, 0x65,
	0xAA, 0x67, 0xE2, 0x67, 0xAA, 0x65, 0xD3, 0x60, 0x43, 0xE2, 0x44, 0x5F, 0x5F, 0x44, 0xE2, 0x43,
	0x60, 0x04, 0x8E, 0x60, 0x7D, 0x10, 0x15, 0x16, 0x10, 0x46, 0x5D, 0x83, 0x12, 0x16, 0x18, 0x11,
	0x49, 0xFE, 0x08, 0x67, 0xAA, 0x65, 0x65, 0xAA, 0x67, 0xFE, 0xE0, 0x67, 0xAA, 0x65, 0x65, 0xAA,
	0x67, 0x02, 0x44, 0x61, 0x61, 0x44, 0x01, 0x1C, 0x44, 0x61, 0x61, 0x44, 0x00, 0x02, 0x00, 0x6E,
	0x00, 0x00, 0x07, 0x23, 0x04, 0x0C, 0x00, 0x2E, 0x00, 0x3E, 0x00, 0x3C, 0x40, 0x39, 0x07, 0x01,
	0x04, 0x00, 0x27, 0x01, 0x06, 0x05, 0x02, 0x4C, 0x00, 0x03, 0x00, 0x02, 0x05, 0x03, 0x02, 0x67,
	0x09, 0x01, 0x04, 0x04, 0x00, 0x5F, 0x01, 0x01, 0x00, 0x00, 0x14, 0x4D, 0x08, 0x01, 0x05, 0x05,
	0x06, 0x5F, 0x07, 0x01, 0x06, 0x06, 0x12, 0x06, 0x4E, 0x3C, 0x39, 0x36, 0x32, 0x21, 0x23, 0x25,
	0x21, 0x27, 0x32, 0x33, 0x0A, 0x07, 0x1F, 0x2B, 0x13, 0x34, 0x36, 0x36, 0x33, 0x33, 0x32, 0x17,
	0x36, 0x33, 0x21, 0x32, 0x16, 0x16, 0x15, 0x15, 0x14, 0x06, 0x06, 0x23, 0x21, 0x35, 0x21, 0x32,
	0x36, 0x35, 0x35, 0x34, 0x26, 0x23, 0x21, 0x11, 0x14, 0x16, 0x33, 0x21, 0x15, 0x21, 0x22, 0x27,
	0x06, 0x23, 0x23, 0x22, 0x26, 0x26, 0x35, 0x17, 0x14, 0x16, 0x33, 0x33, 0x32, 0x36, 0x35, 0x11,
	0x34, 0x26, 0x23, 0x23, 0x22, 0x06, 0x15, 0x6E, 0x6D, 0xB8, 0x6F, 0xA7, 0x88, 0x6D, 0x42, 0x68,
	0x01, 0xB0, 0x53, 0x87, 0x51, 0x51, 0x87, 0x53, 0xFE, 0xBE, 0x01, 0x44, 0x24, 0x33, 0x33, 0x24,
	0xFE, 0x44, 0x2E, 0x21, 0x02, 0x4D, 0xFD, 0xB3, 0x80, 0x57, 0x73, 0x9A, 0xA7, 0x6F, 0xB8, 0x6D,
	0xD3, 0x72, 0x51, 0xA5, 0x50, 0x72, 0x73, 0x51, 0xA5, 0x50, 0x71, 0x02, 0x98, 0x67, 0xA8, 0x65,
	0x4D, 0x4D, 0x51, 0x89, 0x53, 0x1D, 0x52, 0x87, 0x51, 0xD2, 0x34, 0x25, 0x1C, 0x26, 0x34, 0xFD,
	0xEC, 0x22, 0x30, 0xD3, 0x60, 0x60, 0x65, 0xAA, 0x67, 0x01, 0x43, 0x5F, 0x5E, 0x43, 0x01, 0x22,
	0x44, 0x60, 0x5F, 0x44, 0x00, 0x01, 0x00, 0x6E, 0xFE, 0x7E, 0x04, 0x26, 0x04, 0x0C, 0x00, 0x1A,
	0x00, 0x25, 0x40, 0x22, 0x00, 0x03, 0x03, 0x00, 0x5F, 0x00, 0x00, 0x00, 0x14, 0x4D, 0x00, 0x02,
	0x02, 0x01, 0x5F, 0x00, 0x01, 0x01, 0x12, 0x4D, 0x00, 0x04, 0x04, 0x16, 0x04, 0x4E, 0x11, 0x25,
	0x21, 0x27, 0x32, 0x05, 0x07, 0x1B, 0x2B, 0x13, 0x34, 0x36, 0x33, 0x21, 0x32, 0x16, 0x16, 0x15,
	0x11, 0x14, 0x06, 0x06, 0x23, 0x23, 0x35, 0x33, 0x32, 0x36, 0x35, 0x11, 0x34, 0x26, 0x23, 0x21,
	0x11, 0x23, 0x6E, 0x7C, 0x57, 0x01, 0x6F, 0x67, 0xAA, 0x65, 0x65, 0xAA, 0x67, 0xF7, 0xF7, 0x44,
	0x5F, 0x5F, 0x44, 0xFE, 0x91, 0xD3, 0x03, 0x39, 0x57, 0x7C, 0x65, 0xA8, 0x67, 0xFE, 0xDE, 0x67,
	0xAA, 0x65, 0xD3, 0x61, 0x44, 0x01, 0x1E, 0x44, 0x5F, 0xFB, 0x45, 0x00, 0x00, 0x02, 0x00, 0x6E,
	0xFE, 0x7E, 0x04, 0x26, 0x05, 0x63, 0x00, 0x0B, 0x00, 0x26, 0x00, 0x5E, 0x4B, 0xB0, 0x17, 0x50,
	0x58, 0x40, 0x24, 0x00, 0x01, 0x01, 0x00, 0x61, 0x00, 0x00, 0x00, 0x11, 0x4D, 0x00, 0x05, 0x05,
	0x02, 0x5F, 0x00, 0x02, 0x02, 0x14, 0x4D, 0x00, 0x04, 0x04, 0x03, 0x5F, 0x00, 0x03, 0x03, 0x12,
	0x4D, 0x00, 0x06, 0x06, 0x16, 0x06, 0x4E, 0x1B, 0x40, 0x22, 0x00, 0x00, 0x00, 0x01, 0x02, 0x00,
	0x01, 0x69, 0x00, 0x05, 0x05, 0x02, 0x5F, 0x00, 0x02, 0x02, 0x14, 0x4D, 0x00, 0x04, 0x04, 0x03,
	0x5F, 0x00, 0x03, 0x03, 0x12, 0x4D, 0x00, 0x06, 0x06, 0x16, 0x06, 0x4E, 0x59, 0x40, 0x0A, 0x11,
	0x25, 0x21, 0x27, 0x34, 0x24, 0x22, 0x07, 0x07, 0x1D, 0x2B, 0x01, 0x34, 0x36, 0x33, 0x32, 0x16,
	0x15, 0x14, 0x06, 0x23, 0x22, 0x26, 0x01, 0x34, 0x36, 0x33, 0x21, 0x32, 0x16, 0x16, 0x15, 0x11,
	0x14, 0x06, 0x06, 0x23, 0x23, 0x35, 0x33, 0x32, 0x36, 0x35, 0x11, 0x34, 0x26, 0x23, 0x21, 0x11,
	0x23, 0x01, 0xE1, 0x41, 0x2E, 0x2E, 0x40, 0x40, 0x2E, 0x2E, 0x41, 0xFE, 0x8D, 0x7C, 0x57, 0x01,
	0x6F, 0x67, 0xAA, 0x65, 0x65, 0xAA, 0x67, 0xF7, 0xF7, 0x44, 0x5F, 0x5F, 0x44, 0xFE, 0x91, 0xD3,
	0x04, 0xF4, 0x2F, 0x40, 0x40, 0x2F, 0x2E, 0x40, 0x40, 0xFE, 0x73, 0x57, 0x7C, 0x65, 0xA8, 0x67,
	0xFE, 0xDE, 0x67, 0xAA, 0x65, 0xD3, 0x61, 0x44, 0x01, 0x1E, 0x44, 0x5F, 0xFB, 0x45, 0x00, 0x02,
	0x00, 0x8C, 0xFE, 0x7A, 0x04, 0x5A, 0x05, 0x8E, 0x00, 0x13, 0x00, 0x23, 0x00, 0x35, 0x40, 0x32,
	0x02, 0x01, 0x05, 0x01, 0x11, 0x01, 0x02, 0x04, 0x02, 0x4C, 0x00, 0x00, 0x00, 0x11, 0x4D, 0x00,
	0x05, 0x05, 0x01, 0x5F, 0x00, 0x01, 0x01, 0x14, 0x4D, 0x00, 0x04, 0x04, 0x02, 0x5F, 0x00, 0x02,
	0x02, 0x12, 0x4D, 0x00, 0x03, 0x03, 0x16, 0x03, 0x4E, 0x35, 0x33, 0x12, 0x37, 0x32, 0x10, 0x06,
	0x07, 0x1C, 0x2B, 0x13, 0x33, 0x11, 0x36, 0x33, 0x33, 0x32, 0x16, 0x16, 0x15, 0x11, 0x14, 0x06,
	0x06, 0x23, 0x23, 0x22, 0x27, 0x11, 0x23, 0x13, 0x14, 0x16, 0x33, 0x33, 0x32, 0x36, 0x35, 0x11,
	0x34, 0x26, 0x23, 0x23, 0x22, 0x06, 0x15, 0x8C, 0xD3, 0x49, 0x5A, 0xE2, 0x67, 0xAA, 0x65, 0x65,
	0xAA, 0x67, 0xE2, 0x5A, 0x49, 0xD3, 0xD3, 0x60, 0x43, 0xE2, 0x44, 0x5F, 0x5F, 0x44, 0xE2, 0x43,
	0x60, 0x05, 0x8E, 0xFE, 0x59, 0x25, 0x65, 0xAA, 0x67, 0xFE, 0xE0, 0x67, 0xAA, 0x65, 0x25, 0xFE,
	0x55, 0x02, 0xFE, 0x44, 0x61, 0x61, 0x44, 0x01, 0x1C, 0x44, 0x61, 0x61, 0x44, 0x00, 0x00, 0x01,
	0x00, 0x6E, 0xFE, 0x7E, 0x04, 0x26, 0x04, 0x0C, 0x00, 0x1A, 0x00, 0x25, 0x40, 0x22, 0x00, 0x02,
	0x02, 0x00, 0x5F, 0x00, 0x00, 0x00, 0x14, 0x4D, 0x00, 0x03, 0x03, 0x04, 0x5F, 0x00, 0x04, 0x04,
	0x12, 0x4D, 0x00, 0x01, 0x01, 0x16, 0x01, 0x4E, 0x21, 0x25, 0x21, 0x13, 0x33, 0x05, 0x07, 0x1B,
	0x2B, 0x13, 0x34, 0x36, 0x36, 0x33, 0x21, 0x32, 0x16, 0x15, 0x11, 0x23, 0x11, 0x21, 0x22, 0x06,
	0x15, 0x11, 0x14, 0x16, 0x33, 0x33, 0x15, 0x23, 0x22, 0x26, 0x26, 0x35, 0x6E, 0x65, 0xAA, 0x67,
	0x01, 0x6F, 0x57, 0x7C, 0xD3, 0xFE, 0x91, 0x43, 0x60, 0x60, 0x43, 0xF7, 0xF7, 0x67, 0xAA, 0x65,
	0x02, 0x98, 0x67, 0xA8, 0x65, 0x7C, 0x57, 0xFB, 0x45, 0x04, 0xBB, 0x5F, 0x44, 0xFE, 0xE2, 0x44,
	0x61, 0xD3, 0x65, 0xAA, 0x67, 0x00, 0x00, 0x01, 0x00, 0x78, 0x00, 0x00, 0x02, 0x89, 0x04, 0x0C,
	0x00, 0x0C, 0x00, 0x19, 0x40, 0x16, 0x00, 0x01, 0x01, 0x00, 0x5F, 0x00, 0x00, 0x00, 0x14, 0x4D,
	0x00, 0x02, 0x02, 0x12, 0x02, 0x4E, 0x13, 0x21, 0x23, 0x03, 0x07, 0x19, 0x2B, 0x13, 0x34, 0x36,
	0x36, 0x33, 0x33, 0x15, 0x23, 0x22, 0x06, 0x15, 0x11, 0x23, 0x78, 0x51, 0x87, 0x52, 0xE7, 0xE7,
	0x24, 0x33, 0xD3, 0x02, 0xEA, 0x50, 0x84, 0x4E, 0xD2, 0x31, 0x23, 0xFD, 0x1A, 0x00, 0x00, 0x02,
	0x00, 0x78, 0x00, 0x00, 0x02, 0x89, 0x06, 0x2C, 0x00, 0x03, 0x00, 0x10, 0x00, 0x1F, 0x40, 0x1C,
	0x03, 0x02, 0x01, 0x03, 0x00, 0x4A, 0x00, 0x01, 0x01, 0x00, 0x5F, 0x00, 0x00, 0x00, 0x14, 0x4D,
	0x00, 0x02, 0x02, 0x12, 0x02, 0x4E, 0x13, 0x21, 0x27, 0x03, 0x07, 0x19, 0x2B, 0x01, 0x17, 0x03,
	0x27, 0x03, 0x34, 0x36, 0x36, 0x33, 0x33, 0x15, 0x23, 0x22, 0x06, 0x15, 0x11, 0x23, 0x01, 0x77,
	0xB7, 0xC6, 0x72, 0x7E, 0x51, 0x87, 0x52, 0xE7, 0xE7, 0x24, 0x33, 0xD3, 0x06, 0x2C, 0x58, 0xFE,
	0xB2, 0x35, 0xFE, 0x2F, 0x50, 0x84, 0x4E, 0xD2, 0x31, 0x23, 0xFD, 0x1A, 0x00, 0x02, 0x00, 0x30,
	0x00, 0x00, 0x02, 0x9F, 0x05, 0xBB, 0x00, 0x06, 0x00, 0x13, 0x00, 0x64, 0xB5, 0x01, 0x01, 0x01,
	0x00, 0x01, 0x4C, 0x4B, 0xB0, 0x17, 0x50, 0x58, 0x40, 0x1F, 0x00, 0x01, 0x00, 0x03, 0x00, 0x01,
	0x03, 0x80, 0x06, 0x02, 0x02, 0x00, 0x00, 0x11, 0x4D, 0x00, 0x04, 0x04, 0x03, 0x5F, 0x00, 0x03,
	0x03, 0x14, 0x4D, 0x00, 0x05, 0x05, 0x12, 0x05, 0x4E, 0x1B, 0x40, 0x1F, 0x00, 0x01, 0x00, 0x03,
	0x00, 0x01, 0x03, 0x80, 0x00, 0x04, 0x04, 0x03, 0x5F, 0x00, 0x03, 0x03, 0x14, 0x4D, 0x06, 0x02,
	0x02, 0x00, 0x00, 0x05, 0x5F, 0x00, 0x05, 0x05, 0x12, 0x05, 0x4E, 0x59, 0x40, 0x11, 0x00, 0x00,
	0x13, 0x12, 0x0F, 0x0D, 0x0C, 0x0A, 0x00, 0x06, 0x00, 0x06, 0x11, 0x12, 0x07, 0x07, 0x18, 0x2B,
	0x13, 0x17, 0x37, 0x33, 0x03, 0x23, 0x03, 0x13, 0x34, 0x36, 0x36, 0x33, 0x33, 0x15, 0x23, 0x22,
	0x06, 0x15, 0x11, 0x23, 0xBD, 0xAA, 0xAB, 0x8D, 0xEA, 0x9B, 0xEA, 0x48, 0x51, 0x87, 0x52, 0xE7,
	0xE7, 0x24, 0x33, 0xD3, 0x05, 0xBB, 0xAC, 0xAC, 0xFE, 0xCB, 0x01, 0x35, 0xFD, 0x2F, 0x50, 0x84,
	0x4E, 0xD2, 0x31, 0x23, 0xFD, 0x1A, 0x00, 0x01, 0x00, 0x6E, 0x00, 0x00, 0x04, 0x3B, 0x04, 0x0C,
	0x00, 0x27, 0x00, 0x29, 0x40, 0x26, 0x00, 0x02, 0x00, 0x05, 0x04, 0x02, 0x05, 0x67, 0x00, 0x01,
	0x01, 0x00, 0x5F, 0x00, 0x00, 0x00, 0x14, 0x4D, 0x00, 0x04, 0x04, 0x03, 0x5F, 0x00, 0x03, 0x03,
	0x12, 0x03, 0x4E, 0x35, 0x21, 0x27, 0x35, 0x21, 0x23, 0x06, 0x07, 0x1C, 0x2B, 0x13, 0x34, 0x36,
	0x36, 0x33, 0x21, 0x15, 0x21, 0x22, 0x06, 0x15, 0x15, 0x14, 0x16, 0x33, 0x21, 0x32, 0x16, 0x16,
	0x15, 0x15, 0x14, 0x06, 0x06, 0x23, 0x21, 0x35, 0x21, 0x32, 0x36, 0x35, 0x35, 0x34, 0x26, 0x23,
	0x21, 0x22, 0x26, 0x26, 0x35, 0x6E, 0x51, 0x87, 0x52, 0x02, 0x60, 0xFD, 0xA0, 0x24, 0x33, 0x33,
	0x24, 0x01, 0x7A, 0x52, 0x87, 0x50, 0x50, 0x87, 0x52, 0xFD, 0x8B, 0x02, 0x75, 0x24, 0x33, 0x33,
	0x24, 0xFE, 0x86, 0x52, 0x87, 0x51, 0x02, 0xE9, 0x51, 0x84, 0x4E, 0xD3, 0x2F, 0x21, 0x19, 0x22,
	0x30, 0x4F, 0x84, 0x51, 0x36, 0x50, 0x85, 0x4F, 0xD3, 0x30, 0x22, 0x34, 0x23, 0x30, 0x4F, 0x85,
	0x50, 0x00, 0x00, 0x02, 0x00, 0x6E, 0x00, 0x00, 0x04, 0x3B, 0x06, 0x2C, 0x00, 0x03, 0x00, 0x2B,
	0x00, 0x2F, 0x40, 0x2C, 0x03, 0x02, 0x01, 0x03, 0x00, 0x4A, 0x00, 0x02, 0x00, 0x05, 0x04, 0x02,
	0x05, 0x67, 0x00, 0x01, 0x01, 0x00, 0x5F, 0x00, 0x00, 0x00, 0x14, 0x4D, 0x00, 0x04, 0x04, 0x03,
	0x5F, 0x00, 0x03, 0x03, 0x12, 0x03, 0x4E, 0x35, 0x21, 0x27, 0x35, 0x21, 0x27, 0x06, 0x07, 0x1C,
	0x2B, 0x01, 0x17, 0x03, 0x27, 0x01, 0x34, 0x36, 0x36, 0x33, 0x21, 0x15, 0x21, 0x22, 0x06, 0x15,
	0x15, 0x14, 0x16, 0x33, 0x21, 0x32, 0x16, 0x16, 0x15, 0x15, 0x14, 0x06, 0x06, 0x23, 0x21, 0x35,
	0x21, 0x32, 0x36, 0x35, 0x35, 0x34, 0x26, 0x23, 0x21, 0x22, 0x26, 0x26, 0x35, 0x02, 0x63, 0xB7,
	0xC6, 0x72, 0xFE, 0x8C, 0x51, 0x87, 0x52, 0x02, 0x60, 0xFD, 0xA0, 0x24, 0x33, 0x33, 0x24, 0x01,
	0x7A, 0x52, 0x87, 0x50, 0x50, 0x87, 0x52, 0xFD, 0x8B, 0x02, 0x75, 0x24, 0x33, 0x33, 0x24, 0xFE,
	0x86, 0x52, 0x87, 0x51, 0x06, 0x2C, 0x58, 0xFE, 0xB2, 0x35, 0xFE, 0x2E, 0x51, 0x84, 0x4E, 0xD3,
	0x2F, 0x21, 0x19, 0x22, 0x30, 0x4F, 0x84, 0x51, 0x36, 0x50, 0x85, 0x4F, 0xD3, 0x30, 0x22, 0x34,
	0x23, 0x30, 0x4F, 0x85, 0x50, 0x00, 0x00, 0x02, 0x00, 0x6E, 0x00, 0x00, 0x04, 0x3B, 0x05, 0xBB,
	0x00, 0x06, 0x00, 0x2E, 0x00, 0x81, 0xB5, 0x01, 0x01, 0x01, 0x00, 0x01, 0x4C, 0x4B, 0xB0, 0x17,
	0x50, 0x58, 0x40, 0x2C, 0x00, 0x01, 0x00, 0x03, 0x00, 0x01, 0x03, 0x80, 0x00, 0x05, 0x00, 0x08,
	0x07, 0x05, 0x08, 0x67, 0x09, 0x02, 0x02, 0x00, 0x00, 0x11, 0x4D, 0x00, 0x04, 0x04, 0x03, 0x5F,
	0x00, 0x03, 0x03, 0x14, 0x4D, 0x00, 0x07, 0x07, 0x06, 0x5F, 0x00, 0x06, 0x06, 0x12, 0x06, 0x4E,
	0x1B, 0x40, 0x29, 0x09, 0x02, 0x02, 0x00, 0x01, 0x00, 0x85, 0x00, 0x01, 0x03, 0x01, 0x85, 0x00,
	0x05, 0x00, 0x08, 0x07, 0x05, 0x08, 0x67, 0x00, 0x04, 0x04, 0x03, 0x5F, 0x00, 0x03, 0x03, 0x14,
	0x4D, 0x00, 0x07, 0x07, 0x06, 0x5F, 0x00, 0x06, 0x06, 0x12, 0x06, 0x4E, 0x59, 0x40, 0x17, 0x00,
	0x00, 0x2B, 0x28, 0x23, 0x21, 0x20, 0x1E, 0x17, 0x14, 0x0F, 0x0D, 0x0C, 0x0A, 0x00, 0x06, 0x00,
	0x06, 0x11, 0x12, 0x0A, 0x07, 0x18, 0x2B, 0x01, 0x17, 0x37, 0x33, 0x03, 0x23, 0x03, 0x03, 0x34,
	0x36, 0x36, 0x33, 0x21, 0x15, 0x21, 0x22, 0x06, 0x15, 0x15, 0x14, 0x16, 0x33, 0x21, 0x32, 0x16,
	0x16, 0x15, 0x15, 0x14, 0x06, 0x06, 0x23, 0x21, 0x35, 0x21, 0x32, 0x36, 0x35, 0x35, 0x34, 0x26,
	0x23, 0x21, 0x22, 0x26, 0x26, 0x35, 0x01, 0xA9, 0xAA, 0xAB, 0x8D, 0xEA, 0x9B, 0xEA, 0xAE, 0x51,
	0x87, 0x52, 0x02, 0x60, 0xFD, 0xA0, 0x24, 0x33, 0x33, 0x24, 0x01, 0x7A, 0x52, 0x87, 0x50, 0x50,
	0x87, 0x52, 0xFD, 0x8B, 0x02, 0x75, 0x24, 0x33, 0x33, 0x24, 0xFE, 0x86, 0x52, 0x87, 0x51, 0x05,
	0xBB, 0xAC, 0xAC, 0xFE, 0xCB, 0x01, 0x35, 0xFD, 0x2E, 0x51, 0x84, 0x4E, 0xD3, 0x2F, 0x21, 0x19,
	0x22, 0x30, 0x4F, 0x84, 0x51, 0x36, 0x50, 0x85, 0x4F, 0xD3, 0x30, 0x22, 0x34, 0x23, 0x30, 0x4F,
	0x85, 0x50, 0x00, 0x01, 0x00, 0x6E, 0xFE, 0xCD, 0x04, 0x3B, 0x04, 0x0C, 0x00, 0x38, 0x00, 0x3F,
	0x40, 0x3C, 0x05, 0x00, 0x02, 0x00, 0x01, 0x38, 0x01, 0x08, 0x00, 0x02, 0x4C, 0x00, 0x06, 0x00,
	0x03, 0x02, 0x06, 0x03, 0x67, 0x00, 0x00, 0x00, 0x08, 0x00, 0x08, 0x65, 0x00, 0x05, 0x05, 0x04,
	0x5F, 0x00, 0x04, 0x04, 0x14, 0x4D, 0x00, 0x02, 0x02, 0x01, 0x61, 0x07, 0x01, 0x01, 0x01, 0x12,
	0x01, 0x4E, 0x23, 0x27, 0x35, 0x21, 0x27, 0x35, 0x21, 0x14, 0x22, 0x09, 0x07, 0x1F, 0x2B, 0x05,
	0x16, 0x16, 0x33, 0x32, 0x35, 0x34, 0x26, 0x27, 0x21, 0x35, 0x21, 0x32, 0x36, 0x35, 0x35, 0x34,
	0x26, 0x23, 0x21, 0x22, 0x26, 0x26, 0x35, 0x35, 0x34, 0x36, 0x36, 0x33, 0x21, 0x15, 0x21, 0x22,
	0x06, 0x15, 0x15, 0x14, 0x16, 0x33, 0x21, 0x32, 0x16, 0x16, 0x15, 0x15, 0x14, 0x06, 0x06, 0x23,
	0x23, 0x16, 0x15, 0x14, 0x23, 0x22, 0x26, 0x27, 0x01, 0x99, 0x3E, 0x23, 0x0D, 0x29, 0x0E, 0x17,
	0xFE, 0x92, 0x02, 0x75, 0x24, 0x33, 0x33, 0x24, 0xFE, 0x86, 0x52, 0x87, 0x51, 0x51, 0x87, 0x52,
	0x02, 0x60, 0xFD, 0xA0, 0x24, 0x33, 0x33, 0x24, 0x01, 0x7A, 0x52, 0x87, 0x50, 0x50, 0x87, 0x52,
	0x73, 0x28, 0x98, 0x19, 0x3B, 0x42, 0x8F, 0x0A, 0x04, 0x1F, 0x0F, 0x31, 0x3E, 0xD3, 0x30, 0x22,
	0x34, 0x23, 0x30, 0x4F, 0x85, 0x50, 0x19, 0x51, 0x84, 0x4E, 0xD3, 0x2F, 0x21, 0x19, 0x22, 0x30,
	0x4F, 0x84, 0x51, 0x36, 0x50, 0x85, 0x4F, 0x6C, 0x45, 0x82, 0x06, 0x0A, 0x00, 0x02, 0x00, 0x6E,
	0x00, 0x00, 0x04, 0x3B, 0x05, 0xBA, 0x00, 0x06, 0x00, 0x2E, 0x00, 0x74, 0xB5, 0x04, 0x01, 0x01,
	0x00, 0x01, 0x4C, 0x4B, 0xB0, 0x17, 0x50, 0x58, 0x40, 0x2B, 0x02, 0x01, 0x01, 0x00, 0x03, 0x00,
	0x01, 0x03, 0x80, 0x00, 0x05, 0x00, 0x08, 0x07, 0x05, 0x08, 0x67, 0x00, 0x00, 0x00, 0x11, 0x4D,
	0x00, 0x04, 0x04, 0x03, 0x5F, 0x00, 0x03, 0x03, 0x14, 0x4D, 0x00, 0x07, 0x07, 0x06, 0x5F, 0x00,
	0x06, 0x06, 0x12, 0x06, 0x4E, 0x1B, 0x40, 0x28, 0x00, 0x00, 0x01, 0x00, 0x85, 0x02, 0x01, 0x01,
	0x03, 0x01, 0x85, 0x00, 0x05, 0x00, 0x08, 0x07, 0x05, 0x08, 0x67, 0x00, 0x04, 0x04, 0x03, 0x5F,
	0x00, 0x03, 0x03, 0x14, 0x4D, 0x00, 0x07, 0x07, 0x06, 0x5F, 0x00, 0x06, 0x06, 0x12, 0x06, 0x4E,
	0x59, 0x40, 0x0C, 0x35, 0x21, 0x27, 0x35, 0x21, 0x24, 0x12, 0x11, 0x10, 0x09, 0x07, 0x1F, 0x2B,
	0x01, 0x33, 0x13, 0x23, 0x27, 0x07, 0x23, 0x03, 0x34, 0x36, 0x36, 0x33, 0x21, 0x15, 0x21, 0x22,
	0x06, 0x15, 0x15, 0x14, 0x16, 0x33, 0x21, 0x32, 0x16, 0x16, 0x15, 0x15, 0x14, 0x06, 0x06, 0x23,
	0x21, 0x35, 0x21, 0x32, 0x36, 0x35, 0x35, 0x34, 0x26, 0x23, 0x21, 0x22, 0x26, 0x26, 0x35, 0x02,
	0x07, 0x9B, 0xEA, 0x8D, 0xAB, 0xAA, 0x8D, 0xAF, 0x51, 0x87, 0x52, 0x02, 0x60, 0xFD, 0xA0, 0x24,
	0x33, 0x33, 0x24, 0x01, 0x7A, 0x52, 0x87, 0x50, 0x50, 0x87, 0x52, 0xFD, 0x8B, 0x02, 0x75, 0x24,
	0x33, 0x33, 0x24, 0xFE, 0x86, 0x52, 0x87, 0x51, 0x05, 0xBA, 0xFE, 0xCB, 0xAC, 0xAC, 0xFE, 0x64,
	0x51, 0x84, 0x4E, 0xD3, 0x2F, 0x21, 0x19, 0x22, 0x30, 0x4F, 0x84, 0x51, 0x36, 0x50, 0x85, 0x4F,
	0xD3, 0x30, 0x22, 0x34, 0x23, 0x30, 0x4F, 0x85, 0x50, 0x00, 0x00, 0x02, 0x00, 0x6E, 0x00, 0x00,
	0x04, 0x3B, 0x05, 0x63, 0x00, 0x0B, 0x00, 0x33, 0x00, 0x65, 0x4B, 0xB0, 0x17, 0x50, 0x58, 0x40,
	0x27, 0x00, 0x04, 0x00, 0x07, 0x06, 0x04, 0x07, 0x67, 0x00, 0x01, 0x01, 0x00, 0x61, 0x00, 0x00,
	0x00, 0x11, 0x4D, 0x00, 0x03, 0x03, 0x02, 0x5F, 0x00, 0x02, 0x02, 0x14, 0x4D, 0x00, 0x06, 0x06,
	0x05, 0x5F, 0x00, 0x05, 0x05, 0x12, 0x05, 0x4E, 0x1B, 0x40, 0x25, 0x00, 0x00, 0x00, 0x01, 0x02,
	0x00, 0x01, 0x69, 0x00, 0x04, 0x00, 0x07, 0x06, 0x04, 0x07, 0x67, 0x00, 0x03, 0x03, 0x02, 0x5F,
	0x00, 0x02, 0x02, 0x14, 0x4D, 0x00, 0x06, 0x06, 0x05, 0x5F, 0x00, 0x05, 0x05, 0x12, 0x05, 0x4E,
	0x59, 0x40, 0x0B, 0x35, 0x21, 0x27, 0x35, 0x21, 0x25, 0x24, 0x22, 0x08, 0x07, 0x1E, 0x2B, 0x01,
	0x34, 0x36, 0x33, 0x32, 0x16, 0x15, 0x14, 0x06, 0x23, 0x22, 0x26, 0x01, 0x34, 0x36, 0x36, 0x33,
	0x21, 0x15, 0x21, 0x22, 0x06, 0x15, 0x15, 0x14, 0x16, 0x33, 0x21, 0x32, 0x16, 0x16, 0x15, 0x15,
	0x14, 0x06, 0x06, 0x23, 0x21, 0x35, 0x21, 0x32, 0x36, 0x35, 0x35, 0x34, 0x26, 0x23, 0x21, 0x22,
	0x26, 0x26, 0x35, 0x01, 0xE5, 0x41, 0x2E, 0x2E, 0x40, 0x40, 0x2E, 0x2E, 0x41, 0xFE, 0x89, 0x51,
	0x87, 0x52, 0x02, 0x60, 0xFD, 0xA0, 0x24, 0x33, 0x33, 0x24, 0x01, 0x7A, 0x52, 0x87, 0x50, 0x50,
	0x87, 0x52, 0xFD, 0x8B, 0x02, 0x75, 0x24, 0x33, 0x33, 0x24, 0xFE, 0x86, 0x52, 0x87, 0x51, 0x04,
	0xF4, 0x2F, 0x40, 0x40, 0x2F, 0x2E, 0x40, 0x40, 0xFE, 0x23, 0x51, 0x84, 0x4E, 0xD3, 0x2F, 0x21,
	0x19, 0x22, 0x30, 0x4F, 0x84, 0x51, 0x36, 0x50, 0x85, 0x4F, 0xD3, 0x30, 0x22, 0x34, 0x23, 0x30,
	0x4F, 0x85, 0x50, 0x00, 0x00, 0x01, 0x00, 0x8C, 0x00, 0x00, 0x04, 0x3B, 0x05, 0x8E, 0x00, 0x2D,
	0x00, 0x31, 0x40, 0x2E, 0x0C, 0x01, 0x03, 0x04, 0x01, 0x4C, 0x00, 0x04, 0x00, 0x03, 0x02, 0x04,
	0x03, 0x67, 0x00, 0x05, 0x05, 0x00, 0x5F, 0x00, 0x00, 0x00, 0x11, 0x4D, 0x00, 0x02, 0x02, 0x01,
	0x5F, 0x06, 0x01, 0x01, 0x01, 0x12, 0x01, 0x4E, 0x13, 0x35, 0x21, 0x25, 0x21, 0x2C, 0x33, 0x07,
	0x07, 0x1D, 0x2B, 0x13, 0x34, 0x36, 0x36, 0x33, 0x33, 0x32, 0x16, 0x16, 0x15, 0x15, 0x14, 0x07,
	0x16, 0x15, 0x15, 0x14, 0x06, 0x06, 0x23, 0x21, 0x35, 0x21, 0x32, 0x36, 0x35, 0x35, 0x34, 0x26,
	0x23, 0x23, 0x35, 0x33, 0x32, 0x36, 0x35, 0x35, 0x34, 0x26, 0x23, 0x23, 0x22, 0x06, 0x15, 0x11,
	0x23, 0x8C, 0x60, 0xA1, 0x62, 0xCD, 0x62, 0xA0, 0x60, 0x69, 0x86, 0x60, 0xA1, 0x62, 0xFE, 0xF2,
	0x01, 0x03, 0x41, 0x5B, 0x5B, 0x4A, 0xFA, 0xF2, 0x3C, 0x54, 0x54, 0x3C, 0xCD, 0x3C, 0x55, 0xD2,
	0x04, 0x3F, 0x5D, 0x98, 0x5A, 0x5A, 0x98, 0x5D, 0x5D, 0x9C, 0x50, 0x4A, 0xBE, 0x9F, 0x5D, 0x98,
	0x5A, 0xD2, 0x49, 0x34, 0x9F, 0x41, 0x50, 0xD2, 0x55, 0x3C, 0x5D, 0x34, 0x49, 0x49, 0x34, 0xFB,
	0xC1, 0x00, 0x00, 0x01, 0x00, 0x46, 0x00, 0x00, 0x02, 0xDF, 0x05, 0x8E, 0x00, 0x14, 0x00, 0x29,
	0x40, 0x26, 0x00, 0x01, 0x01, 0x11, 0x4D, 0x06, 0x01, 0x03, 0x03, 0x00, 0x5F, 0x02, 0x01, 0x00,
	0x00, 0x14, 0x4D, 0x00, 0x04, 0x04, 0x05, 0x5F, 0x00, 0x05, 0x05, 0x12, 0x05, 0x4E, 0x14, 0x21,
	0x23, 0x11, 0x11, 0x11, 0x10, 0x07, 0x07, 0x1D, 0x2B, 0x13, 0x33, 0x11, 0x33, 0x11, 0x21, 0x15,
	0x21, 0x11, 0x14, 0x16, 0x33, 0x33, 0x15, 0x23, 0x22, 0x26, 0x26, 0x35, 0x11, 0x23, 0x46, 0x87,
	0xD3, 0x01, 0x3F, 0xFE, 0xC1, 0x35, 0x25, 0xE5, 0xE8, 0x52, 0x87, 0x51, 0x87, 0x04, 0x0C, 0x01,
	0x82, 0xFE, 0x7E, 0xD3, 0xFD, 0xED, 0x22, 0x31, 0xD3, 0x4F, 0x85, 0x51, 0x02, 0x14, 0x00, 0x01,
	0x00, 0x64, 0x00, 0x00, 0x02, 0xFE, 0x05, 0x8E, 0x00, 0x1C, 0x00, 0x39, 0x40, 0x36, 0x09, 0x01,
	0x04, 0x08, 0x01, 0x05, 0x06, 0x04, 0x05, 0x67, 0x00, 0x01, 0x01, 0x11, 0x4D, 0x0A, 0x01, 0x03,
	0x03, 0x00, 0x5F, 0x02, 0x01, 0x00, 0x00, 0x14, 0x4D, 0x00, 0x06, 0x06, 0x07, 0x5F, 0x00, 0x07,
	0x07, 0x12, 0x07, 0x4E, 0x1C, 0x1B, 0x1A, 0x19, 0x14, 0x21, 0x23, 0x11, 0x11, 0x11, 0x11, 0x11,
	0x10, 0x0B, 0x07, 0x1F, 0x2B, 0x13, 0x33, 0x11, 0x33, 0x11, 0x21, 0x15, 0x21, 0x15, 0x21, 0x15,
	0x21, 0x15, 0x14, 0x16, 0x33, 0x33, 0x15, 0x23, 0x22, 0x26, 0x26, 0x35, 0x35, 0x23, 0x35, 0x33,
	0x35, 0x23, 0x64, 0x87, 0xD3, 0x01, 0x3F, 0xFE, 0xC1, 0x01, 0x40, 0xFE, 0xC0, 0x35, 0x25, 0xE5,
	0xE8, 0x52, 0x87, 0x51, 0x86, 0x86, 0x87, 0x04, 0x0C, 0x01, 0x82, 0xFE, 0x7E, 0xD3, 0x81, 0xD4,
	0xBE, 0x22, 0x31, 0xD3, 0x4F, 0x85, 0x51, 0xBF, 0xD4, 0x81, 0x00, 0x02, 0x00, 0x46, 0x00, 0x00,
	0x04, 0xCE, 0x05, 0x8E, 0x00, 0x03, 0x00, 0x18, 0x00, 0x34, 0x40, 0x31, 0x03, 0x01, 0x02, 0x00,
	0x01, 0x02, 0x01, 0x03, 0x00, 0x02, 0x4C, 0x00, 0x01, 0x01, 0x11, 0x4D, 0x06, 0x01, 0x03, 0x03,
	0x00, 0x5F, 0x02, 0x01, 0x00, 0x00, 0x14, 0x4D, 0x00, 0x04, 0x04, 0x05, 0x5F, 0x00, 0x05, 0x05,
	0x12, 0x05, 0x4E, 0x14, 0x21, 0x23, 0x11, 0x11, 0x11, 0x14, 0x07, 0x07, 0x1D, 0x2B, 0x01, 0x17,
	0x03, 0x27, 0x05, 0x33, 0x11, 0x33, 0x11, 0x21, 0x15, 0x21, 0x11, 0x14, 0x16, 0x33, 0x33, 0x15,
	0x23, 0x22, 0x26, 0x26, 0x35, 0x11, 0x23, 0x04, 0x17, 0xB7, 0xC6, 0x72, 0xFC, 0xB0, 0x87, 0xD3,
	0x01, 0x3F, 0xFE, 0xC1, 0x35, 0x25, 0xE5, 0xE8, 0x52, 0x87, 0x51, 0x87, 0x05, 0x8E, 0x58, 0xFE,
	0xB2, 0x35, 0x11, 0x01, 0x82, 0xFE, 0x7E, 0xD3, 0xFD, 0xED, 0x22, 0x31, 0xD3, 0x4F, 0x85, 0x51,
	0x02, 0x14, 0x00, 0x02, 0x00, 0x46, 0x00, 0x00, 0x02, 0xDF, 0x06, 0xE5, 0x00, 0x0B, 0x00, 0x20,
	0x00, 0x33, 0x40, 0x30, 0x00, 0x00, 0x00, 0x01, 0x03, 0x00, 0x01, 0x69, 0x00, 0x03, 0x03, 0x11,
	0x4D, 0x08, 0x01, 0x05, 0x05, 0x02, 0x5F, 0x04, 0x01, 0x02, 0x02, 0x14, 0x4D, 0x00, 0x06, 0x06,
	0x07, 0x5F, 0x00, 0x07, 0x07, 0x12, 0x07, 0x4E, 0x14, 0x21, 0x23, 0x11, 0x11, 0x11, 0x12, 0x24,
	0x22, 0x09, 0x07, 0x1F, 0x2B, 0x13, 0x34, 0x36, 0x33, 0x32, 0x16, 0x15, 0x14, 0x06, 0x23, 0x22,
	0x26, 0x03, 0x33, 0x11, 0x33, 0x11, 0x21, 0x15, 0x21, 0x11, 0x14, 0x16, 0x33, 0x33, 0x15, 0x23,
	0x22, 0x26, 0x26, 0x35, 0x11, 0x23, 0xC8, 0x41, 0x2E, 0x2E, 0x40, 0x40, 0x2E, 0x2E, 0x41, 0x82,
	0x87, 0xD3, 0x01, 0x3F, 0xFE, 0xC1, 0x35, 0x25, 0xE5, 0xE8, 0x52, 0x87, 0x51, 0x87, 0x06, 0x76,
	0x2F, 0x40, 0x40, 0x2F, 0x2E, 0x40, 0x40, 0xFD, 0xC4, 0x01, 0x82, 0xFE, 0x7E, 0xD3, 0xFD, 0xED,
	0x22, 0x31, 0xD3, 0x4F, 0x85, 0x51, 0x02, 0x14, 0x00, 0x01, 0x00, 0x78, 0x00, 0x00, 0x04, 0x30,
	0x04, 0x0C, 0x00, 0x11, 0x00, 0x1B, 0x40, 0x18, 0x02, 0x01, 0x00, 0x00, 0x14, 0x4D, 0x00, 0x01,
	0x01, 0x03, 0x60, 0x00, 0x03, 0x03, 0x12, 0x03, 0x4E, 0x33, 0x11, 0x23, 0x10, 0x04, 0x07, 0x1A,
	0x2B, 0x13, 0x33, 0x11, 0x14, 0x16, 0x33, 0x21, 0x11, 0x33, 0x11, 0x14, 0x06, 0x23, 0x21, 0x22,
	0x26, 0x26, 0x35, 0x78, 0xD3, 0x60, 0x43, 0x01, 0x6F, 0xD3, 0x7C, 0x59, 0xFE, 0x93, 0x67, 0xAA,
	0x65, 0x04, 0x0C, 0xFD, 0x6D, 0x46, 0x62, 0x03, 0x3B, 0xFC, 0xC6, 0x57, 0x7B, 0x65, 0xAA, 0x67,
	0x00, 0x02, 0x00, 0x78, 0x00, 0x00, 0x04, 0x30, 0x06, 0x2C, 0x00, 0x03, 0x00, 0x15, 0x00, 0x21,
	0x40, 0x1E, 0x03, 0x02, 0x01, 0x03, 0x00, 0x4A, 0x02, 0x01, 0x00, 0x00, 0x14, 0x4D, 0x00, 0x01,
	0x01, 0x03, 0x60, 0x00, 0x03, 0x03, 0x12, 0x03, 0x4E, 0x33, 0x11, 0x23, 0x14, 0x04, 0x07, 0x1A,
	0x2B, 0x01, 0x17, 0x03, 0x27, 0x05, 0x33, 0x11, 0x14, 0x16, 0x33, 0x21, 0x11, 0x33, 0x11, 0x14,
	0x06, 0x23, 0x21, 0x22, 0x26, 0x26, 0x35, 0x02, 0x63, 0xB7, 0xC6, 0x72, 0xFE, 0x96, 0xD3, 0x60,
	0x43, 0x01, 0x6F, 0xD3, 0x7C, 0x59, 0xFE, 0x93, 0x67, 0xAA, 0x65, 0x06, 0x2C, 0x58, 0xFE, 0xB2,
	0x35, 0xAF, 0xFD, 0x6D, 0x46, 0x62, 0x03, 0x3B, 0xFC, 0xC6, 0x57, 0x7B, 0x65, 0xAA, 0x67, 0x00,
	0x00, 0x02, 0x00, 0x78, 0x00, 0x00, 0x04, 0x30, 0x05, 0xB2, 0x00, 0x0F, 0x00, 0x21, 0x00, 0x62,
	0x4B, 0xB0, 0x1D, 0x50, 0x58, 0x40, 0x20, 0x00, 0x00, 0x00, 0x02, 0x04, 0x00, 0x02, 0x69, 0x08,
	0x03, 0x02, 0x01, 0x01, 0x11, 0x4D, 0x06, 0x01, 0x04, 0x04, 0x14, 0x4D, 0x00, 0x05, 0x05, 0x07,
	0x60, 0x00, 0x07, 0x07, 0x12, 0x07, 0x4E, 0x1B, 0x40, 0x20, 0x08, 0x03, 0x02, 0x01, 0x00, 0x01,
	0x85, 0x00, 0x00, 0x00, 0x02, 0x04, 0x00, 0x02, 0x69, 0x06, 0x01, 0x04, 0x04, 0x14, 0x4D, 0x00,
	0x05, 0x05, 0x07, 0x60, 0x00, 0x07, 0x07, 0x12, 0x07, 0x4E, 0x59, 0x40, 0x14, 0x00, 0x00, 0x1E,
	0x1B, 0x18, 0x17, 0x16, 0x14, 0x11, 0x10, 0x00, 0x0F, 0x00, 0x0F, 0x23, 0x12, 0x22, 0x09, 0x07,
	0x19, 0x2B, 0x01, 0x14, 0x16, 0x33, 0x32, 0x36, 0x35, 0x33, 0x14, 0x06, 0x06, 0x23, 0x22, 0x26,
	0x26, 0x35, 0x03, 0x33, 0x11, 0x14, 0x16, 0x33, 0x21, 0x11, 0x33, 0x11, 0x14, 0x06, 0x23, 0x21,
	0x22, 0x26, 0x26, 0x35, 0x01, 0xB0, 0x61, 0x43, 0x44, 0x60, 0x86, 0x51, 0x87, 0x52, 0x52, 0x87,
	0x51, 0xB2, 0xD3, 0x60, 0x43, 0x01, 0x6F, 0xD3, 0x7C, 0x59, 0xFE, 0x93, 0x67, 0xAA, 0x65, 0x05,
	0xB2, 0x43, 0x61, 0x61, 0x43, 0x52, 0x87, 0x51, 0x51, 0x87, 0x52, 0xFE, 0x5A, 0xFD, 0x6D, 0x46,
	0x62, 0x03, 0x3B, 0xFC, 0xC6, 0x57, 0x7B, 0x65, 0xAA, 0x67, 0x00, 0x02, 0x00, 0x78, 0x00, 0x00,
	0x04, 0x30, 0x05, 0xBA, 0x00, 0x06, 0x00, 0x18, 0x00, 0x5A, 0xB5, 0x04, 0x01, 0x01, 0x00, 0x01,
	0x4C, 0x4B, 0xB0, 0x17, 0x50, 0x58, 0x40, 0x1F, 0x02, 0x01, 0x01, 0x00, 0x03, 0x00, 0x01, 0x03,
	0x80, 0x00, 0x00, 0x00, 0x11, 0x4D, 0x05, 0x01, 0x03, 0x03, 0x14, 0x4D, 0x00, 0x04, 0x04, 0x06,
	0x60, 0x00, 0x06, 0x06, 0x12, 0x06, 0x4E, 0x1B, 0x40, 0x1C, 0x00, 0x00, 0x01, 0x00, 0x85, 0x02,
	0x01, 0x01, 0x03, 0x01, 0x85, 0x05, 0x01, 0x03, 0x03, 0x14, 0x4D, 0x00, 0x04, 0x04, 0x06, 0x60,
	0x00, 0x06, 0x06, 0x12, 0x06, 0x4E, 0x59, 0x40, 0x0A, 0x33, 0x11, 0x23, 0x11, 0x12, 0x11, 0x10,
	0x07, 0x07, 0x1D, 0x2B, 0x01, 0x33, 0x13, 0x23, 0x27, 0x07, 0x23, 0x07, 0x33, 0x11, 0x14, 0x16,
	0x33, 0x21, 0x11, 0x33, 0x11, 0x14, 0x06, 0x23, 0x21, 0x22, 0x26, 0x26, 0x35, 0x02, 0x07, 0x9B,
	0xEA, 0x8D, 0xAB, 0xAA, 0x8D, 0xA5, 0xD3, 0x60, 0x43, 0x01, 0x6F, 0xD3, 0x7C, 0x59, 0xFE, 0x93,
	0x67, 0xAA, 0x65, 0x05, 0xBA, 0xFE, 0xCB, 0xAC, 0xAC, 0x79, 0xFD, 0x6D, 0x46, 0x62, 0x03, 0x3B,
	0xFC, 0xC6, 0x57, 0x7B, 0x65, 0xAA, 0x67, 0x00, 0x00, 0x03, 0x00, 0x78, 0x00, 0x00, 0x04, 0x30,
	0x05, 0x64, 0x00, 0x0B, 0x00, 0x17, 0x00, 0x29, 0x00, 0x51, 0x4B, 0xB0, 0x19, 0x50, 0x58, 0x40,
	0x1D, 0x03, 0x01, 0x01, 0x01, 0x00, 0x61, 0x02, 0x01, 0x00, 0x00, 0x11, 0x4D, 0x06, 0x01, 0x04,
	0x04, 0x14, 0x4D, 0x00, 0x05, 0x05, 0x07, 0x60, 0x00, 0x07, 0x07, 0x12, 0x07, 0x4E, 0x1B, 0x40,
	0x1B, 0x02, 0x01, 0x00, 0x03, 0x01, 0x01, 0x04, 0x00, 0x01, 0x69, 0x06, 0x01, 0x04, 0x04, 0x14,
	0x4D, 0x00, 0x05, 0x05, 0x07, 0x60, 0x00, 0x07, 0x07, 0x12, 0x07, 0x4E, 0x59, 0x40, 0x0B, 0x33,
	0x11, 0x23, 0x12, 0x24, 0x24, 0x24, 0x22, 0x08, 0x07, 0x1E, 0x2B, 0x01, 0x34, 0x36, 0x33, 0x32,
	0x16, 0x15, 0x14, 0x06, 0x23, 0x22, 0x26, 0x25, 0x34, 0x36, 0x33, 0x32, 0x16, 0x15, 0x14, 0x06,
	0x23, 0x22, 0x26, 0x05, 0x33, 0x11, 0x14, 0x16, 0x33, 0x21, 0x11, 0x33, 0x11, 0x14, 0x06, 0x23,
	0x21, 0x22, 0x26, 0x26, 0x35, 0x01, 0x3C, 0x40, 0x2E, 0x2F, 0x40, 0x40, 0x2F, 0x2E, 0x40, 0x01,
	0x54, 0x40, 0x2E, 0x2F, 0x40, 0x40, 0x2F, 0x2E, 0x40, 0xFD, 0xE8, 0xD3, 0x60, 0x43, 0x01, 0x6F,
	0xD3, 0x7C, 0x59, 0xFE, 0x93, 0x67, 0xAA, 0x65, 0x04, 0xF5, 0x2F, 0x40, 0x40, 0x2F, 0x2E, 0x40,
	0x40, 0x2E, 0x2F, 0x40, 0x40, 0x2F, 0x2E, 0x40, 0x40, 0xBB, 0xFD, 0x6D, 0x46, 0x62, 0x03, 0x3B,
	0xFC, 0xC6, 0x57, 0x7B, 0x65, 0xAA, 0x67, 0x00, 0x00, 0x02, 0x00, 0x78, 0x00, 0x00, 0x04, 0x30,
	0x06, 0x2C, 0x00, 0x03, 0x00, 0x15, 0x00, 0x21, 0x40, 0x1E, 0x03, 0x02, 0x01, 0x03, 0x00, 0x4A,
	0x02, 0x01, 0x00, 0x00, 0x14, 0x4D, 0x00, 0x01, 0x01, 0x03, 0x60, 0x00, 0x03, 0x03, 0x12, 0x03,
	0x4E, 0x33, 0x11, 0x23, 0x14, 0x04, 0x07, 0x1A, 0x2B, 0x01, 0x13, 0x07, 0x03, 0x01, 0x33, 0x11,
	0x14, 0x16, 0x33, 0x21, 0x11, 0x33, 0x11, 0x14, 0x06, 0x23, 0x21, 0x22, 0x26, 0x26, 0x35, 0x02,
	0x45, 0x81, 0x72, 0xC6, 0xFE, 0xEA, 0xD3, 0x60, 0x43, 0x01, 0x6F, 0xD3, 0x7C, 0x59, 0xFE, 0x93,
	0x67, 0xAA, 0x65, 0x06, 0x2C, 0xFE, 0x8F, 0x35, 0x01, 0x4E, 0xFE, 0x38, 0xFD, 0x6D, 0x46, 0x62,
	0x03, 0x3B, 0xFC, 0xC6, 0x57, 0x7B, 0x65, 0xAA, 0x67, 0x00, 0x00, 0x03, 0x00, 0x78, 0x00, 0x00,
	0x04, 0x30, 0x06, 0x2C, 0x00, 0x03, 0x00, 0x07, 0x00, 0x19, 0x00, 0x24, 0x40, 0x21, 0x07, 0x06,
	0x05, 0x03, 0x02, 0x01, 0x06, 0x00, 0x4A, 0x02, 0x01, 0x00, 0x00, 0x14, 0x4D, 0x00, 0x01, 0x01,
	0x03, 0x60, 0x00, 0x03, 0x03, 0x12, 0x03, 0x4E, 0x33, 0x11, 0x23, 0x18, 0x04, 0x07, 0x1A, 0x2B,
	0x01, 0x17, 0x03, 0x27, 0x01, 0x17, 0x03, 0x27, 0x05, 0x33, 0x11, 0x14, 0x16, 0x33, 0x21, 0x11,
	0x33, 0x11, 0x14, 0x06, 0x23, 0x21, 0x22, 0x26, 0x26, 0x35, 0x01, 0xA5, 0xB7, 0xC6, 0x72, 0x01,
	0xFD, 0xB7, 0xC6, 0x72, 0xFD, 0xD8, 0xD3, 0x60, 0x43, 0x01, 0x6F, 0xD3, 0x7C, 0x59, 0xFE, 0x93,
	0x67, 0xAA, 0x65, 0x06, 0x2C, 0x58, 0xFE, 0xB2, 0x35, 0x01, 0x71, 0x58, 0xFE, 0xB2, 0x35, 0xAF,
	0xFD, 0x6D, 0x46, 0x62, 0x03, 0x3B, 0xFC, 0xC6, 0x57, 0x7B, 0x65, 0xAA, 0x67, 0x00, 0x00, 0x02,
	0x00, 0x78, 0x00, 0x00, 0x04, 0x30, 0x05, 0x19, 0x00, 0x03, 0x00, 0x15, 0x00, 0x25, 0x40, 0x22,
	0x00, 0x00, 0x00, 0x01, 0x02, 0x00, 0x01, 0x67, 0x04, 0x01, 0x02, 0x02, 0x14, 0x4D, 0x00, 0x03,
	0x03, 0x05, 0x60, 0x00, 0x05, 0x05, 0x12, 0x05, 0x4E, 0x33, 0x11, 0x23, 0x11, 0x11, 0x10, 0x06,
	0x07, 0x1C, 0x2B, 0x01, 0x21, 0x15, 0x21, 0x07, 0x33, 0x11, 0x14, 0x16, 0x33, 0x21, 0x11, 0x33,
	0x11, 0x14, 0x06, 0x23, 0x21, 0x22, 0x26, 0x26, 0x35, 0x01, 0x29, 0x02, 0x55, 0xFD, 0xAB, 0xB1,
	0xD3, 0x60, 0x43, 0x01, 0x6F, 0xD3, 0x7C, 0x59, 0xFE, 0x93, 0x67, 0xAA, 0x65, 0x05, 0x19, 0x93,
	0x7A, 0xFD, 0x6D, 0x46, 0x62, 0x03, 0x3B, 0xFC, 0xC6, 0x57, 0x7B, 0x65, 0xAA, 0x67, 0x00, 0x02,
	0x00, 0x6E, 0xFE, 0x7E, 0x04, 0x26, 0x06, 0x2C, 0x00, 0x03, 0x00, 0x27, 0x00, 0x31, 0x40, 0x2E,
	0x03, 0x02, 0x01, 0x03, 0x00, 0x4A, 0x00, 0x03, 0x03, 0x00, 0x5F, 0x00, 0x00, 0x00, 0x14, 0x4D,
	0x00, 0x04, 0x04, 0x05, 0x5F, 0x00, 0x05, 0x05, 0x12, 0x4D, 0x00, 0x02, 0x02, 0x01, 0x5F, 0x00,
	0x01, 0x01, 0x16, 0x01, 0x4E, 0x21, 0x25, 0x23, 0x21, 0x26, 0x37, 0x06, 0x07, 0x1C, 0x2B, 0x01,
	0x17, 0x03, 0x27, 0x01, 0x34, 0x36, 0x36, 0x33, 0x21, 0x32, 0x16, 0x15, 0x11, 0x14, 0x06, 0x06,
	0x23, 0x21, 0x35, 0x21, 0x32, 0x36, 0x35, 0x11, 0x21, 0x22, 0x06, 0x15, 0x11, 0x14, 0x16, 0x33,
	0x33, 0x15, 0x23, 0x22, 0x26, 0x26, 0x35, 0x02, 0x74, 0x72, 0x81, 0xB7, 0xFE, 0xC0, 0x65, 0xAA,
	0x67, 0x01, 0x6F, 0x57, 0x7C, 0x65, 0xAA, 0x67, 0xFE, 0x01, 0x01, 0xFC, 0x45, 0x61, 0xFE, 0x91,
	0x43, 0x60, 0x60, 0x43, 0xF7, 0xF7, 0x67, 0xAA, 0x65, 0x06, 0x2C, 0x35, 0xFE, 0x8F, 0x58, 0xFD,
	0xBA, 0x67, 0xA8, 0x65, 0x7C, 0x57, 0xFC, 0xBB, 0x67, 0xAA, 0x65, 0xD3, 0x5F, 0x43, 0x03, 0x46,
	0x5F, 0x44, 0xFE, 0xE1, 0x43, 0x61, 0xD3, 0x65, 0xA9, 0x67, 0x00, 0x02, 0x00, 0x78, 0xFD, 0xEA,
	0x04, 0x45, 0x05, 0x8E, 0x00, 0x0C, 0x00, 0x10, 0x00, 0x34, 0x40, 0x31, 0x06, 0x01, 0x04, 0x01,
	0x01, 0x4C, 0x00, 0x01, 0x00, 0x04, 0x03, 0x01, 0x04, 0x67, 0x00, 0x06, 0x00, 0x07, 0x06, 0x07,
	0x63, 0x00, 0x00, 0x00, 0x11, 0x4D, 0x00, 0x02, 0x02, 0x14, 0x4D, 0x05, 0x01, 0x03, 0x03, 0x12,
	0x03, 0x4E, 0x11, 0x11, 0x11, 0x11, 0x12, 0x11, 0x11, 0x10, 0x08, 0x07, 0x1E, 0x2B, 0x13, 0x33,
	0x11, 0x33, 0x01, 0x21, 0x01, 0x01, 0x21, 0x01, 0x23, 0x11, 0x23, 0x05, 0x33, 0x03, 0x23, 0x78,
	0xD3, 0x47, 0x01, 0x77, 0x01, 0x12, 0xFE, 0x27, 0x02, 0x03, 0xFE, 0xD9, 0xFE, 0x61, 0x34, 0xD3,
	0x01, 0x50, 0xD4, 0x81, 0x9E, 0x05, 0x8E, 0xFC, 0xF1, 0x01, 0x8D, 0xFE, 0x0A, 0xFD, 0xEA, 0x01,
	0xAC, 0xFE, 0x54, 0x78, 0xFE, 0x62, 0x00, 0x02, 0x00, 0x51, 0xFD, 0xEA, 0x01, 0x70, 0x05, 0x8E,
	0x00, 0x03, 0x00, 0x07, 0x00, 0x1C, 0x40, 0x19, 0x00, 0x02, 0x00, 0x03, 0x02, 0x03, 0x63, 0x00,
	0x00, 0x00, 0x11, 0x4D, 0x00, 0x01, 0x01, 0x12, 0x01, 0x4E, 0x11, 0x11, 0x11, 0x10, 0x04, 0x07,
	0x1A, 0x2B, 0x13, 0x33, 0x11, 0x23, 0x17, 0x33, 0x03, 0x23, 0x78, 0xD3, 0xD3, 0x24, 0xD4, 0x81,
	0x9E, 0x05, 0x8E, 0xFA, 0x72, 0x78, 0xFE, 0x62, 0x00, 0x02, 0x00, 0x78, 0xFD, 0xEA, 0x04, 0x30,
	0x04, 0x0C, 0x00, 0x11, 0x00, 0x15, 0x00, 0x24, 0x40, 0x21, 0x00, 0x04, 0x00, 0x05, 0x04, 0x05,
	0x63, 0x00, 0x02, 0x02, 0x00, 0x5F, 0x00, 0x00, 0x00, 0x14, 0x4D, 0x03, 0x01, 0x01, 0x01, 0x12,
	0x01, 0x4E, 0x11, 0x11, 0x11, 0x23, 0x14, 0x32, 0x06, 0x07, 0x1C, 0x2B, 0x13, 0x34, 0x36, 0x33,
	0x21, 0x32, 0x16, 0x16, 0x15, 0x11, 0x23, 0x11, 0x34, 0x26, 0x23, 0x21, 0x11, 0x23, 0x05, 0x33,
	0x03, 0x23, 0x78, 0x7D, 0x58, 0x01, 0x6D, 0x67, 0xAA, 0x65, 0xD3, 0x5F, 0x44, 0xFE, 0x91, 0xD3,
	0x01, 0x97, 0xD4, 0x81, 0x9E, 0x03, 0x3A, 0x57, 0x7B, 0x65, 0xAA, 0x67, 0xFD, 0x6A, 0x02, 0x93,
	0x46, 0x62, 0xFC, 0xC5, 0x78, 0xFE, 0x62, 0x00, 0x00, 0x02, 0x00, 0x52, 0xFD, 0xEA, 0x02, 0x89,
	0x04, 0x0C, 0x00, 0x0C, 0x00, 0x10, 0x00, 0x22, 0x40, 0x1F, 0x00, 0x03, 0x00, 0x04, 0x03, 0x04,
	0x63, 0x00, 0x01, 0x01, 0x00, 0x5F, 0x00, 0x00, 0x00, 0x14, 0x4D, 0x00, 0x02, 0x02, 0x12, 0x02,
	0x4E, 0x11, 0x11, 0x13, 0x21, 0x23, 0x05, 0x07, 0x1B, 0x2B, 0x13, 0x34, 0x36, 0x36, 0x33, 0x33,
	0x15, 0x23, 0x22, 0x06, 0x15, 0x11, 0x23, 0x17, 0x33, 0x03, 0x23, 0x78, 0x51, 0x87, 0x52, 0xE7,
	0xE7, 0x24, 0x33, 0xD3, 0x25, 0xD4, 0x81, 0x9E, 0x02, 0xEA, 0x50, 0x84, 0x4E, 0xD2, 0x31, 0x23,
	0xFD, 0x1A, 0x78, 0xFE, 0x62, 0x00, 0x00, 0x01, 0x00, 0x46, 0xFE, 0xCD, 0x02, 0xDF, 0x05, 0x8E,
	0x00, 0x24, 0x00, 0x40, 0x40, 0x3D, 0x05, 0x00, 0x02, 0x00, 0x01, 0x24, 0x01, 0x09, 0x00, 0x02,
	0x4C, 0x00, 0x00, 0x00, 0x09, 0x00, 0x09, 0x65, 0x00, 0x04, 0x04, 0x11, 0x4D, 0x06, 0x01, 0x02,
	0x02, 0x03, 0x5F, 0x05, 0x01, 0x03, 0x03, 0x14, 0x4D, 0x00, 0x07, 0x07, 0x01, 0x61, 0x08, 0x01,
	0x01, 0x01, 0x12, 0x01, 0x4E, 0x22, 0x20, 0x11, 0x23, 0x11, 0x11, 0x11, 0x11, 0x14, 0x14, 0x22,
	0x0A, 0x07, 0x1F, 0x2B, 0x05, 0x16, 0x16, 0x33, 0x32, 0x35, 0x34, 0x26, 0x27, 0x2E, 0x02, 0x35,
	0x11, 0x23, 0x35, 0x33, 0x11, 0x33, 0x11, 0x21, 0x15, 0x21, 0x11, 0x14, 0x16, 0x33, 0x33, 0x15,
	0x23, 0x16, 0x15, 0x14, 0x23, 0x22, 0x26, 0x27, 0x01, 0x6F, 0x3E, 0x23, 0x0D, 0x29, 0x0F, 0x16,
	0x4D, 0x7D, 0x4A, 0x87, 0x87, 0xD3, 0x01, 0x3F, 0xFE, 0xC1, 0x35, 0x25, 0xE5, 0x6A, 0x28, 0x98,
	0x19, 0x3B, 0x42, 0x8F, 0x0A, 0x04, 0x1F, 0x0F, 0x31, 0x3F, 0x05, 0x51, 0x81, 0x4D, 0x02, 0x14,
	0xD3, 0x01, 0x82, 0xFE, 0x7E, 0xD3, 0xFD, 0xED, 0x22, 0x31, 0xD3, 0x6C, 0x45, 0x82, 0x06, 0x0A,
	0x00, 0x01, 0x00, 0x6E, 0xFE, 0x68, 0x04, 0x3B, 0x04, 0x0C, 0x00, 0x2B, 0x00, 0x5F, 0x4B, 0xB0,
	0x2F, 0x50, 0x58, 0x40, 0x23, 0x00, 0x02, 0x00, 0x07, 0x06, 0x02, 0x07, 0x67, 0x00, 0x01, 0x01,
	0x00, 0x5F, 0x00, 0x00, 0x00, 0x14, 0x4D, 0x00, 0x06, 0x06, 0x03, 0x61, 0x05, 0x01, 0x03, 0x03,
	0x12, 0x4D, 0x00, 0x04, 0x04, 0x16, 0x04, 0x4E, 0x1B, 0x40, 0x23, 0x00, 0x04, 0x03, 0x04, 0x86,
	0x00, 0x02, 0x00, 0x07, 0x06, 0x02, 0x07, 0x67, 0x00, 0x01, 0x01, 0x00, 0x5F, 0x00, 0x00, 0x00,
	0x14, 0x4D, 0x00, 0x06, 0x06, 0x03, 0x61, 0x05, 0x01, 0x03, 0x03, 0x12, 0x03, 0x4E, 0x59, 0x40,
	0x0B, 0x35, 0x21, 0x11, 0x11, 0x27, 0x35, 0x21, 0x23, 0x08, 0x07, 0x1E, 0x2B, 0x13, 0x34, 0x36,
	0x36, 0x33, 0x21, 0x15, 0x21, 0x22, 0x06, 0x15, 0x15, 0x14, 0x16, 0x33, 0x21, 0x32, 0x16, 0x16,
	0x15, 0x15, 0x14, 0x06, 0x06, 0x23, 0x23, 0x03, 0x23, 0x13, 0x21, 0x35, 0x21, 0x32, 0x36, 0x35,
	0x35, 0x34, 0x26, 0x23, 0x21, 0x22, 0x26, 0x26, 0x35, 0x6E, 0x51, 0x87, 0x52, 0x02, 0x60, 0xFD,
	0xA0, 0x24, 0x33, 0x33, 0x24, 0x01, 0x7A, 0x52, 0x87, 0x50, 0x50, 0x87, 0x52, 0x56, 0x7F, 0x9E,
	0x4A, 0xFE, 0xB4, 0x02, 0x75, 0x24, 0x33, 0x33, 0x24, 0xFE, 0x86, 0x52, 0x87, 0x51, 0x02, 0xE9,
	0x51, 0x84, 0x4E, 0xD3, 0x2F, 0x21, 0x19, 0x22, 0x30, 0x4F, 0x84, 0x51, 0x36, 0x50, 0x85, 0x4F,
	0xFE, 0x68, 0x01, 0x98, 0xD3, 0x30, 0x22, 0x34, 0x23, 0x30, 0x4F, 0x85, 0x50, 0x00, 0x00, 0x01,
	0x00, 0x46, 0xFE, 0x68, 0x02, 0xDF, 0x05, 0x8E, 0x00, 0x16, 0x00, 0x62, 0xB5, 0x11, 0x01, 0x05,
	0x04, 0x01, 0x4C, 0x4B, 0xB0, 0x2F, 0x50, 0x58, 0x40, 0x21, 0x00, 0x01, 0x01, 0x11, 0x4D, 0x07,
	0x01, 0x03, 0x03, 0x00, 0x5F, 0x02, 0x01, 0x00, 0x00, 0x14, 0x4D, 0x00, 0x04, 0x04, 0x05, 0x60,
	0x00, 0x05, 0x05, 0x12, 0x4D, 0x00, 0x06, 0x06, 0x16, 0x06, 0x4E, 0x1B, 0x40, 0x21, 0x00, 0x06,
	0x05, 0x06, 0x86, 0x00, 0x01, 0x01, 0x11, 0x4D, 0x07, 0x01, 0x03, 0x03, 0x00, 0x5F, 0x02, 0x01,
	0x00, 0x00, 0x14, 0x4D, 0x00, 0x04, 0x04, 0x05, 0x60, 0x00, 0x05, 0x05, 0x12, 0x05, 0x4E, 0x59,
	0x40, 0x0B, 0x15, 0x11, 0x11, 0x23, 0x11, 0x11, 0x11, 0x10, 0x08, 0x07, 0x1E, 0x2B, 0x13, 0x33,
	0x11, 0x33, 0x11, 0x21, 0x15, 0x21, 0x11, 0x14, 0x16, 0x33, 0x33, 0x15, 0x23, 0x03, 0x23, 0x13,
	0x26, 0x26, 0x35, 0x11, 0x23, 0x46, 0x87, 0xD3, 0x01, 0x3F, 0xFE, 0xC1, 0x35, 0x25, 0xE5, 0x4D,
	0x7F, 0x9E, 0x4B, 0x68, 0x8B, 0x87, 0x04, 0x0C, 0x01, 0x82, 0xFE, 0x7E, 0xD3, 0xFD, 0xED, 0x22,
	0x31, 0xD3, 0xFE, 0x68, 0x01, 0x9D, 0x13, 0xA1, 0x6C, 0x02, 0x14, 0x00, 0x00, 0x02, 0x00, 0x78,
	0x00, 0x00, 0x02, 0x8D, 0x06, 0xE5, 0x00, 0x0B, 0x00, 0x1C, 0x00, 0x2F, 0x40, 0x2C, 0x00, 0x00,
	0x00, 0x01, 0x02, 0x00, 0x01, 0x69, 0x00, 0x03, 0x03, 0x02, 0x5F, 0x00, 0x02, 0x02, 0x11, 0x4D,
	0x00, 0x05, 0x05, 0x04, 0x5F, 0x00, 0x04, 0x04, 0x14, 0x4D, 0x00, 0x06, 0x06, 0x12, 0x06, 0x4E,
	0x11, 0x11, 0x13, 0x21, 0x25, 0x24, 0x22, 0x07, 0x07, 0x1D, 0x2B, 0x13, 0x34, 0x36, 0x33, 0x32,
	0x16, 0x15, 0x14, 0x06, 0x23, 0x22, 0x26, 0x03, 0x34, 0x36, 0x36, 0x33, 0x33, 0x15, 0x23, 0x22,
	0x06, 0x15, 0x15, 0x21, 0x15, 0x21, 0x11, 0x23, 0xF9, 0x41, 0x2E, 0x2E, 0x40, 0x40, 0x2E, 0x2E,
	0x41, 0x81, 0x51, 0x87, 0x52, 0xE7, 0xE7, 0x24, 0x33, 0x01, 0x42, 0xFE, 0xBE, 0xD3, 0x06, 0x76,
	0x2F, 0x40, 0x40, 0x2F, 0x2E, 0x40, 0x40, 0xFE, 0x1D, 0x52, 0x87, 0x50, 0xD2, 0x33, 0x24, 0x59,
	0xD2, 0xFC, 0xC6, 0x00, 0x00, 0x01, 0x00, 0x78, 0xFE, 0xCD, 0x04, 0x30, 0x04, 0x0C, 0x00, 0x21,
	0x00, 0x2E, 0x40, 0x2B, 0x1C, 0x01, 0x04, 0x00, 0x1D, 0x01, 0x05, 0x04, 0x02, 0x4C, 0x00, 0x04,
	0x00, 0x05, 0x04, 0x05, 0x66, 0x03, 0x01, 0x01, 0x01, 0x14, 0x4D, 0x00, 0x02, 0x02, 0x00, 0x5F,
	0x00, 0x00, 0x00, 0x12, 0x00, 0x4E, 0x26, 0x18, 0x11, 0x23, 0x14, 0x22, 0x06, 0x07, 0x1C, 0x2B,
	0x05, 0x34, 0x37, 0x21, 0x22, 0x26, 0x26, 0x35, 0x11, 0x33, 0x11, 0x14, 0x16, 0x33, 0x21, 0x11,
	0x33, 0x11, 0x14, 0x06, 0x07, 0x06, 0x06, 0x15, 0x14, 0x33, 0x32, 0x36, 0x37, 0x15, 0x06, 0x06,
	0x23, 0x22, 0x02, 0xC6, 0x28, 0xFF, 0x00, 0x67, 0xAA, 0x65, 0xD3, 0x60, 0x43, 0x01, 0x6F, 0xD3,
	0x63, 0x4A, 0x17, 0x0F, 0x29, 0x0D, 0x24, 0x3D, 0x42, 0x3B, 0x19, 0x98, 0xB1, 0x47, 0x6A, 0x65,
	0xAA, 0x67, 0x02, 0x96, 0xFD, 0x6D, 0x46, 0x62, 0x03, 0x3B, 0xFC, 0xC6, 0x4D, 0x73, 0x0E, 0x42,
	0x31, 0x0F, 0x1F, 0x04, 0x0A, 0x94, 0x0A, 0x06, 0x00, 0x03, 0x00, 0x78, 0x00, 0x00, 0x04, 0x30,
	0x06, 0x03, 0x00, 0x0F, 0x00, 0x1F, 0x00, 0x31, 0x00, 0x2F, 0x40, 0x2C, 0x00, 0x00, 0x00, 0x03,
	0x02, 0x00, 0x03, 0x69, 0x00, 0x02, 0x00, 0x01, 0x04, 0x02, 0x01, 0x69, 0x06, 0x01, 0x04, 0x04,
	0x14, 0x4D, 0x00, 0x05, 0x05, 0x07, 0x60, 0x00, 0x07, 0x07, 0x12, 0x07, 0x4E, 0x33, 0x11, 0x23,
	0x13, 0x35, 0x35, 0x35, 0x32, 0x08, 0x07, 0x1E, 0x2B, 0x01, 0x34, 0x36, 0x33, 0x33, 0x32, 0x16,
	0x15, 0x15, 0x14, 0x06, 0x23, 0x23, 0x22, 0x26, 0x35, 0x33, 0x14, 0x16, 0x33, 0x33, 0x32, 0x36,
	0x35, 0x35, 0x34, 0x26, 0x23, 0x23, 0x22, 0x06, 0x15, 0x01, 0x33, 0x11, 0x14, 0x16, 0x33, 0x21,
	0x11, 0x33, 0x11, 0x14, 0x06, 0x23, 0x21, 0x22, 0x26, 0x26, 0x35, 0x01, 0x96, 0x64, 0x46, 0x28,
	0x47, 0x63, 0x63, 0x47, 0x28, 0x46, 0x64, 0x76, 0x1E, 0x16, 0x28, 0x16, 0x1E, 0x1E, 0x16, 0x28,
	0x16, 0x1E, 0xFE, 0x6C, 0xD3, 0x60, 0x43, 0x01, 0x6F, 0xD3, 0x7C, 0x59, 0xFE, 0x93, 0x67, 0xAA,
	0x65, 0x05, 0x5A, 0x47, 0x62, 0x62, 0x47, 0x2B, 0x46, 0x63, 0x63, 0x46, 0x15, 0x1E, 0x1E, 0x15,
	0x2B, 0x15, 0x1E, 0x1E, 0x15, 0xFE, 0xB2, 0xFD, 0x6D, 0x46, 0x62, 0x03, 0x3B, 0xFC, 0xC6, 0x57,
	0x7B, 0x65, 0xAA, 0x67, 0x00, 0x02, 0x00, 0x78, 0x00, 0x00, 0x04, 0x30, 0x05, 0x6B, 0x00, 0x17,
	0x00, 0x29, 0x00, 0x6E, 0x4B, 0xB0, 0x1D, 0x50, 0x58, 0x40, 0x26, 0x00, 0x01, 0x0A, 0x05, 0x02,
	0x03, 0x06, 0x01, 0x03, 0x6A, 0x00, 0x04, 0x04, 0x00, 0x61, 0x02, 0x01, 0x00, 0x00, 0x11, 0x4D,
	0x08, 0x01, 0x06, 0x06, 0x14, 0x4D, 0x00, 0x07, 0x07, 0x09, 0x60, 0x00, 0x09, 0x09, 0x12, 0x09,
	0x4E, 0x1B, 0x40, 0x24, 0x02, 0x01, 0x00, 0x00, 0x04, 0x03, 0x00, 0x04, 0x69, 0x00, 0x01, 0x0A,
	0x05, 0x02, 0x03, 0x06, 0x01, 0x03, 0x6A, 0x08, 0x01, 0x06, 0x06, 0x14, 0x4D, 0x00, 0x07, 0x07,
	0x09, 0x60, 0x00, 0x09, 0x09, 0x12, 0x09, 0x4E, 0x59, 0x40, 0x16, 0x00, 0x00, 0x26, 0x23, 0x20,
	0x1F, 0x1E, 0x1C, 0x19, 0x18, 0x00, 0x17, 0x00, 0x17, 0x24, 0x22, 0x11, 0x24, 0x22, 0x0B, 0x07,
	0x1B, 0x2B, 0x01, 0x36, 0x36, 0x33, 0x32, 0x16, 0x17, 0x16, 0x16, 0x33, 0x32, 0x35, 0x33, 0x14,
	0x06, 0x23, 0x22, 0x26, 0x27, 0x26, 0x26, 0x23, 0x22, 0x15, 0x05, 0x33, 0x11, 0x14, 0x16, 0x33,
	0x21, 0x11, 0x33, 0x11, 0x14, 0x06, 0x23, 0x21, 0x22, 0x26, 0x26, 0x35, 0x01, 0x0A, 0x01, 0x6D,
	0x54, 0x17, 0x39, 0x33, 0x37, 0x35, 0x17, 0x2D, 0x9D, 0x70, 0x50, 0x17, 0x39, 0x35, 0x38, 0x36,
	0x17, 0x2D, 0xFE, 0xD3, 0xD3, 0x60, 0x43, 0x01, 0x6F, 0xD3, 0x7C, 0x59, 0xFE, 0x93, 0x67, 0xAA,
	0x65, 0x04, 0x8E, 0x60, 0x7D, 0x10, 0x15, 0x16, 0x10, 0x46, 0x5D, 0x83, 0x12, 0x16, 0x18, 0x11,
	0x49, 0x82, 0xFD, 0x6D, 0x46, 0x62, 0x03, 0x3B, 0xFC, 0xC6, 0x57, 0x7B, 0x65, 0xAA, 0x67, 0x00,
	0x00, 0x01, 0x00, 0x28, 0x00, 0x00, 0x04, 0x0C, 0x04, 0x0C, 0x00, 0x06, 0x00, 0x21, 0x40, 0x1E,
	0x01, 0x01, 0x01, 0x00, 0x01, 0x4C, 0x03, 0x02, 0x02, 0x00, 0x00, 0x14, 0x4D, 0x00, 0x01, 0x01,
	0x12, 0x01, 0x4E, 0x00, 0x00, 0x00, 0x06, 0x00, 0x06, 0x11, 0x12, 0x04, 0x07, 0x18, 0x2B, 0x09,
	0x02, 0x33, 0x01, 0x23, 0x01, 0x01, 0x06, 0x01, 0x15, 0x01, 0x13, 0xDE, 0xFE, 0x75, 0xCF, 0xFE,
	0x76, 0x04, 0x0C, 0xFD, 0x25, 0x02, 0xDB, 0xFB, 0xF4, 0x04, 0x0C, 0x00, 0x00, 0x01, 0x00, 0x3C,
	0x00, 0x00, 0x05, 0x98, 0x04, 0x0C, 0x00, 0x0C, 0x00, 0x2E, 0x40, 0x2B, 0x09, 0x04, 0x01, 0x03,
	0x02, 0x00, 0x01, 0x4C, 0x00, 0x00, 0x01, 0x02, 0x01, 0x00, 0x02, 0x80, 0x05, 0x04, 0x02, 0x01,
	0x01, 0x14, 0x4D, 0x03, 0x01, 0x02, 0x02, 0x12, 0x02, 0x4E, 0x00, 0x00, 0x00, 0x0C, 0x00, 0x0C,
	0x12, 0x11, 0x12, 0x12, 0x06, 0x07, 0x1A, 0x2B, 0x01, 0x13, 0x01, 0x33, 0x01, 0x13, 0x33, 0x03,
	0x23, 0x01, 0x01, 0x23, 0x03, 0x01, 0x10, 0x77, 0x01, 0x00, 0xC7, 0x01, 0x00, 0x77, 0xD3, 0xB3,
	0xB9, 0xFE, 0xBF, 0xFE, 0xBE, 0xB9, 0xB4, 0x04, 0x0C, 0xFD, 0x52, 0x01, 0xB5, 0xFE, 0x4B, 0x02,
	0xAE, 0xFB, 0xF4, 0x02, 0x1F, 0xFD, 0xE1, 0x04, 0x0C, 0x00, 0x00, 0x02, 0x00, 0x3C, 0x00, 0x00,
	0x05, 0x98, 0x06, 0x2C, 0x00, 0x03, 0x00, 0x10, 0x00, 0x34, 0x40, 0x31, 0x0D, 0x08, 0x05, 0x03,
	0x02, 0x00, 0x01, 0x4C, 0x03, 0x02, 0x01, 0x03, 0x01, 0x4A, 0x00, 0x00, 0x01, 0x02, 0x01, 0x00,
	0x02, 0x80, 0x05, 0x04, 0x02, 0x01, 0x01, 0x14, 0x4D, 0x03, 0x01, 0x02, 0x02, 0x12, 0x02, 0x4E,
	0x04, 0x04, 0x04, 0x10, 0x04, 0x10, 0x12, 0x11, 0x12, 0x16, 0x06, 0x07, 0x1A, 0x2B, 0x01, 0x17,
	0x03, 0x27, 0x05, 0x13, 0x01, 0x33, 0x01, 0x13, 0x33, 0x03, 0x23, 0x01, 0x01, 0x23, 0x03, 0x02,
	0xF9, 0xB7, 0xC6, 0x72, 0xFE, 0x98, 0x77, 0x01, 0x00, 0xC7, 0x01, 0x00, 0x77, 0xD3, 0xB3, 0xB9,
	0xFE, 0xBF, 0xFE, 0xBE, 0xB9, 0xB4, 0x06, 0x2C, 0x58, 0xFE, 0xB2, 0x35, 0xAF, 0xFD, 0x52, 0x01,
	0xB5, 0xFE, 0x4B, 0x02, 0xAE, 0xFB, 0xF4, 0x02, 0x1F, 0xFD, 0xE1, 0x04, 0x0C, 0x00, 0x00, 0x02,
	0x00, 0x3C, 0x00, 0x00, 0x05, 0x98, 0x05, 0xBA, 0x00, 0x06, 0x00, 0x13, 0x00, 0x71, 0x40, 0x0C,
	0x04, 0x01, 0x01, 0x00, 0x10, 0x0B, 0x08, 0x03, 0x05, 0x03, 0x02, 0x4C, 0x4B, 0xB0, 0x17, 0x50,
	0x58, 0x40, 0x24, 0x02, 0x01, 0x01, 0x00, 0x04, 0x00, 0x01, 0x04, 0x80, 0x00, 0x03, 0x04, 0x05,
	0x04, 0x03, 0x05, 0x80, 0x00, 0x00, 0x00, 0x11, 0x4D, 0x08, 0x07, 0x02, 0x04, 0x04, 0x14, 0x4D,
	0x06, 0x01, 0x05, 0x05, 0x12, 0x05, 0x4E, 0x1B, 0x40, 0x21, 0x00, 0x00, 0x01, 0x00, 0x85, 0x02,
	0x01, 0x01, 0x04, 0x01, 0x85, 0x00, 0x03, 0x04, 0x05, 0x04, 0x03, 0x05, 0x80, 0x08, 0x07, 0x02,
	0x04, 0x04, 0x14, 0x4D, 0x06, 0x01, 0x05, 0x05, 0x12, 0x05, 0x4E, 0x59, 0x40, 0x10, 0x07, 0x07,
	0x07, 0x13, 0x07, 0x13, 0x12, 0x11, 0x12, 0x13, 0x12, 0x11, 0x10, 0x09, 0x07, 0x1D, 0x2B, 0x01,
	0x33, 0x13, 0x23, 0x27, 0x07, 0x23, 0x07, 0x13, 0x01, 0x33, 0x01, 0x13, 0x33, 0x03, 0x23, 0x01,
	0x01, 0x23, 0x03, 0x02, 0x9D, 0x9B, 0xEA, 0x8D, 0xAB, 0xAA, 0x8D, 0xA3, 0x77, 0x01, 0x00, 0xC7,
	0x01, 0x00, 0x77, 0xD3, 0xB3, 0xB9, 0xFE, 0xBF, 0xFE, 0xBE, 0xB9, 0xB4, 0x05, 0xBA, 0xFE, 0xCB,
	0xAC, 0xAC, 0x79, 0xFD, 0x52, 0x01, 0xB5, 0xFE, 0x4B, 0x02, 0xAE, 0xFB, 0xF4, 0x02, 0x1F, 0xFD,
	0xE1, 0x04, 0x0C, 0x00, 0x00, 0x03, 0x00, 0x3C, 0x00, 0x00, 0x05, 0x98, 0x05, 0x64, 0x00, 0x0B,
	0x00, 0x17, 0x00, 0x24, 0x00, 0x6A, 0xB7, 0x21, 0x1C, 0x19, 0x03, 0x06, 0x04, 0x01, 0x4C, 0x4B,
	0xB0, 0x19, 0x50, 0x58, 0x40, 0x22, 0x00, 0x04, 0x05, 0x06, 0x05, 0x04, 0x06, 0x80, 0x03, 0x01,
	0x01, 0x01, 0x00, 0x61, 0x02, 0x01, 0x00, 0x00, 0x11, 0x4D, 0x09, 0x08, 0x02, 0x05, 0x05, 0x14,
	0x4D, 0x07, 0x01, 0x06, 0x06, 0x12, 0x06, 0x4E, 0x1B, 0x40, 0x20, 0x00, 0x04, 0x05, 0x06, 0x05,
	0x04, 0x06, 0x80, 0x02, 0x01, 0x00, 0x03, 0x01, 0x01, 0x05, 0x00, 0x01, 0x69, 0x09, 0x08, 0x02,
	0x05, 0x05, 0x14, 0x4D, 0x07, 0x01, 0x06, 0x06, 0x12, 0x06, 0x4E, 0x59, 0x40, 0x11, 0x18, 0x18,
	0x18, 0x24, 0x18, 0x24, 0x12, 0x11, 0x12, 0x14, 0x24, 0x24, 0x24, 0x22, 0x0A, 0x07, 0x1E, 0x2B,
	0x01, 0x34, 0x36, 0x33, 0x32, 0x16, 0x15, 0x14, 0x06, 0x23, 0x22, 0x26, 0x25, 0x34, 0x36, 0x33,
	0x32, 0x16, 0x15, 0x14, 0x06, 0x23, 0x22, 0x26, 0x05, 0x13, 0x01, 0x33, 0x01, 0x13, 0x33, 0x03,
	0x23, 0x01, 0x01, 0x23, 0x03, 0x01, 0xD2, 0x40, 0x2E, 0x2F, 0x40, 0x40, 0x2F, 0x2E, 0x40, 0x01,
	0x54, 0x40, 0x2E, 0x2F, 0x40, 0x40, 0x2F, 0x2E, 0x40, 0xFD, 0xEA, 0x77, 0x01, 0x00, 0xC7, 0x01,
	0x00, 0x77, 0xD3, 0xB3, 0xB9, 0xFE, 0xBF, 0xFE, 0xBE, 0xB9, 0xB4, 0x04, 0xF5, 0x2F, 0x40, 0x40,
	0x2F, 0x2E, 0x40, 0x40, 0x2E, 0x2F, 0x40, 0x40, 0x2F, 0x2E, 0x40, 0x40, 0xBB, 0xFD, 0x52, 0x01,
	0xB5, 0xFE, 0x4B, 0x02, 0xAE, 0xFB, 0xF4, 0x02, 0x1F, 0xFD, 0xE1, 0x04, 0x0C, 0x00, 0x00, 0x02,
	0x00, 0x3C, 0x00, 0x00, 0x05, 0x98, 0x06, 0x2C, 0x00, 0x03, 0x00, 0x10, 0x00, 0x34, 0x40, 0x31,
	0x0D, 0x08, 0x05, 0x03, 0x02, 0x00, 0x01, 0x4C, 0x03, 0x02, 0x01, 0x03, 0x01, 0x4A, 0x00, 0x00,
	0x01, 0x02, 0x01, 0x00, 0x02, 0x80, 0x05, 0x04, 0x02, 0x01, 0x01, 0x14, 0x4D, 0x03, 0x01, 0x02,
	0x02, 0x12, 0x02, 0x4E, 0x04, 0x04, 0x04, 0x10, 0x04, 0x10, 0x12, 0x11, 0x12, 0x16, 0x06, 0x07,
	0x1A, 0x2B, 0x01, 0x13, 0x07, 0x03, 0x01, 0x13, 0x01, 0x33, 0x01, 0x13, 0x33, 0x03, 0x23, 0x01,
	0x01, 0x23, 0x03, 0x02, 0xDB, 0x81, 0x72, 0xC6, 0xFE, 0xEC, 0x77, 0x01, 0x00, 0xC7, 0x01, 0x00,
	0x77, 0xD3, 0xB3, 0xB9, 0xFE, 0xBF, 0xFE, 0xBE, 0xB9, 0xB4, 0x06, 0x2C, 0xFE, 0x8F, 0x35, 0x01,
	0x4E, 0xFE, 0x38, 0xFD, 0x52, 0x01, 0xB5, 0xFE, 0x4B, 0x02, 0xAE, 0xFB, 0xF4, 0x02, 0x1F, 0xFD,
	0xE1, 0x04, 0x0C, 0x00, 0x00, 0x01, 0x00, 0x28, 0x00, 0x00, 0x04, 0x87, 0x04, 0x0C, 0x00, 0x0B,
	0x00, 0x1F, 0x40, 0x1C, 0x09, 0x06, 0x03, 0x03, 0x02, 0x00, 0x01, 0x4C, 0x01, 0x01, 0x00, 0x00,
	0x14, 0x4D, 0x03, 0x01, 0x02, 0x02, 0x12, 0x02, 0x4E, 0x12, 0x12, 0x12, 0x11, 0x04, 0x07, 0x1A,
	0x2B, 0x01, 0x01, 0x21, 0x01, 0x01, 0x21, 0x01, 0x01, 0x21, 0x01, 0x01, 0x21, 0x01, 0xCE, 0xFE,
	0x5A, 0x01, 0x0D, 0x01, 0x23, 0x01, 0x23, 0x01, 0x0C, 0xFE, 0x5B, 0x01, 0xA5, 0xFE, 0xF5, 0xFE,
	0xDC, 0xFE, 0xDC, 0xFE, 0xF4, 0x02, 0x07, 0x02, 0x05, 0xFE, 0x99, 0x01, 0x67, 0xFD, 0xFB, 0xFD,
	0xF9, 0x01, 0x67, 0xFE, 0x99, 0x00, 0x00, 0x01, 0x00, 0x3C, 0xFE, 0x7A, 0x04, 0x25, 0x04, 0x0C,
	0x00, 0x07, 0x00, 0x22, 0x40, 0x1F, 0x06, 0x01, 0x02, 0x01, 0x00, 0x01, 0x4C, 0x03, 0x02, 0x02,
	0x00, 0x00, 0x14, 0x4D, 0x00, 0x01, 0x01, 0x16, 0x01, 0x4E, 0x00, 0x00, 0x00, 0x07, 0x00, 0x07,
	0x11, 0x12, 0x04, 0x07, 0x18, 0x2B, 0x09, 0x02, 0x33, 0x01, 0x23, 0x13, 0x01, 0x01, 0x1C, 0x01,
	0x0D, 0x01, 0x13, 0xE9, 0xFD, 0xDA, 0xE7, 0xA1, 0xFE, 0x83, 0x04, 0x0C, 0xFD, 0x32, 0x02, 0xCE,
	0xFA, 0x6E, 0x01, 0xA8, 0x03, 0xEA, 0x00, 0x02, 0x00, 0x3C, 0xFE, 0x7A, 0x04, 0x25, 0x06, 0x2C,
	0x00, 0x03, 0x00, 0x0B, 0x00, 0x28, 0x40, 0x25, 0x0A, 0x05, 0x02, 0x01, 0x00, 0x01, 0x4C, 0x03,
	0x02, 0x01, 0x03, 0x00, 0x4A, 0x03, 0x02, 0x02, 0x00, 0x00, 0x14, 0x4D, 0x00, 0x01, 0x01, 0x16,
	0x01, 0x4E, 0x04, 0x04, 0x04, 0x0B, 0x04, 0x0B, 0x11, 0x16, 0x04, 0x07, 0x18, 0x2B, 0x01, 0x17,
	0x03, 0x27, 0x07, 0x01, 0x01, 0x33, 0x01, 0x23, 0x13, 0x01, 0x02, 0x40, 0xB7, 0xC6, 0x72, 0xA3,
	0x01, 0x0D, 0x01, 0x13, 0xE9, 0xFD, 0xDA, 0xE7, 0xA1, 0xFE, 0x83, 0x06, 0x2C, 0x58, 0xFE, 0xB2,
	0x35, 0xAF, 0xFD, 0x32, 0x02, 0xCE, 0xFA, 0x6E, 0x01, 0xA8, 0x03, 0xEA, 0x00, 0x02, 0x00, 0x3C,
	0xFE, 0x7A, 0x04, 0x25, 0x05, 0xBA, 0x00, 0x06, 0x00, 0x0E, 0x00, 0x5F, 0x40, 0x0B, 0x04, 0x01,
	0x01, 0x00, 0x0D, 0x08, 0x02, 0x04, 0x03, 0x02, 0x4C, 0x4B, 0xB0, 0x17, 0x50, 0x58, 0x40, 0x1B,
	0x02, 0x01, 0x01, 0x00, 0x03, 0x00, 0x01, 0x03, 0x80, 0x00, 0x00, 0x00, 0x11, 0x4D, 0x06, 0x05,
	0x02, 0x03, 0x03, 0x14, 0x4D, 0x00, 0x04, 0x04, 0x16, 0x04, 0x4E, 0x1B, 0x40, 0x1B, 0x02, 0x01,
	0x01, 0x00, 0x03, 0x00, 0x01, 0x03, 0x80, 0x06, 0x05, 0x02, 0x03, 0x03, 0x14, 0x4D, 0x00, 0x00,
	0x00, 0x04, 0x5F, 0x00, 0x04, 0x04, 0x16, 0x04, 0x4E, 0x59, 0x40, 0x0E, 0x07, 0x07, 0x07, 0x0E,
	0x07, 0x0E, 0x11, 0x13, 0x12, 0x11, 0x10, 0x07, 0x07, 0x1B, 0x2B, 0x01, 0x33, 0x13, 0x23, 0x27,
	0x07, 0x23, 0x17, 0x01, 0x01, 0x33, 0x01, 0x23, 0x13, 0x01, 0x01, 0xE3, 0x9B, 0xEA, 0x8D, 0xAB,
	0xAA, 0x8D, 0x23, 0x01, 0x0D, 0x01, 0x13, 0xE9, 0xFD, 0xDA, 0xE7, 0xA1, 0xFE, 0x83, 0x05, 0xBA,
	0xFE, 0xCB, 0xAC, 0xAC, 0x79, 0xFD, 0x32, 0x02, 0xCE, 0xFA, 0x6E, 0x01, 0xA8, 0x03, 0xEA, 0x00,
	0x00, 0x03, 0x00, 0x3C, 0xFE, 0x7A, 0x04, 0x25, 0x05, 0x64, 0x00, 0x0B, 0x00, 0x17, 0x00, 0x1F,
	0x00, 0x55, 0xB6, 0x1E, 0x19, 0x02, 0x05, 0x04, 0x01, 0x4C, 0x4B, 0xB0, 0x19, 0x50, 0x58, 0x40,
	0x19, 0x03, 0x01, 0x01, 0x01, 0x00, 0x61, 0x02, 0x01, 0x00, 0x00, 0x11, 0x4D, 0x07, 0x06, 0x02,
	0x04, 0x04, 0x14, 0x4D, 0x00, 0x05, 0x05, 0x16, 0x05, 0x4E, 0x1B, 0x40, 0x17, 0x02, 0x01, 0x00,
	0x03, 0x01, 0x01, 0x04, 0x00, 0x01, 0x69, 0x07, 0x06, 0x02, 0x04, 0x04, 0x14, 0x4D, 0x00, 0x05,
	0x05, 0x16, 0x05, 0x4E, 0x59, 0x40, 0x0F, 0x18, 0x18, 0x18, 0x1F, 0x18, 0x1F, 0x11, 0x14, 0x24,
	0x24, 0x24, 0x22, 0x08, 0x07, 0x1C, 0x2B, 0x01, 0x34, 0x36, 0x33, 0x32, 0x16, 0x15, 0x14, 0x06,
	0x23, 0x22, 0x26, 0x25, 0x34, 0x36, 0x33, 0x32, 0x16, 0x15, 0x14, 0x06, 0x23, 0x22, 0x26, 0x05,
	0x01, 0x01, 0x33, 0x01, 0x23, 0x13, 0x01, 0x01, 0x18, 0x40, 0x2E, 0x2F, 0x40, 0x40, 0x2F, 0x2E,
	0x40, 0x01, 0x54, 0x40, 0x2E, 0x2F, 0x40, 0x40, 0x2F, 0x2E, 0x40, 0xFE, 0xB0, 0x01, 0x0D, 0x01,
	0x13, 0xE9, 0xFD, 0xDA, 0xE7, 0xA1, 0xFE, 0x83, 0x04, 0xF5, 0x2F, 0x40, 0x40, 0x2F, 0x2E, 0x40,
	0x40, 0x2E, 0x2F, 0x40, 0x40, 0x2F, 0x2E, 0x40, 0x40, 0xBB, 0xFD, 0x32, 0x02, 0xCE, 0xFA, 0x6E,
	0x01, 0xA8, 0x03, 0xEA, 0x00, 0x02, 0x00, 0x3C, 0xFE, 0x7A, 0x04, 0x25, 0x06, 0x2C, 0x00, 0x03,
	0x00, 0x0B, 0x00, 0x28, 0x40, 0x25, 0x0A, 0x05, 0x02, 0x01, 0x00, 0x01, 0x4C, 0x03, 0x02, 0x01,
	0x03, 0x00, 0x4A, 0x03, 0x02, 0x02, 0x00, 0x00, 0x14, 0x4D, 0x00, 0x01, 0x01, 0x16, 0x01, 0x4E,
	0x04, 0x04, 0x04, 0x0B, 0x04, 0x0B, 0x11, 0x16, 0x04, 0x07, 0x18, 0x2B, 0x01, 0x13, 0x07, 0x03,
	0x03, 0x01, 0x01, 0x33, 0x01, 0x23, 0x13, 0x01, 0x02, 0x21, 0x81, 0x72, 0xC6, 0x4E, 0x01, 0x0D,
	0x01, 0x13, 0xE9, 0xFD, 0xDA, 0xE7, 0xA1, 0xFE, 0x83, 0x06, 0x2C, 0xFE, 0x8F, 0x35, 0x01, 0x4E,
	0xFE, 0x38, 0xFD, 0x32, 0x02, 0xCE, 0xFA, 0x6E, 0x01, 0xA8, 0x03, 0xEA, 0x00, 0x01, 0x00, 0x6E,
	0x00, 0x00, 0x04, 0x29, 0x04, 0x0C, 0x00, 0x09, 0x00, 0x29, 0x40, 0x26, 0x05, 0x01, 0x00, 0x01,
	0x00, 0x01, 0x03, 0x02, 0x02, 0x4C, 0x00, 0x00, 0x00, 0x01, 0x5F, 0x00, 0x01, 0x01, 0x14, 0x4D,
	0x00, 0x02, 0x02, 0x03, 0x5F, 0x00, 0x03, 0x03, 0x12, 0x03, 0x4E, 0x11, 0x12, 0x11, 0x11, 0x04,
	0x07, 0x1A, 0x2B, 0x37, 0x01, 0x21, 0x35, 0x21, 0x15, 0x01, 0x21, 0x15, 0x21, 0x6E, 0x02, 0x6F,
	0xFD, 0x91, 0x03, 0xBB, 0xFD, 0x8E, 0x02, 0x72, 0xFC, 0x45, 0xA1, 0x02, 0x99, 0xD2, 0x9E, 0xFD,
	0x64, 0xD2, 0x00, 0x02, 0x00, 0x6E, 0x00, 0x00, 0x04, 0x29, 0x06, 0x2C, 0x00, 0x03, 0x00, 0x0D,
	0x00, 0x2F, 0x40, 0x2C, 0x09, 0x01, 0x00, 0x01, 0x04, 0x01, 0x03, 0x02, 0x02, 0x4C, 0x03, 0x02,
	0x01, 0x03, 0x01, 0x4A, 0x00, 0x00, 0x00, 0x01, 0x5F, 0x00, 0x01, 0x01, 0x14, 0x4D, 0x00, 0x02,
	0x02, 0x03, 0x5F, 0x00, 0x03, 0x03, 0x12, 0x03, 0x4E, 0x11, 0x12, 0x11, 0x15, 0x04, 0x07, 0x1A,
	0x2B, 0x01, 0x17, 0x03, 0x27, 0x01, 0x01, 0x21, 0x35, 0x21, 0x15, 0x01, 0x21, 0x15, 0x21, 0x02,
	0x5A, 0xB7, 0xC6, 0x72, 0xFE, 0x95, 0x02, 0x6F, 0xFD, 0x91, 0x03, 0xBB, 0xFD, 0x8E, 0x02, 0x72,
	0xFC, 0x45, 0x06, 0x2C, 0x58, 0xFE, 0xB2, 0x35, 0xFB, 0xE6, 0x02, 0x99, 0xD2, 0x9E, 0xFD, 0x64,
	0xD2, 0x00, 0x00, 0x02, 0x00, 0x6E, 0x00, 0x00, 0x04, 0x29, 0x05, 0xBB, 0x00, 0x06, 0x00, 0x10,
	0x00, 0x76, 0x40, 0x0E, 0x01, 0x01, 0x01, 0x00, 0x0C, 0x01, 0x03, 0x04, 0x07, 0x01, 0x06, 0x05,
	0x03, 0x4C, 0x4B, 0xB0, 0x17, 0x50, 0x58, 0x40, 0x24, 0x00, 0x01, 0x00, 0x04, 0x00, 0x01, 0x04,
	0x80, 0x07, 0x02, 0x02, 0x00, 0x00, 0x11, 0x4D, 0x00, 0x03, 0x03, 0x04, 0x5F, 0x00, 0x04, 0x04,
	0x14, 0x4D, 0x00, 0x05, 0x05, 0x06, 0x60, 0x00, 0x06, 0x06, 0x12, 0x06, 0x4E, 0x1B, 0x40, 0x21,
	0x07, 0x02, 0x02, 0x00, 0x01, 0x00, 0x85, 0x00, 0x01, 0x04, 0x01, 0x85, 0x00, 0x03, 0x03, 0x04,
	0x5F, 0x00, 0x04, 0x04, 0x14, 0x4D, 0x00, 0x05, 0x05, 0x06, 0x60, 0x00, 0x06, 0x06, 0x12, 0x06,
	0x4E, 0x59, 0x40, 0x13, 0x00, 0x00, 0x10, 0x0F, 0x0E, 0x0D, 0x0B, 0x0A, 0x09, 0x08, 0x00, 0x06,
	0x00, 0x06, 0x11, 0x12, 0x08, 0x07, 0x18, 0x2B, 0x01, 0x17, 0x37, 0x33, 0x03, 0x23, 0x03, 0x03,
	0x01, 0x21, 0x35, 0x21, 0x15, 0x01, 0x21, 0x15, 0x21, 0x01, 0xA0, 0xAA, 0xAB, 0x8D, 0xEA, 0x9B,
	0xEA, 0xA5, 0x02, 0x6F, 0xFD, 0x91, 0x03, 0xBB, 0xFD, 0x8E, 0x02, 0x72, 0xFC, 0x45, 0x05, 0xBB,
	0xAC, 0xAC, 0xFE, 0xCB, 0x01, 0x35, 0xFA, 0xE6, 0x02, 0x99, 0xD2, 0x9E, 0xFD, 0x64, 0xD2, 0x00,
	0x00, 0x02, 0x00, 0x6E, 0x00, 0x00, 0x04, 0x29, 0x05, 0x63, 0x00, 0x0B, 0x00, 0x15, 0x00, 0x5F,
	0x40, 0x0A, 0x11, 0x01, 0x02, 0x03, 0x0C, 0x01, 0x05, 0x04, 0x02, 0x4C, 0x4B, 0xB0, 0x17, 0x50,
	0x58, 0x40, 0x1F, 0x00, 0x01, 0x01, 0x00, 0x61, 0x00, 0x00, 0x00, 0x11, 0x4D, 0x00, 0x02, 0x02,
	0x03, 0x5F, 0x00, 0x03, 0x03, 0x14, 0x4D, 0x00, 0x04, 0x04, 0x05, 0x5F, 0x00, 0x05, 0x05, 0x12,
	0x05, 0x4E, 0x1B, 0x40, 0x1D, 0x00, 0x00, 0x00, 0x01, 0x03, 0x00, 0x01, 0x69, 0x00, 0x02, 0x02,
	0x03, 0x5F, 0x00, 0x03, 0x03, 0x14, 0x4D, 0x00, 0x04, 0x04, 0x05, 0x5F, 0x00, 0x05, 0x05, 0x12,
	0x05, 0x4E, 0x59, 0x40, 0x09, 0x11, 0x12, 0x11, 0x13, 0x24, 0x22, 0x06, 0x07, 0x1C, 0x2B, 0x01,
	0x34, 0x36, 0x33, 0x32, 0x16, 0x15, 0x14, 0x06, 0x23, 0x22, 0x26, 0x01, 0x01, 0x21, 0x35, 0x21,
	0x15, 0x01, 0x21, 0x15, 0x21, 0x01, 0xDC, 0x41, 0x2E, 0x2E, 0x40, 0x40, 0x2E, 0x2E, 0x41, 0xFE,
	0x92, 0x02, 0x6F, 0xFD, 0x91, 0x03, 0xBB, 0xFD, 0x8E, 0x02, 0x72, 0xFC, 0x45, 0x04, 0xF4, 0x2F,
	0x40, 0x40, 0x2F, 0x2E, 0x40, 0x40, 0xFB, 0xDB, 0x02, 0x99, 0xD2, 0x9E, 0xFD, 0x64, 0xD2, 0x00,
	0x00, 0x02, 0x00, 0x78, 0x00, 0x00, 0x04, 0x33, 0x05, 0xA8, 0x00, 0x0B, 0x00, 0x1E, 0x00, 0x8B,
	0x4B, 0xB0, 0x13, 0x50, 0x58, 0x40, 0x1D, 0x03, 0x01, 0x01, 0x01, 0x00, 0x61, 0x02, 0x01, 0x00,
	0x00, 0x19, 0x4D, 0x00, 0x06, 0x06, 0x04, 0x5F, 0x00, 0x04, 0x04, 0x14, 0x4D, 0x07, 0x01, 0x05,
	0x05, 0x12, 0x05, 0x4E, 0x1B, 0x4B, 0xB0, 0x15, 0x50, 0x58, 0x40, 0x27, 0x03, 0x01, 0x01, 0x01,
	0x00, 0x61, 0x00, 0x00, 0x00, 0x19, 0x4D, 0x03, 0x01, 0x01, 0x01, 0x02, 0x5F, 0x00, 0x02, 0x02,
	0x11, 0x4D, 0x00, 0x06, 0x06, 0x04, 0x5F, 0x00, 0x04, 0x04, 0x14, 0x4D, 0x07, 0x01, 0x05, 0x05,
	0x12, 0x05, 0x4E, 0x1B, 0x40, 0x25, 0x00, 0x03, 0x03, 0x02, 0x5F, 0x00, 0x02, 0x02, 0x11, 0x4D,
	0x00, 0x01, 0x01, 0x00, 0x61, 0x00, 0x00, 0x00, 0x19, 0x4D, 0x00, 0x06, 0x06, 0x04, 0x5F, 0x00,
	0x04, 0x04, 0x14, 0x4D, 0x07, 0x01, 0x05, 0x05, 0x12, 0x05, 0x4E, 0x59, 0x59, 0x40, 0x0B, 0x11,
	0x11, 0x11, 0x13, 0x21, 0x25, 0x24, 0x22, 0x08, 0x07, 0x1E, 0x2B, 0x01, 0x34, 0x36, 0x33, 0x32,
	0x16, 0x15, 0x14, 0x06, 0x23, 0x22, 0x26, 0x05, 0x34, 0x36, 0x36, 0x33, 0x33, 0x15, 0x23, 0x22,
	0x06, 0x15, 0x15, 0x21, 0x11, 0x23, 0x11, 0x21, 0x11, 0x23, 0x03, 0x2F, 0x4C, 0x36, 0x36, 0x4C,
	0x4C, 0x36, 0x36, 0x4C, 0xFD, 0x49, 0x51, 0x87, 0x52, 0xE7, 0xE7, 0x24, 0x33, 0x02, 0xD0, 0xD4,
	0xFE, 0x04, 0xD3, 0x05, 0x26, 0x36, 0x4C, 0x4C, 0x36, 0x36, 0x4C, 0x4C, 0x8B, 0x52, 0x87, 0x50,
	0xD2, 0x33, 0x24, 0x59, 0xFB, 0xF4, 0x03, 0x3A, 0xFC, 0xC6, 0x00, 0x01, 0x00, 0x78, 0x00, 0x00,
	0x04, 0x1A, 0x05, 0x8E, 0x00, 0x12, 0x00, 0x27, 0x40, 0x24, 0x00, 0x02, 0x02, 0x00, 0x5F, 0x00,
	0x00, 0x00, 0x11, 0x4D, 0x00, 0x04, 0x04, 0x03, 0x5F, 0x00, 0x03, 0x03, 0x14, 0x4D, 0x05, 0x01,
	0x01, 0x01, 0x12, 0x01, 0x4E, 0x11, 0x11, 0x13, 0x21, 0x11, 0x23, 0x06, 0x07, 0x1C, 0x2B, 0x13,
	0x34, 0x36, 0x36, 0x33, 0x21, 0x11, 0x23, 0x11, 0x21, 0x22, 0x06, 0x15, 0x15, 0x21, 0x15, 0x21,
	0x11, 0x23, 0x78, 0x51, 0x87, 0x52, 0x02, 0x78, 0xD3, 0xFE, 0x5B, 0x24, 0x33, 0x01, 0x42, 0xFE,
	0xBE, 0xD3, 0x04, 0x65, 0x52, 0x87, 0x50, 0xFA, 0x72, 0x04, 0xBC, 0x33, 0x24, 0x59, 0xD2, 0xFC,
	0xC6, 0x00, 0x00, 0x02, 0x00, 0x78, 0x03, 0x09, 0x02, 0xC6, 0x05, 0x8E, 0x00, 0x09, 0x00, 0x13,
	0x00, 0x1C, 0x40, 0x19, 0x00, 0x02, 0x00, 0x01, 0x02, 0x01, 0x63, 0x00, 0x03, 0x03, 0x00, 0x5F,
	0x00, 0x00, 0x00, 0x21, 0x03, 0x4E, 0x21, 0x25, 0x21, 0x22, 0x04, 0x08, 0x1A, 0x2B, 0x13, 0x34,
	0x36, 0x33, 0x21, 0x11, 0x21, 0x22, 0x26, 0x35, 0x37, 0x14, 0x16, 0x33, 0x33, 0x11, 0x23, 0x22,
	0x06, 0x15, 0x78, 0x90, 0x68, 0x01, 0x56, 0xFE, 0xAA, 0x67, 0x91, 0x80, 0x46, 0x32, 0xD7, 0xD7,
	0x32, 0x46, 0x04, 0xAA, 0x5F, 0x85, 0xFD, 0x7B, 0x85, 0x60, 0x01, 0x2B, 0x3B, 0x01, 0x85, 0x3A,
	0x2B, 0x00, 0x00, 0x02, 0x00, 0x78, 0x03, 0x06, 0x02, 0xB1, 0x05, 0x8E, 0x00, 0x0F, 0x00, 0x23,
	0x00, 0x23, 0x40, 0x20, 0x1C, 0x12, 0x02, 0x02, 0x03, 0x01, 0x4C, 0x00, 0x02, 0x00, 0x01, 0x02,
	0x01, 0x65, 0x00, 0x03, 0x03, 0x00, 0x61, 0x00, 0x00, 0x00, 0x21, 0x03, 0x4E, 0x37, 0x37, 0x35,
	0x32, 0x04, 0x08, 0x1A, 0x2B, 0x13, 0x34, 0x36, 0x33, 0x33, 0x32, 0x16, 0x15, 0x15, 0x14, 0x06,
	0x23, 0x23, 0x22, 0x26, 0x35, 0x37, 0x14, 0x17, 0x16, 0x16, 0x33, 0x33, 0x32, 0x36, 0x35, 0x35,
	0x34, 0x27, 0x26, 0x26, 0x23, 0x23, 0x22, 0x06, 0x15, 0x78, 0x83, 0x5C, 0x7B, 0x5C, 0x83, 0x83,
	0x5C, 0x7B, 0x5C, 0x83, 0x80, 0x01, 0x05, 0x36, 0x23, 0x7B, 0x27, 0x38, 0x01, 0x04, 0x37, 0x23,
	0x7B, 0x27, 0x38, 0x04, 0xB0, 0x5C, 0x82, 0x82, 0x5C, 0xCC, 0x5C, 0x82, 0x82, 0x5C, 0x0B, 0x12,
	0x05, 0x23, 0x2F, 0x37, 0x27, 0xC1, 0x12, 0x05, 0x23, 0x2F, 0x37, 0x27, 0x00, 0x02, 0x00, 0x78,
	0x00, 0x00, 0x04, 0xC7, 0x05, 0x8E, 0x00, 0x13, 0x00, 0x23, 0x00, 0x1F, 0x40, 0x1C, 0x00, 0x03,
	0x03, 0x00, 0x5F, 0x00, 0x00, 0x00, 0x11, 0x4D, 0x00, 0x02, 0x02, 0x01, 0x5F, 0x00, 0x01, 0x01,
	0x12, 0x01, 0x4E, 0x35, 0x36, 0x37, 0x33, 0x04, 0x07, 0x1A, 0x2B, 0x13, 0x34, 0x36, 0x36, 0x33,
	0x21, 0x32, 0x16, 0x16, 0x15, 0x11, 0x14, 0x06, 0x06, 0x23, 0x21, 0x22, 0x26, 0x26, 0x35, 0x33,
	0x14, 0x16, 0x33, 0x21, 0x32, 0x36, 0x35, 0x11, 0x34, 0x26, 0x23, 0x21, 0x22, 0x06, 0x15, 0x78,
	0x6D, 0xB7, 0x6F, 0x01, 0x14, 0x75, 0xC1, 0x72, 0x72, 0xBF, 0x75, 0xFE, 0xFF, 0x75, 0xC0, 0x73,
	0xD3, 0x7D, 0x58, 0x01, 0x01, 0x58, 0x7C, 0x7D, 0x59, 0xFE, 0xEC, 0x4F, 0x71, 0x03, 0xFE, 0x6F,
	0xB5, 0x6C, 0x6C, 0xB5, 0x6F, 0xFD, 0x90, 0x6E, 0xB5, 0x6B, 0x6B, 0xB5, 0x6E, 0x4D, 0x6E, 0x6E,
	0x4D, 0x02, 0x70, 0x4F, 0x6F, 0x6F, 0x4F, 0x00, 0x00, 0x01, 0x00, 0x46, 0x00, 0x00, 0x02, 0x0F,
	0x05, 0x8E, 0x00, 0x05, 0x00, 0x19, 0x40, 0x16, 0x00, 0x02, 0x02, 0x00, 0x5F, 0x00, 0x00, 0x00,
	0x11, 0x4D, 0x00, 0x01, 0x01, 0x12, 0x01, 0x4E, 0x11, 0x11, 0x10, 0x03, 0x07, 0x19, 0x2B, 0x13,
	0x21, 0x11, 0x23, 0x11, 0x23, 0x46, 0x01, 0xC9, 0xD2, 0xF7, 0x05, 0x8E, 0xFA, 0x72, 0x04, 0xBC,
	0x00, 0x01, 0x00, 0x78, 0x00, 0x00, 0x04, 0xC5, 0x05, 0x8E, 0x00, 0x1F, 0x00, 0x1F, 0x40, 0x1C,
	0x00, 0x00, 0x00, 0x01, 0x5F, 0x00, 0x01, 0x01, 0x11, 0x4D, 0x00, 0x02, 0x02, 0x03, 0x5F, 0x00,
	0x03, 0x03, 0x12, 0x03, 0x4E, 0x11, 0x1D, 0x21, 0x2A, 0x04, 0x07, 0x1A, 0x2B, 0x13, 0x34, 0x36,
	0x37, 0x25, 0x36, 0x36, 0x35, 0x35, 0x34, 0x26, 0x23, 0x21, 0x35, 0x21, 0x32, 0x16, 0x16, 0x15,
	0x15, 0x14, 0x06, 0x06, 0x07, 0x05, 0x06, 0x06, 0x15, 0x11, 0x21, 0x15, 0x21, 0x78, 0x6C, 0x8B,
	0x02, 0x12, 0x31, 0x40, 0x51, 0x3A, 0xFD, 0x58, 0x02, 0xA8, 0x61, 0x9E, 0x5F, 0x40, 0x6F, 0x47,
	0xFD, 0xAD, 0x1D, 0x15, 0x03, 0x7A, 0xFB, 0xB4, 0x01, 0xE0, 0x74, 0x6E, 0x1A, 0x66, 0x09, 0x53,
	0x36, 0x5C, 0x3A, 0x52, 0xD2, 0x5D, 0x9C, 0x5F, 0x66, 0x54, 0x90, 0x61, 0x0E, 0x71, 0x06, 0x11,
	0x14, 0xFE, 0xF1, 0xD2, 0x00, 0x01, 0x00, 0x78, 0x00, 0x00, 0x04, 0xBE, 0x05, 0x8E, 0x00, 0x25,
	0x00, 0x2F, 0x40, 0x2C, 0x1C, 0x01, 0x01, 0x02, 0x01, 0x4C, 0x00, 0x02, 0x00, 0x01, 0x00, 0x02,
	0x01, 0x67, 0x00, 0x03, 0x03, 0x04, 0x5F, 0x00, 0x04, 0x04, 0x11, 0x4D, 0x00, 0x00, 0x00, 0x05,
	0x5F, 0x00, 0x05, 0x05, 0x12, 0x05, 0x4E, 0x2D, 0x21, 0x25, 0x21, 0x25, 0x20, 0x06, 0x07, 0x1C,
	0x2B, 0x37, 0x21, 0x32, 0x36, 0x35, 0x35, 0x34, 0x26, 0x23, 0x21, 0x35, 0x21, 0x32, 0x36, 0x35,
	0x35, 0x34, 0x26, 0x23, 0x21, 0x35, 0x21, 0x32, 0x16, 0x16, 0x15, 0x15, 0x14, 0x07, 0x16, 0x16,
	0x15, 0x15, 0x14, 0x06, 0x06, 0x23, 0x21, 0x78, 0x02, 0xE9, 0x3A, 0x51, 0x6E, 0x4D, 0xFE, 0xBC,
	0x01, 0x44, 0x42, 0x5D, 0x51, 0x3A, 0xFD, 0x33, 0x02, 0xCD, 0x61, 0x9F, 0x5E, 0x78, 0x4D, 0x46,
	0x5E, 0x9F, 0x60, 0xFD, 0x17, 0xD3, 0x51, 0x38, 0x86, 0x41, 0x5C, 0xD2, 0x5C, 0x40, 0x43, 0x3A,
	0x52, 0xD2, 0x5E, 0x9F, 0x61, 0x47, 0x9E, 0x58, 0x2E, 0x83, 0x62, 0x86, 0x60, 0x9D, 0x5D, 0x00,
	0x00, 0x01, 0x00, 0x78, 0x00, 0x00, 0x04, 0x92, 0x05, 0x8E, 0x00, 0x10, 0x00, 0x1F, 0x40, 0x1C,
	0x00, 0x01, 0x00, 0x04, 0x03, 0x01, 0x04, 0x67, 0x02, 0x01, 0x00, 0x00, 0x11, 0x4D, 0x00, 0x03,
	0x03, 0x12, 0x03, 0x4E, 0x21, 0x11, 0x11, 0x23, 0x10, 0x05, 0x07, 0x1B, 0x2B, 0x13, 0x33, 0x11,
	0x14, 0x16, 0x33, 0x21, 0x11, 0x33, 0x11, 0x23, 0x11, 0x21, 0x22, 0x26, 0x26, 0x35, 0x78, 0xD3,
	0x51, 0x3A, 0x01, 0xEA, 0xD2, 0xD2, 0xFE, 0x16, 0x60, 0x9F, 0x5F, 0x05, 0x8E, 0xFE, 0x18, 0x3A,
	0x51, 0x02, 0x73, 0xFA, 0x72, 0x02, 0x49, 0x5E, 0x9D, 0x60, 0x00, 0x01, 0x00, 0x78, 0x00, 0x00,
	0x04, 0xB8, 0x05, 0x8E, 0x00, 0x20, 0x00, 0x38, 0x40, 0x35, 0x07, 0x01, 0x06, 0x01, 0x00, 0x01,
	0x06, 0x00, 0x80, 0x00, 0x04, 0x00, 0x01, 0x06, 0x04, 0x01, 0x67, 0x00, 0x03, 0x03, 0x02, 0x5F,
	0x00, 0x02, 0x02, 0x11, 0x4D, 0x00, 0x00, 0x00, 0x05, 0x5F, 0x00, 0x05, 0x05, 0x12, 0x05, 0x4E,
	0x00, 0x00, 0x00, 0x20, 0x00, 0x20, 0x37, 0x21, 0x11, 0x11, 0x25, 0x32, 0x08, 0x07, 0x1C, 0x2B,
	0x01, 0x14, 0x16, 0x33, 0x21, 0x32, 0x36, 0x35, 0x35, 0x34, 0x26, 0x23, 0x21, 0x11, 0x21, 0x15,
	0x21, 0x11, 0x21, 0x32, 0x16, 0x16, 0x15, 0x15, 0x14, 0x06, 0x06, 0x23, 0x21, 0x22, 0x26, 0x26,
	0x35, 0x01, 0x4B, 0x4C, 0x3F, 0x01, 0x84, 0x3A, 0x52, 0x51, 0x3A, 0xFD, 0x25, 0x04, 0x04, 0xFC,
	0xCE, 0x02, 0x0A, 0x60, 0x9E, 0x5E, 0x5F, 0x9E, 0x61, 0xFE, 0x7C, 0x64, 0x9F, 0x5B, 0x01, 0x74,
	0x49, 0x58, 0x50, 0x39, 0xC3, 0x40, 0x5A, 0x02, 0xD5, 0xD2, 0xFE, 0xCA, 0x62, 0xA4, 0x64, 0xC2,
	0x60, 0x9D, 0x5D, 0x60, 0xA6, 0x6A, 0x00, 0x02, 0x00, 0x78, 0x00, 0x00, 0x04, 0xB0, 0x05, 0x8E,
	0x00, 0x1A, 0x00, 0x27, 0x00, 0x29, 0x40, 0x26, 0x00, 0x02, 0x00, 0x05, 0x04, 0x02, 0x05, 0x67,
	0x00, 0x01, 0x01, 0x00, 0x5F, 0x00, 0x00, 0x00, 0x11, 0x4D, 0x00, 0x04, 0x04, 0x03, 0x5F, 0x00,
	0x03, 0x03, 0x12, 0x03, 0x4E, 0x25, 0x36, 0x37, 0x23, 0x21, 0x23, 0x06, 0x07, 0x1C, 0x2B, 0x13,
	0x34, 0x36, 0x36, 0x33, 0x21, 0x15, 0x21, 0x22, 0x06, 0x15, 0x15, 0x21, 0x32, 0x16, 0x16, 0x15,
	0x15, 0x14, 0x06, 0x06, 0x23, 0x21, 0x22, 0x26, 0x26, 0x35, 0x33, 0x14, 0x16, 0x33, 0x21, 0x32,
	0x36, 0x35, 0x35, 0x34, 0x26, 0x23, 0x21, 0x78, 0x5E, 0x9F, 0x61, 0x02, 0x97, 0xFD, 0x69, 0x3A,
	0x51, 0x02, 0x0A, 0x60, 0x9E, 0x5D, 0x5D, 0x9E, 0x60, 0xFE, 0x81, 0x60, 0x9F, 0x5F, 0xD3, 0x51,
	0x3A, 0x01, 0x7F, 0x39, 0x50, 0x50, 0x39, 0xFD, 0xF6, 0x04, 0x30, 0x61, 0x9F, 0x5E, 0xD2, 0x52,
	0x3A, 0xAE, 0x56, 0x91, 0x58, 0xE8, 0x60, 0x9D, 0x5E, 0x5E, 0x9D, 0x60, 0x38, 0x50, 0x50, 0x38,
	0xE8, 0x35, 0x49, 0x00, 0x00, 0x01, 0x00, 0x78, 0x00, 0x00, 0x04, 0xB1, 0x05, 0x8E, 0x00, 0x06,
	0x00, 0x1F, 0x40, 0x1C, 0x02, 0x01, 0x02, 0x00, 0x01, 0x4C, 0x00, 0x02, 0x02, 0x00, 0x5F, 0x00,
	0x00, 0x00, 0x11, 0x4D, 0x00, 0x01, 0x01, 0x12, 0x01, 0x4E, 0x11, 0x12, 0x10, 0x03, 0x07, 0x19,
	0x2B, 0x13, 0x21, 0x15, 0x01, 0x23, 0x01, 0x21, 0x78, 0x04, 0x39, 0xFC, 0xFF, 0xF3, 0x02, 0xDF,
	0xFC, 0xDC, 0x05, 0x8E, 0x98, 0xFB, 0x0A, 0x04, 0xBC, 0x00, 0x00, 0x03, 0x00, 0x73, 0x00, 0x00,
	0x04, 0xAC, 0x05, 0x8E, 0x00, 0x1F, 0x00, 0x2F, 0x00, 0x3F, 0x00, 0x30, 0x40, 0x2D, 0x12, 0x03,
	0x02, 0x05, 0x02, 0x01, 0x4C, 0x00, 0x02, 0x00, 0x05, 0x04, 0x02, 0x05, 0x67, 0x00, 0x03, 0x03,
	0x00, 0x5F, 0x00, 0x00, 0x00, 0x11, 0x4D, 0x00, 0x04, 0x04, 0x01, 0x5F, 0x00, 0x01, 0x01, 0x12,
	0x01, 0x4E, 0x35, 0x35, 0x35, 0x36, 0x3D, 0x39, 0x06, 0x07, 0x1C, 0x2B, 0x13, 0x34, 0x36, 0x37,
	0x26, 0x35, 0x35, 0x34, 0x36, 0x36, 0x33, 0x21, 0x32, 0x16, 0x16, 0x15, 0x15, 0x14, 0x07, 0x16,
	0x16, 0x15, 0x15, 0x14, 0x06, 0x06, 0x23, 0x21, 0x22, 0x26, 0x26, 0x35, 0x13, 0x14, 0x16, 0x33,
	0x21, 0x32, 0x36, 0x35, 0x35, 0x34, 0x26, 0x23, 0x21, 0x22, 0x06, 0x15, 0x03, 0x14, 0x16, 0x33,
	0x21, 0x32, 0x36, 0x35, 0x35, 0x34, 0x26, 0x23, 0x21, 0x22, 0x06, 0x15, 0x73, 0x56, 0x49, 0x84,
	0x5F, 0x9F, 0x61, 0x01, 0x46, 0x61, 0x9E, 0x5F, 0x83, 0x4A, 0x54, 0x5E, 0x9E, 0x61, 0xFE, 0x82,
	0x60, 0x9F, 0x5F, 0xEE, 0x57, 0x43, 0x01, 0x2A, 0x44, 0x56, 0x5A, 0x40, 0xFE, 0xC8, 0x3A, 0x52,
	0x1B, 0x5C, 0x40, 0x01, 0x61, 0x3E, 0x59, 0x50, 0x38, 0xFE, 0x7F, 0x3A, 0x51, 0x01, 0xF4, 0x4E,
	0x88, 0x28, 0x4B, 0x9B, 0x58, 0x61, 0x9E, 0x5F, 0x5F, 0x9E, 0x61, 0x58, 0x9D, 0x49, 0x28, 0x87,
	0x4F, 0x86, 0x65, 0xA6, 0x63, 0x63, 0xA6, 0x65, 0x02, 0x6A, 0x3B, 0x4C, 0x4C, 0x3B, 0x58, 0x3A,
	0x51, 0x51, 0x3A, 0xFD, 0x3C, 0x3F, 0x5A, 0x59, 0x3F, 0x89, 0x3A, 0x51, 0x5A, 0x40, 0x00, 0x02,
	0x00, 0x78, 0x00, 0x00, 0x04, 0xB0, 0x05, 0x8E, 0x00, 0x1A, 0x00, 0x27, 0x00, 0x29, 0x40, 0x26,
	0x00, 0x04, 0x00, 0x03, 0x02, 0x04, 0x03, 0x67, 0x00, 0x05, 0x05, 0x00, 0x5F, 0x00, 0x00, 0x00,
	0x11, 0x4D, 0x00, 0x02, 0x02, 0x01, 0x5F, 0x00, 0x01, 0x01, 0x12, 0x01, 0x4E, 0x33, 0x26, 0x23,
	0x21, 0x27, 0x33, 0x06, 0x07, 0x1C, 0x2B, 0x13, 0x34, 0x36, 0x36, 0x33, 0x21, 0x32, 0x16, 0x16,
	0x15, 0x11, 0x14, 0x06, 0x06, 0x23, 0x21, 0x35, 0x21, 0x32, 0x36, 0x35, 0x35, 0x21, 0x22, 0x26,
	0x26, 0x35, 0x37, 0x14, 0x16, 0x33, 0x21, 0x11, 0x34, 0x26, 0x23, 0x21, 0x22, 0x06, 0x15, 0x78,
	0x5E, 0x9E, 0x60, 0x01, 0x7F, 0x61, 0x9E, 0x5E, 0x5E, 0x9E, 0x61, 0xFD, 0x69, 0x02, 0x97, 0x3A,
	0x51, 0xFD, 0xF6, 0x60, 0x9E, 0x5E, 0xD3, 0x50, 0x39, 0x02, 0x0A, 0x52, 0x39, 0xFE, 0x81, 0x39,
	0x50, 0x04, 0x33, 0x60, 0x9E, 0x5D, 0x5D, 0x9E, 0x60, 0xFD, 0x2B, 0x60, 0x9F, 0x5F, 0xD3, 0x51,
	0x3A, 0xAF, 0x56, 0x91, 0x58, 0x02, 0x35, 0x4B, 0x01, 0x65, 0x38, 0x51, 0x50, 0x39, 0x00, 0x01,
	0xFF, 0x6F, 0x00, 0x00, 0x03, 0xFD, 0x05, 0x8E, 0x00, 0x03, 0x00, 0x13, 0x40, 0x10, 0x00, 0x00,
	0x00, 0x11, 0x4D, 0x00, 0x01, 0x01, 0x12, 0x01, 0x4E, 0x11, 0x10, 0x02, 0x07, 0x18, 0x2B, 0x01,
	0x33, 0x01, 0x23, 0x03, 0x53, 0xAA, 0xFC, 0x1C, 0xAA, 0x05, 0x8E, 0xFA, 0x72, 0x00, 0x00, 0x03,
	0x00, 0x78, 0x00, 0x00, 0x07, 0x76, 0x05, 0x8E, 0x00, 0x05, 0x00, 0x09, 0x00, 0x26, 0x00, 0x41,
	0xB1, 0x06, 0x64, 0x44, 0x40, 0x36, 0x00, 0x01, 0x05, 0x07, 0x05, 0x01, 0x07, 0x80, 0x03, 0x01,
	0x00, 0x00, 0x02, 0x06, 0x00, 0x02, 0x67, 0x00, 0x06, 0x00, 0x05, 0x01, 0x06, 0x05, 0x68, 0x00,
	0x07, 0x04, 0x04, 0x07, 0x57, 0x00, 0x07, 0x07, 0x04, 0x5F, 0x08, 0x01, 0x04, 0x07, 0x04, 0x4F,
	0x11, 0x1A, 0x21, 0x2B, 0x11, 0x11, 0x11, 0x11, 0x10, 0x09, 0x07, 0x1F, 0x2B, 0xB1, 0x06, 0x00,
	0x44, 0x13, 0x21, 0x11, 0x23, 0x11, 0x23, 0x25, 0x33, 0x01, 0x23, 0x01, 0x34, 0x36, 0x37, 0x25,
	0x36, 0x36, 0x35, 0x35, 0x34, 0x26, 0x23, 0x21, 0x35, 0x21, 0x32, 0x16, 0x15, 0x15, 0x14, 0x06,
	0x07, 0x05, 0x06, 0x15, 0x15, 0x21, 0x15, 0x21, 0x78, 0x01, 0x11, 0x82, 0x8F, 0x04, 0x81, 0xA0,
	0xFC, 0x10, 0xA0, 0x03, 0xE4, 0x42, 0x52, 0x01, 0x34, 0x1C, 0x23, 0x2D, 0x20, 0xFE, 0x70, 0x01,
	0x90, 0x56, 0x79, 0x53, 0x3F, 0xFE, 0xA6, 0x1A, 0x02, 0x05, 0xFD, 0x78, 0x05, 0x8E, 0xFC, 0xBE,
	0x02, 0xC0, 0x82, 0xFA, 0x72, 0x01, 0x19, 0x44, 0x41, 0x10, 0x3B, 0x05, 0x2E, 0x1D, 0x35, 0x20,
	0x2D, 0x83, 0x77, 0x54, 0x3B, 0x4A, 0x71, 0x0C, 0x41, 0x05, 0x10, 0x98, 0x83, 0x00, 0x00, 0x03,
	0x00, 0x78, 0x00, 0x00, 0x07, 0x83, 0x05, 0x8E, 0x00, 0x05, 0x00, 0x09, 0x00, 0x19, 0x00, 0x45,
	0xB1, 0x06, 0x64, 0x44, 0x40, 0x3A, 0x00, 0x01, 0x05, 0x06, 0x05, 0x01, 0x06, 0x80, 0x03, 0x01,
	0x00, 0x00, 0x02, 0x05, 0x00, 0x02, 0x67, 0x07, 0x01, 0x05, 0x01, 0x04, 0x05, 0x57, 0x00, 0x06,
	0x00, 0x09, 0x04, 0x06, 0x09, 0x68, 0x07, 0x01, 0x05, 0x05, 0x04, 0x5F, 0x08, 0x01, 0x04, 0x05,
	0x04, 0x4F, 0x17, 0x15, 0x11, 0x11, 0x23, 0x11, 0x11, 0x11, 0x11, 0x11, 0x10, 0x0A, 0x07, 0x1F,
	0x2B, 0xB1, 0x06, 0x00, 0x44, 0x13, 0x21, 0x11, 0x23, 0x11, 0x23, 0x25, 0x33, 0x01, 0x23, 0x01,
	0x33, 0x11, 0x14, 0x16, 0x33, 0x21, 0x11, 0x33, 0x11, 0x23, 0x11, 0x21, 0x22, 0x26, 0x35, 0x78,
	0x01, 0x11, 0x82, 0x8F, 0x04, 0x80, 0xA1, 0xFC, 0x11, 0xA1, 0x04, 0x10, 0x82, 0x2C, 0x20, 0x01,
	0x1A, 0x82, 0x82, 0xFE, 0xE7, 0x56, 0x79, 0x05, 0x8E, 0xFC, 0xBE, 0x02, 0xC0, 0x82, 0xFA, 0x72,
	0x03, 0x3E, 0xFE, 0xE1, 0x20, 0x2D, 0x01, 0x6C, 0xFC, 0xC2, 0x01, 0x4F, 0x79, 0x55, 0x00, 0x03,
	0x00, 0x78, 0x00, 0x00, 0x08, 0x97, 0x05, 0x8E, 0x00, 0x22, 0x00, 0x26, 0x00, 0x36, 0x00, 0x59,
	0xB1, 0x06, 0x64, 0x44, 0x40, 0x4E, 0x1B, 0x01, 0x01, 0x02, 0x01, 0x4C, 0x06, 0x01, 0x04, 0x00,
	0x03, 0x02, 0x04, 0x03, 0x67, 0x00, 0x02, 0x00, 0x01, 0x08, 0x02, 0x01, 0x67, 0x0A, 0x01, 0x08,
	0x00, 0x07, 0x08, 0x57, 0x00, 0x00, 0x00, 0x05, 0x09, 0x00, 0x05, 0x67, 0x00, 0x09, 0x00, 0x0C,
	0x07, 0x09, 0x0C, 0x68, 0x0A, 0x01, 0x08, 0x08, 0x07, 0x5F, 0x0B, 0x01, 0x07, 0x08, 0x07, 0x4F,
	0x34, 0x32, 0x31, 0x30, 0x2F, 0x2E, 0x2D, 0x2B, 0x11, 0x11, 0x11, 0x2A, 0x21, 0x25, 0x21, 0x25,
	0x20, 0x0D, 0x07, 0x1F, 0x2B, 0xB1, 0x06, 0x00, 0x44, 0x13, 0x21, 0x32, 0x36, 0x35, 0x35, 0x34,
	0x26, 0x23, 0x23, 0x35, 0x33, 0x32, 0x36, 0x35, 0x35, 0x34, 0x26, 0x23, 0x21, 0x35, 0x21, 0x32,
	0x16, 0x15, 0x15, 0x14, 0x07, 0x16, 0x15, 0x15, 0x14, 0x06, 0x23, 0x21, 0x01, 0x33, 0x01, 0x23,
	0x01, 0x33, 0x11, 0x14, 0x16, 0x33, 0x21, 0x11, 0x33, 0x11, 0x23, 0x11, 0x21, 0x22, 0x26, 0x35,
	0x78, 0x01, 0xBA, 0x20, 0x2E, 0x3E, 0x2C, 0xC3, 0xC3, 0x26, 0x34, 0x2E, 0x20, 0xFE, 0x56, 0x01,
	0xA8, 0x57, 0x7B, 0x43, 0x53, 0x7B, 0x56, 0xFE, 0x47, 0x05, 0x97, 0xA0, 0xFC, 0x18, 0xA0, 0x04,
	0x06, 0x82, 0x2C, 0x20, 0x01, 0x1A, 0x82, 0x82, 0xFE, 0xE7, 0x56, 0x79, 0x02, 0xD7, 0x2C, 0x1F,
	0x4E, 0x23, 0x34, 0x82, 0x31, 0x22, 0x25, 0x1F, 0x2B, 0x83, 0x77, 0x54, 0x29, 0x58, 0x34, 0x35,
	0x6A, 0x4E, 0x55, 0x78, 0x03, 0x3A, 0xFA, 0x72, 0x03, 0x3E, 0xFE, 0xE1, 0x20, 0x2D, 0x01, 0x6C,
	0xFC, 0xC2, 0x01, 0x4F, 0x79, 0x55, 0x00, 0x01, 0x00, 0x28, 0x02, 0x54, 0x01, 0x39, 0x05, 0x8E,
	0x00, 0x05, 0x00, 0x19, 0x40, 0x16, 0x00, 0x02, 0x02, 0x00, 0x5F, 0x00, 0x00, 0x00, 0x21, 0x4D,
	0x00, 0x01, 0x01, 0x22, 0x01, 0x4E, 0x11, 0x11, 0x10, 0x03, 0x08, 0x19, 0x2B, 0x13, 0x21, 0x11,
	0x23, 0x11, 0x23, 0x28, 0x01, 0x11, 0x82, 0x8F, 0x05, 0x8E, 0xFC, 0xC6, 0x02, 0xB7, 0x00, 0x01,
	0x00, 0x46, 0x02, 0x54, 0x02, 0xCC, 0x05, 0x8E, 0x00, 0x1C, 0x00, 0x1F, 0x40, 0x1C, 0x00, 0x00,
	0x00, 0x01, 0x5F, 0x00, 0x01, 0x01, 0x21, 0x4D, 0x00, 0x02, 0x02, 0x03, 0x5F, 0x00, 0x03, 0x03,
	0x22, 0x03, 0x4E, 0x11, 0x1A, 0x21, 0x2A, 0x04, 0x08, 0x1A, 0x2B, 0x13, 0x34, 0x36, 0x37, 0x25,
	0x36, 0x36, 0x35, 0x35, 0x34, 0x26, 0x23, 0x21, 0x35, 0x21, 0x32, 0x16, 0x15, 0x15, 0x14, 0x06,
	0x07, 0x05, 0x06, 0x15, 0x15, 0x21, 0x15, 0x21, 0x46, 0x41, 0x51, 0x01, 0x33, 0x1C, 0x23, 0x2D,
	0x20, 0xFE, 0x72, 0x01, 0x8E, 0x56, 0x79, 0x53, 0x3F, 0xFE, 0xA8, 0x1A, 0x02, 0x03, 0xFD, 0x7B,
	0x03, 0x6F, 0x44, 0x43, 0x0F, 0x39, 0x05, 0x2D, 0x1C, 0x34, 0x20, 0x2B, 0x83, 0x75, 0x53, 0x3A,
	0x49, 0x71, 0x0C, 0x41, 0x05, 0x10, 0x99, 0x83, 0x00, 0x01, 0x00, 0x46, 0x02, 0x54, 0x02, 0xD0,
	0x05, 0x8E, 0x00, 0x22, 0x00, 0x2F, 0x40, 0x2C, 0x1B, 0x01, 0x01, 0x02, 0x01, 0x4C, 0x00, 0x02,
	0x00, 0x01, 0x00, 0x02, 0x01, 0x67, 0x00, 0x03, 0x03, 0x04, 0x5F, 0x00, 0x04, 0x04, 0x21, 0x4D,
	0x00, 0x00, 0x00, 0x05, 0x5F, 0x00, 0x05, 0x05, 0x22, 0x05, 0x4E, 0x2A, 0x21, 0x25, 0x21, 0x25,
	0x20, 0x06, 0x08, 0x1C, 0x2B, 0x13, 0x21, 0x32, 0x36, 0x35, 0x35, 0x34, 0x26, 0x23, 0x23, 0x35,
	0x33, 0x32, 0x36, 0x35, 0x35, 0x34, 0x26, 0x23, 0x21, 0x35, 0x21, 0x32, 0x16, 0x15, 0x15, 0x14,
	0x07, 0x16, 0x15, 0x15, 0x14, 0x06, 0x23, 0x21, 0x46, 0x01, 0xBA, 0x20, 0x2E, 0x3E, 0x2C, 0xC3,
	0xC3, 0x26, 0x34, 0x2E, 0x20, 0xFE, 0x56, 0x01, 0xA8, 0x57, 0x7B, 0x43, 0x53, 0x7B, 0x56, 0xFE,
	0x47, 0x02, 0xD7, 0x2C, 0x1F, 0x4E, 0x23, 0x34, 0x82, 0x31, 0x22, 0x25, 0x1F, 0x2B, 0x83, 0x77,
	0x54, 0x29, 0x58, 0x34, 0x35, 0x6A, 0x4E, 0x55, 0x78, 0x00, 0x00, 0x01, 0x00, 0x73, 0xFF, 0xF6,
	0x01, 0x77, 0x00, 0xFA, 0x00, 0x0B, 0x00, 0x13, 0x40, 0x10, 0x00, 0x00, 0x00, 0x01, 0x61, 0x00,
	0x01, 0x01, 0x12, 0x01, 0x4E, 0x24, 0x22, 0x02, 0x07, 0x18, 0x2B, 0x37, 0x34, 0x36, 0x33, 0x32,
	0x16, 0x15, 0x14, 0x06, 0x23, 0x22, 0x26, 0x73, 0x4C, 0x36, 0x37, 0x4B, 0x4B, 0x37, 0x36, 0x4C,
	0x78, 0x36, 0x4C, 0x4B, 0x37, 0x37, 0x4B, 0x4C, 0x00, 0x01, 0x00, 0x28, 0xFF, 0x6A, 0x01, 0x5E,
	0x00, 0xDC, 0x00, 0x03, 0x00, 0x18, 0x40, 0x15, 0x00, 0x00, 0x01, 0x01, 0x00, 0x57, 0x00, 0x00,
	0x00, 0x01, 0x5F, 0x00, 0x01, 0x00, 0x01, 0x4F, 0x11, 0x10, 0x02, 0x07, 0x18, 0x2B, 0x37, 0x33,
	0x03, 0x23, 0x96, 0xC8, 0x96, 0xA0, 0xDC, 0xFE, 0x8E, 0x00, 0x00, 0x02, 0x00, 0x78, 0xFF, 0xF6,
	0x01, 0x7C, 0x03, 0xF5, 0x00, 0x0B, 0x00, 0x17, 0x00, 0x3C, 0x4B, 0xB0, 0x2D, 0x50, 0x58, 0x40,
	0x15, 0x00, 0x01, 0x01, 0x00, 0x61, 0x00, 0x00, 0x00, 0x14, 0x4D, 0x00, 0x02, 0x02, 0x03, 0x61,
	0x00, 0x03, 0x03, 0x12, 0x03, 0x4E, 0x1B, 0x40, 0x13, 0x00, 0x00, 0x00, 0x01, 0x02, 0x00, 0x01,
	0x69, 0x00, 0x02, 0x02, 0x03, 0x61, 0x00, 0x03, 0x03, 0x12, 0x03, 0x4E, 0x59, 0xB6, 0x24, 0x24,
	0x24, 0x22, 0x04, 0x07, 0x1A, 0x2B, 0x13, 0x34, 0x36, 0x33, 0x32, 0x16, 0x15, 0x14, 0x06, 0x23,
	0x22, 0x26, 0x11, 0x34, 0x36, 0x33, 0x32, 0x16, 0x15, 0x14, 0x06, 0x23, 0x22, 0x26, 0x78, 0x4C,
	0x36, 0x37, 0x4B, 0x4B, 0x37, 0x37, 0x4B, 0x4C, 0x36, 0x37, 0x4B, 0x4B, 0x37, 0x36, 0x4C, 0x03,
	0x73, 0x36, 0x4C, 0x4B, 0x37, 0x37, 0x4B, 0x4B, 0xFD, 0x3C, 0x36, 0x4C, 0x4B, 0x37, 0x37, 0x4B,
	0x4C, 0x00, 0x00, 0x02, 0x00, 0x28, 0xFF, 0x6A, 0x01, 0x7C, 0x03, 0xF5, 0x00, 0x0B, 0x00, 0x0F,
	0x00, 0x3E, 0x4B, 0xB0, 0x2D, 0x50, 0x58, 0x40, 0x12, 0x00, 0x02, 0x00, 0x03, 0x02, 0x03, 0x63,
	0x00, 0x01, 0x01, 0x00, 0x61, 0x00, 0x00, 0x00, 0x14, 0x01, 0x4E, 0x1B, 0x40, 0x18, 0x00, 0x00,
	0x00, 0x01, 0x02, 0x00, 0x01, 0x69, 0x00, 0x02, 0x03, 0x03, 0x02, 0x57, 0x00, 0x02, 0x02, 0x03,
	0x5F, 0x00, 0x03, 0x02, 0x03, 0x4F, 0x59, 0xB6, 0x11, 0x12, 0x24, 0x22, 0x04, 0x07, 0x1A, 0x2B,
	0x13, 0x34, 0x36, 0x33, 0x32, 0x16, 0x15, 0x14, 0x06, 0x23, 0x22, 0x26, 0x13, 0x33, 0x03, 0x23,
	0x78, 0x4C, 0x36, 0x37, 0x4B, 0x4B, 0x37, 0x37, 0x4B, 0x1E, 0xC8, 0x96, 0xA0, 0x03, 0x73, 0x36,
	0x4C, 0x4B, 0x37, 0x37, 0x4B, 0x4B, 0xFD, 0xA0, 0xFE, 0x8E, 0x00, 0x03, 0x00, 0x78, 0xFF, 0xF6,
	0x04, 0x80, 0x00, 0xFA, 0x00, 0x0B, 0x00, 0x17, 0x00, 0x23, 0x00, 0x1B, 0x40, 0x18, 0x04, 0x02,
	0x02, 0x00, 0x00, 0x01, 0x61, 0x05, 0x03, 0x02, 0x01, 0x01, 0x12, 0x01, 0x4E, 0x24, 0x24, 0x24,
	0x24, 0x24, 0x22, 0x06, 0x07, 0x1C, 0x2B, 0x37, 0x34, 0x36, 0x33, 0x32, 0x16, 0x15, 0x14, 0x06,
	0x23, 0x22, 0x26, 0x25, 0x34, 0x36, 0x33, 0x32, 0x16, 0x15, 0x14, 0x06, 0x23, 0x22, 0x26, 0x25,
	0x34, 0x36, 0x33, 0x32, 0x16, 0x15, 0x14, 0x06, 0x23, 0x22, 0x26, 0x78, 0x4C, 0x36, 0x37, 0x4B,
	0x4B, 0x37, 0x36, 0x4C, 0x01, 0x82, 0x4C, 0x36, 0x37, 0x4B, 0x4B, 0x37, 0x36, 0x4C, 0x01, 0x82,
	0x4C, 0x36, 0x37, 0x4B, 0x4B, 0x37, 0x36, 0x4C, 0x78, 0x36, 0x4C, 0x4B, 0x37, 0x37, 0x4B, 0x4C,
	0x36, 0x36, 0x4C, 0x4B, 0x37, 0x37, 0x4B, 0x4C, 0x36, 0x36, 0x4C, 0x4B, 0x37, 0x37, 0x4B, 0x4C,
	0x00, 0x02, 0x00, 0x8C, 0xFF, 0xF6, 0x01, 0x90, 0x05, 0x8E, 0x00, 0x03, 0x00, 0x0F, 0x00, 0x1F,
	0x40, 0x1C, 0x00, 0x01, 0x01, 0x00, 0x5F, 0x00, 0x00, 0x00, 0x11, 0x4D, 0x00, 0x02, 0x02, 0x03,
	0x61, 0x00, 0x03, 0x03, 0x12, 0x03, 0x4E, 0x24, 0x23, 0x11, 0x10, 0x04, 0x07, 0x1A, 0x2B, 0x13,
	0x33, 0x11, 0x23, 0x07, 0x34, 0x36, 0x33, 0x32, 0x16, 0x15, 0x14, 0x06, 0x23, 0x22, 0x26, 0xA5,
	0xD3, 0xD3, 0x19, 0x4C, 0x36, 0x37, 0x4B, 0x4B, 0x37, 0x36, 0x4C, 0x05, 0x8E, 0xFB, 0xBF, 0xD5,
	0x36, 0x4C, 0x4B, 0x37, 0x37, 0x4B, 0x4C, 0x00, 0x00, 0x02, 0x00, 0x78, 0xFE, 0x7A, 0x01, 0x7C,
	0x04, 0xE5, 0x00, 0x0B, 0x00, 0x0F, 0x00, 0x1D, 0x40, 0x1A, 0x00, 0x00, 0x00, 0x01, 0x02, 0x00,
	0x01, 0x69, 0x00, 0x02, 0x02, 0x03, 0x5F, 0x00, 0x03, 0x03, 0x16, 0x03, 0x4E, 0x11, 0x12, 0x24,
	0x22, 0x04, 0x07, 0x1A, 0x2B, 0x13, 0x34, 0x36, 0x33, 0x32, 0x16, 0x15, 0x14, 0x06, 0x23, 0x22,
	0x26, 0x17, 0x33, 0x11, 0x23, 0x78, 0x4C, 0x36, 0x36, 0x4C, 0x4C, 0x36, 0x36, 0x4C, 0x18, 0xD4,
	0xD4, 0x04, 0x63, 0x36, 0x4C, 0x4C, 0x36, 0x36, 0x4C, 0x4C, 0xE4, 0xFB, 0x31, 0x00, 0x00, 0x02,
	0x00, 0x5A, 0xFF, 0xF6, 0x04, 0x05, 0x05, 0x8E, 0x00, 0x1B, 0x00, 0x27, 0x00, 0x28, 0x40, 0x25,
	0x00, 0x01, 0x02, 0x03, 0x02, 0x01, 0x03, 0x80, 0x00, 0x02, 0x02, 0x00, 0x5F, 0x00, 0x00, 0x00,
	0x11, 0x4D, 0x00, 0x03, 0x03, 0x04, 0x61, 0x00, 0x04, 0x04, 0x12, 0x04, 0x4E, 0x24, 0x23, 0x2A,
	0x1C, 0x20, 0x05, 0x07, 0x1B, 0x2B, 0x13, 0x21, 0x32, 0x16, 0x16, 0x15, 0x15, 0x14, 0x06, 0x06,
	0x07, 0x06, 0x06, 0x15, 0x15, 0x23, 0x35, 0x34, 0x36, 0x37, 0x36, 0x36, 0x35, 0x35, 0x34, 0x26,
	0x23, 0x21, 0x13, 0x34, 0x36, 0x33, 0x32, 0x16, 0x15, 0x14, 0x06, 0x23, 0x22, 0x26, 0x5A, 0x02,
	0x6B, 0x5A, 0x91, 0x55, 0x3E, 0x8F, 0x79, 0x63, 0x47, 0xD3, 0x99, 0xBC, 0x55, 0x46, 0x40, 0x2D,
	0xFD, 0x95, 0xDA, 0x46, 0x31, 0x32, 0x45, 0x45, 0x32, 0x31, 0x46, 0x05, 0x8E, 0x54, 0x91, 0x5A,
	0x8E, 0x5E, 0x85, 0x63, 0x2C, 0x25, 0x2F, 0x1D, 0xAB, 0xAB, 0x6E, 0x90, 0x43, 0x1E, 0x4C, 0x3E,
	0x88, 0x2D, 0x40, 0xFB, 0xB1, 0x32, 0x45, 0x45, 0x32, 0x31, 0x46, 0x46, 0x00, 0x02, 0x00, 0x5A,
	0xFE, 0x7A, 0x04, 0x05, 0x04, 0x12, 0x00, 0x0B, 0x00, 0x27, 0x00, 0x28, 0x40, 0x25, 0x00, 0x02,
	0x01, 0x03, 0x01, 0x02, 0x03, 0x80, 0x00, 0x01, 0x01, 0x00, 0x61, 0x00, 0x00, 0x00, 0x14, 0x4D,
	0x00, 0x03, 0x03, 0x04, 0x60, 0x00, 0x04, 0x04, 0x16, 0x04, 0x4E, 0x21, 0x2A, 0x1A, 0x24, 0x22,
	0x05, 0x07, 0x1B, 0x2B, 0x01, 0x34, 0x36, 0x33, 0x32, 0x16, 0x15, 0x14, 0x06, 0x23, 0x22, 0x26,
	0x01, 0x34, 0x36, 0x36, 0x37, 0x36, 0x36, 0x35, 0x35, 0x33, 0x15, 0x14, 0x06, 0x07, 0x06, 0x06,
	0x15, 0x15, 0x14, 0x16, 0x33, 0x21, 0x15, 0x21, 0x22, 0x26, 0x26, 0x35, 0x02, 0x3D, 0x46, 0x31,
	0x32, 0x45, 0x45, 0x32, 0x31, 0x46, 0xFE, 0x1D, 0x3D, 0x8F, 0x7A, 0x63, 0x47, 0xD3, 0x9C, 0xB9,
	0x55, 0x46, 0x40, 0x2D, 0x02, 0x6B, 0xFD, 0x95, 0x5A, 0x91, 0x55, 0x03, 0x9B, 0x32, 0x45, 0x45,
	0x32, 0x31, 0x46, 0x46, 0xFC, 0xDE, 0x5E, 0x84, 0x63, 0x2D, 0x23, 0x2F, 0x1E, 0xAC, 0xAC, 0x6D,
	0x92, 0x41, 0x1F, 0x4B, 0x3E, 0x89, 0x2D, 0x40, 0xD2, 0x54, 0x90, 0x5A, 0x00, 0x01, 0x00, 0x78,
	0x03, 0x07, 0x01, 0x55, 0x03, 0xE4, 0x00, 0x0B, 0x00, 0x2D, 0x4B, 0xB0, 0x19, 0x50, 0x58, 0x40,
	0x0B, 0x00, 0x01, 0x01, 0x00, 0x61, 0x00, 0x00, 0x00, 0x14, 0x01, 0x4E, 0x1B, 0x40, 0x10, 0x00,
	0x00, 0x01, 0x01, 0x00, 0x59, 0x00, 0x00, 0x00, 0x01, 0x61, 0x00, 0x01, 0x00, 0x01, 0x51, 0x59,
	0xB4, 0x24, 0x22, 0x02, 0x07, 0x18, 0x2B, 0x13, 0x34, 0x36, 0x33, 0x32, 0x16, 0x15, 0x14, 0x06,
	0x23, 0x22, 0x26, 0x78, 0x40, 0x2E, 0x2F, 0x40, 0x40, 0x2F, 0x2E, 0x40, 0x03, 0x76, 0x2E, 0x40,
	0x40, 0x2E, 0x2E, 0x41, 0x41, 0x00, 0x00, 0x01, 0x00, 0x78, 0x01, 0xFE, 0x02, 0x44, 0x03, 0xCA,
	0x00, 0x0B, 0x00, 0x18, 0x40, 0x15, 0x00, 0x00, 0x01, 0x01, 0x00, 0x59, 0x00, 0x00, 0x00, 0x01,
	0x61, 0x00, 0x01, 0x00, 0x01, 0x51, 0x24, 0x22, 0x02, 0x07, 0x18, 0x2B, 0x13, 0x34, 0x36, 0x33,
	0x32, 0x16, 0x15, 0x14, 0x06, 0x23, 0x22, 0x26, 0x78, 0x86, 0x60, 0x60, 0x86, 0x86, 0x60, 0x60,
	0x86, 0x02, 0xE4, 0x60, 0x86, 0x86, 0x60, 0x60, 0x86, 0x86, 0x00, 0x01, 0x00, 0x78, 0x00, 0xD5,
	0x02, 0xF9, 0x03, 0x67, 0x00, 0x11, 0x00, 0x2A, 0x40, 0x27, 0x11, 0x10, 0x0F, 0x0E, 0x0D, 0x0A,
	0x09, 0x08, 0x07, 0x06, 0x05, 0x04, 0x01, 0x0D, 0x01, 0x00, 0x01, 0x4C, 0x00, 0x00, 0x01, 0x01,
	0x00, 0x57, 0x00, 0x00, 0x00, 0x01, 0x5F, 0x00, 0x01, 0x00, 0x01, 0x4F, 0x18, 0x12, 0x02, 0x07,
	0x18, 0x2B, 0x13, 0x17, 0x35, 0x33, 0x15, 0x37, 0x17, 0x07, 0x17, 0x07, 0x27, 0x15, 0x23, 0x35,
	0x07, 0x27, 0x37, 0x27, 0xC1, 0xAD, 0x93, 0xB1, 0x45, 0xAD, 0xAF, 0x49, 0xAF, 0x93, 0xAD, 0x48,
	0xAD, 0xAE, 0x03, 0x01, 0x63, 0xC9, 0xC9, 0x64, 0x7F, 0x65, 0x65, 0x7D, 0x64, 0xCB, 0xCA, 0x65,
	0x80, 0x66, 0x64, 0x00, 0x00, 0x02, 0x00, 0x78, 0x00, 0x00, 0x04, 0xC8, 0x05, 0x8E, 0x00, 0x1B,
	0x00, 0x1F, 0x00, 0x7A, 0x4B, 0xB0, 0x1B, 0x50, 0x58, 0x40, 0x28, 0x10, 0x0F, 0x08, 0x03, 0x00,
	0x0D, 0x0B, 0x02, 0x09, 0x0A, 0x00, 0x09, 0x67, 0x05, 0x01, 0x03, 0x03, 0x11, 0x4D, 0x0E, 0x07,
	0x02, 0x01, 0x01, 0x02, 0x5F, 0x06, 0x04, 0x02, 0x02, 0x02, 0x14, 0x4D, 0x0C, 0x01, 0x0A, 0x0A,
	0x12, 0x0A, 0x4E, 0x1B, 0x40, 0x26, 0x06, 0x04, 0x02, 0x02, 0x0E, 0x07, 0x02, 0x01, 0x00, 0x02,
	0x01, 0x68, 0x10, 0x0F, 0x08, 0x03, 0x00, 0x0D, 0x0B, 0x02, 0x09, 0x0A, 0x00, 0x09, 0x67, 0x05,
	0x01, 0x03, 0x03, 0x11, 0x4D, 0x0C, 0x01, 0x0A, 0x0A, 0x12, 0x0A, 0x4E, 0x59, 0x40, 0x1E, 0x1C,
	0x1C, 0x1C, 0x1F, 0x1C, 0x1F, 0x1E, 0x1D, 0x1B, 0x1A, 0x19, 0x18, 0x17, 0x16, 0x15, 0x14, 0x13,
	0x12, 0x11, 0x11, 0x11, 0x11, 0x11, 0x11, 0x11, 0x11, 0x10, 0x11, 0x07, 0x1F, 0x2B, 0x13, 0x33,
	0x37, 0x23, 0x37, 0x33, 0x13, 0x33, 0x03, 0x33, 0x13, 0x33, 0x03, 0x33, 0x07, 0x23, 0x07, 0x33,
	0x07, 0x23, 0x03, 0x23, 0x13, 0x23, 0x03, 0x23, 0x13, 0x23, 0x25, 0x37, 0x23, 0x07, 0x85, 0xDE,
	0x09, 0xDE, 0x0E, 0xDE, 0x1D, 0xBD, 0x1E, 0xF8, 0x1E, 0xBC, 0x1E, 0xDE, 0x0F, 0xDD, 0x08, 0xDC,
	0x0D, 0xDD, 0x22, 0xBC, 0x22, 0xF8, 0x22, 0xBD, 0x23, 0xDE, 0x02, 0xA0, 0x08, 0xF7, 0x0A, 0x02,
	0xA8, 0x80, 0xBD, 0x01, 0xA9, 0xFE, 0x57, 0x01, 0xA9, 0xFE, 0x57, 0xBD, 0x80, 0xBC, 0xFE, 0x14,
	0x01, 0xEC, 0xFE, 0x14, 0x01, 0xEC, 0xBC, 0x80, 0x80, 0x00, 0x00, 0x01, 0x00, 0x14, 0xFF, 0xD6,
	0x05, 0x5B, 0x06, 0x04, 0x00, 0x03, 0x00, 0x26, 0x4B, 0xB0, 0x19, 0x50, 0x58, 0x40, 0x0B, 0x00,
	0x00, 0x01, 0x00, 0x85, 0x00, 0x01, 0x01, 0x12, 0x01, 0x4E, 0x1B, 0x40, 0x09, 0x00, 0x00, 0x01,
	0x00, 0x85, 0x00, 0x01, 0x01, 0x76, 0x59, 0xB4, 0x11, 0x10, 0x02, 0x07, 0x18, 0x2B, 0x01, 0x33,
	0x01, 0x23, 0x04, 0x6B, 0xF0, 0xFB, 0xA9, 0xF0, 0x06, 0x04, 0xF9, 0xD2, 0x00, 0x01, 0x00, 0x14,
	0xFF, 0xD6, 0x05, 0x5B, 0x06, 0x04, 0x00, 0x03, 0x00, 0x2E, 0x4B, 0xB0, 0x19, 0x50, 0x58, 0x40,
	0x0C, 0x02, 0x01, 0x01, 0x00, 0x01, 0x85, 0x00, 0x00, 0x00, 0x12, 0x00, 0x4E, 0x1B, 0x40, 0x0A,
	0x02, 0x01, 0x01, 0x00, 0x01, 0x85, 0x00, 0x00, 0x00, 0x76, 0x59, 0x40, 0x0A, 0x00, 0x00, 0x00,
	0x03, 0x00, 0x03, 0x11, 0x03, 0x07, 0x17, 0x2B, 0x01, 0x01, 0x23, 0x01, 0x01, 0x04, 0x04, 0x57,
	0xF0, 0xFB, 0xA9, 0x06, 0x04, 0xF9, 0xD2, 0x06, 0x2E, 0x00, 0x00, 0x01, 0x00, 0x78, 0x03, 0x07,
	0x01, 0x55, 0x03, 0xE4, 0x00, 0x0B, 0x00, 0x2D, 0x4B, 0xB0, 0x19, 0x50, 0x58, 0x40, 0x0B, 0x00,
	0x01, 0x01, 0x00, 0x61, 0x00, 0x00, 0x00, 0x14, 0x01, 0x4E, 0x1B, 0x40, 0x10, 0x00, 0x00, 0x01,
	0x01, 0x00, 0x59, 0x00, 0x00, 0x00, 0x01, 0x61, 0x00, 0x01, 0x00, 0x01, 0x51, 0x59, 0xB4, 0x24,
	0x22, 0x02, 0x07, 0x18, 0x2B, 0x13, 0x34, 0x36, 0x33, 0x32, 0x16, 0x15, 0x14, 0x06, 0x23, 0x22,
	0x26, 0x78, 0x40, 0x2E, 0x2F, 0x40, 0x40, 0x2F, 0x2E, 0x40, 0x03, 0x76, 0x2E, 0x40, 0x40, 0x2E,
	0x2E, 0x41, 0x41, 0x00, 0x00, 0x01, 0x00, 0x78, 0x03, 0x07, 0x01, 0x55, 0x03, 0xE4, 0x00, 0x0B,
	0x00, 0x2D, 0x4B, 0xB0, 0x19, 0x50, 0x58, 0x40, 0x0B, 0x00, 0x01, 0x01, 0x00, 0x61, 0x00, 0x00,
	0x00, 0x14, 0x01, 0x4E, 0x1B, 0x40, 0x10, 0x00, 0x00, 0x01, 0x01, 0x00, 0x59, 0x00, 0x00, 0x00,
	0x01, 0x61, 0x00, 0x01, 0x00, 0x01, 0x51, 0x59, 0xB4, 0x24, 0x22, 0x02, 0x07, 0x18, 0x2B, 0x13,
	0x34, 0x36, 0x33, 0x32, 0x16, 0x15, 0x14, 0x06, 0x23, 0x22, 0x26, 0x78, 0x40, 0x2E, 0x2F, 0x40,
	0x40, 0x2F, 0x2E, 0x40, 0x03, 0x76, 0x2E, 0x40, 0x40, 0x2E, 0x2E, 0x41, 0x41, 0x00, 0x00, 0x01,
	0x00, 0x78, 0x01, 0xD2, 0x02, 0xEB, 0x02, 0x82, 0x00, 0x03, 0x00, 0x18, 0x40, 0x15, 0x00, 0x00,
	0x01, 0x01, 0x00, 0x57, 0x00, 0x00, 0x00, 0x01, 0x5F, 0x00, 0x01, 0x00, 0x01, 0x4F, 0x11, 0x10,
	0x02, 0x07, 0x18, 0x2B, 0x13, 0x21, 0x15, 0x21, 0x78, 0x02, 0x73, 0xFD, 0x8D, 0x02, 0x82, 0xB0,
	0x00, 0x01, 0x00, 0x6E, 0x01, 0xD2, 0x02, 0xE1, 0x02, 0x82, 0x00, 0x03, 0x00, 0x18, 0x40, 0x15,
	0x00, 0x00, 0x01, 0x01, 0x00, 0x57, 0x00, 0x00, 0x00, 0x01, 0x5F, 0x00, 0x01, 0x00, 0x01, 0x4F,
	0x11, 0x10, 0x02, 0x07, 0x18, 0x2B, 0x13, 0x21, 0x15, 0x21, 0x6E, 0x02, 0x73, 0xFD, 0x8D, 0x02,
	0x82, 0xB0, 0x00, 0x01, 0x00, 0x6E, 0x01, 0xD2, 0x03, 0x92, 0x02, 0x82, 0x00, 0x03, 0x00, 0x18,
	0x40, 0x15, 0x00, 0x00, 0x01, 0x01, 0x00, 0x57, 0x00, 0x00, 0x00, 0x01, 0x5F, 0x00, 0x01, 0x00,
	0x01, 0x4F, 0x11, 0x10, 0x02, 0x07, 0x18, 0x2B, 0x13, 0x21, 0x15, 0x21, 0x6E, 0x03, 0x24, 0xFC,
	0xDC, 0x02, 0x82, 0xB0, 0x00, 0x01, 0x00, 0x6E, 0x01, 0xD2, 0x07, 0x92, 0x02, 0x82, 0x00, 0x03,
	0x00, 0x18, 0x40, 0x15, 0x00, 0x00, 0x01, 0x01, 0x00, 0x57, 0x00, 0x00, 0x00, 0x01, 0x5F, 0x00,
	0x01, 0x00, 0x01, 0x4F, 0x11, 0x10, 0x02, 0x07, 0x18, 0x2B, 0x13, 0x21, 0x15, 0x21, 0x6E, 0x07,
	0x24, 0xF8, 0xDC, 0x02, 0x82, 0xB0, 0x00, 0x01, 0x00, 0x6E, 0xFF, 0x50, 0x04, 0x93, 0x00, 0x00,
	0x00, 0x03, 0x00, 0x27, 0xB1, 0x06, 0x64, 0x44, 0x40, 0x1C, 0x02, 0x01, 0x01, 0x00, 0x00, 0x01,
	0x57, 0x02, 0x01, 0x01, 0x01, 0x00, 0x5F, 0x00, 0x00, 0x01, 0x00, 0x4F, 0x00, 0x00, 0x00, 0x03,
	0x00, 0x03, 0x11, 0x03, 0x07, 0x17, 0x2B, 0xB1, 0x06, 0x00, 0x44, 0x21, 0x15, 0x21, 0x35, 0x04,
	0x93, 0xFB, 0xDB, 0xB0, 0xB0, 0x00, 0x00, 0x01, 0x00, 0x8C, 0xFE, 0x7A, 0x02, 0x7D, 0x06, 0x5D,
	0x00, 0x13, 0x00, 0x1D, 0x40, 0x1A, 0x00, 0x00, 0x00, 0x01, 0x02, 0x00, 0x01, 0x69, 0x00, 0x02,
	0x02, 0x03, 0x61, 0x00, 0x03, 0x03, 0x1C, 0x03, 0x4E, 0x11, 0x17, 0x11, 0x13, 0x04, 0x07, 0x1A,
	0x2B, 0x13, 0x34, 0x36, 0x36, 0x33, 0x15, 0x22, 0x06, 0x06, 0x15, 0x11, 0x14, 0x16, 0x16, 0x33,
	0x15, 0x22, 0x26, 0x26, 0x35, 0x8C, 0x59, 0xD9, 0xBF, 0x74, 0x7C, 0x2E, 0x2F, 0x7C, 0x73, 0xC0,
	0xD8, 0x59, 0x05, 0x14, 0x7F, 0x8F, 0x3B, 0xD2, 0x13, 0x33, 0x31, 0xFA, 0xAF, 0x30, 0x33, 0x14,
	0xD2, 0x3B, 0x8F, 0x7F, 0x00, 0x01, 0x00, 0x28, 0xFE, 0x7A, 0x02, 0x19, 0x06, 0x5E, 0x00, 0x13,
	0x00, 0x1D, 0x40, 0x1A, 0x00, 0x02, 0x00, 0x01, 0x00, 0x02, 0x01, 0x69, 0x00, 0x00, 0x00, 0x03,
	0x61, 0x00, 0x03, 0x03, 0x1C, 0x03, 0x4E, 0x17, 0x11, 0x17, 0x10, 0x04, 0x07, 0x1A, 0x2B, 0x17,
	0x32, 0x36, 0x36, 0x35, 0x11, 0x34, 0x26, 0x26, 0x23, 0x35, 0x32, 0x16, 0x16, 0x15, 0x11, 0x14,
	0x06, 0x06, 0x23, 0x28, 0x75, 0x7D, 0x2F, 0x2F, 0x7C, 0x76, 0xC1, 0xD8, 0x58, 0x57, 0xD8, 0xC2,
	0xB7, 0x14, 0x34, 0x30, 0x05, 0x56, 0x31, 0x33, 0x13, 0xD0, 0x3A, 0x8E, 0x7F, 0xFA, 0xAA, 0x7F,
	0x8F, 0x39, 0x00, 0x01, 0x00, 0x5A, 0xFE, 0x7A, 0x02, 0xAD, 0x06, 0x60, 0x00, 0x23, 0x00, 0x2D,
	0x40, 0x2A, 0x12, 0x01, 0x05, 0x00, 0x01, 0x4C, 0x00, 0x01, 0x00, 0x02, 0x00, 0x01, 0x02, 0x69,
	0x00, 0x00, 0x00, 0x05, 0x03, 0x00, 0x05, 0x69, 0x00, 0x03, 0x03, 0x04, 0x61, 0x00, 0x04, 0x04,
	0x1C, 0x04, 0x4E, 0x17, 0x11, 0x1C, 0x11, 0x18, 0x10, 0x06, 0x07, 0x1C, 0x2B, 0x13, 0x32, 0x36,
	0x36, 0x35, 0x11, 0x34, 0x3E, 0x02, 0x33, 0x15, 0x22, 0x06, 0x06, 0x15, 0x11, 0x14, 0x07, 0x16,
	0x15, 0x11, 0x14, 0x16, 0x16, 0x33, 0x15, 0x22, 0x2E, 0x02, 0x35, 0x11, 0x34, 0x26, 0x23, 0x5A,
	0x3D, 0x38, 0x10, 0x24, 0x61, 0xB6, 0x93, 0x78, 0x69, 0x1A, 0x43, 0x43, 0x23, 0x6C, 0x6C, 0x91,
	0xB6, 0x62, 0x25, 0x37, 0x4E, 0x02, 0xDF, 0x0E, 0x32, 0x36, 0x01, 0x98, 0x76, 0x92, 0x4E, 0x1D,
	0xD2, 0x10, 0x44, 0x4D, 0xFE, 0x68, 0x84, 0x5C, 0x57, 0x88, 0xFE, 0x44, 0x3D, 0x3D, 0x14, 0xD2,
	0x1C, 0x4B, 0x8A, 0x6F, 0x01, 0xBC, 0x44, 0x2F, 0x00, 0x01, 0x00, 0x28, 0xFE, 0x7A, 0x02, 0x7B,
	0x06, 0x60, 0x00, 0x23, 0x00, 0x2D, 0x40, 0x2A, 0x07, 0x01, 0x04, 0x03, 0x01, 0x4C, 0x00, 0x02,
	0x00, 0x01, 0x03, 0x02, 0x01, 0x69, 0x00, 0x03, 0x00, 0x04, 0x00, 0x03, 0x04, 0x69, 0x00, 0x00,
	0x00, 0x05, 0x61, 0x00, 0x05, 0x05, 0x1C, 0x05, 0x4E, 0x17, 0x11, 0x18, 0x11, 0x1C, 0x10, 0x06,
	0x07, 0x1C, 0x2B, 0x17, 0x32, 0x36, 0x36, 0x35, 0x11, 0x34, 0x37, 0x26, 0x35, 0x11, 0x34, 0x26,
	0x26, 0x23, 0x35, 0x32, 0x1E, 0x02, 0x15, 0x11, 0x14, 0x16, 0x16, 0x33, 0x15, 0x22, 0x06, 0x15,
	0x11, 0x14, 0x0E, 0x02, 0x23, 0x28, 0x6D, 0x6B, 0x23, 0x43, 0x43, 0x19, 0x6A, 0x78, 0x93, 0xB6,
	0x61, 0x24, 0x10, 0x38, 0x3D, 0x4E, 0x37, 0x25, 0x62, 0xB6, 0x91, 0xB4, 0x14, 0x3D, 0x3D, 0x01,
	0xBC, 0x88, 0x57, 0x5C, 0x84, 0x01, 0x98, 0x4D, 0x44, 0x10, 0xD2, 0x1D, 0x4E, 0x92, 0x76, 0xFE,
	0x68, 0x36, 0x32, 0x0E, 0xD6, 0x2F, 0x44, 0xFE, 0x44, 0x6F, 0x8A, 0x4B, 0x1C, 0x00, 0x00, 0x01,
	0x00, 0x73, 0xFE, 0x7A, 0x02, 0x3F, 0x06, 0x5E, 0x00, 0x07, 0x00, 0x1D, 0x40, 0x1A, 0x00, 0x00,
	0x00, 0x01, 0x02, 0x00, 0x01, 0x67, 0x00, 0x02, 0x02, 0x03, 0x5F, 0x00, 0x03, 0x03, 0x16, 0x03,
	0x4E, 0x11, 0x11, 0x11, 0x10, 0x04, 0x07, 0x1A, 0x2B, 0x13, 0x21, 0x15, 0x23, 0x11, 0x33, 0x15,
	0x21, 0x73, 0x01, 0xCC, 0xFC, 0xFC, 0xFE, 0x34, 0x06, 0x5E, 0xD0, 0xF9, 0xBB, 0xCF, 0x00, 0x01,
	0x00, 0x23, 0xFE, 0x7A, 0x01, 0xEF, 0x06, 0x5E, 0x00, 0x07, 0x00, 0x23, 0x40, 0x20, 0x00, 0x01,
	0x00, 0x00, 0x03, 0x01, 0x00, 0x67, 0x04, 0x01, 0x03, 0x03, 0x02, 0x5F, 0x00, 0x02, 0x02, 0x16,
	0x02, 0x4E, 0x00, 0x00, 0x00, 0x07, 0x00, 0x07, 0x11, 0x11, 0x11, 0x05, 0x07, 0x19, 0x2B, 0x05,
	0x11, 0x23, 0x35, 0x21, 0x11, 0x21, 0x35, 0x01, 0x1F, 0xFC, 0x01, 0xCC, 0xFE, 0x34, 0xB7, 0x06,
	0x45, 0xD0, 0xF8, 0x1C, 0xCF, 0x00, 0x00, 0x01, 0x00, 0x64, 0xFF, 0x36, 0x01, 0x83, 0x00, 0xD4,
	0x00, 0x03, 0x00, 0x18, 0x40, 0x15, 0x00, 0x00, 0x01, 0x01, 0x00, 0x57, 0x00, 0x00, 0x00, 0x01,
	0x5F, 0x00, 0x01, 0x00, 0x01, 0x4F, 0x11, 0x10, 0x02, 0x07, 0x18, 0x2B, 0x37, 0x33, 0x03, 0x23,
	0xAF, 0xD4, 0x81, 0x9E, 0xD4, 0xFE, 0x62, 0x00, 0x00, 0x02, 0x00, 0x64, 0xFF, 0x36, 0x02, 0xE1,
	0x00, 0xD4, 0x00, 0x03, 0x00, 0x07, 0x00, 0x1D, 0x40, 0x1A, 0x02, 0x01, 0x00, 0x01, 0x01, 0x00,
	0x57, 0x02, 0x01, 0x00, 0x00, 0x01, 0x5F, 0x03, 0x01, 0x01, 0x00, 0x01, 0x4F, 0x11, 0x11, 0x11,
	0x10, 0x04, 0x07, 0x1A, 0x2B, 0x37, 0x33, 0x03, 0x23, 0x01, 0x33, 0x03, 0x23, 0xAF, 0xD4, 0x81,
	0x9E, 0x01, 0xA9, 0xD4, 0x81, 0x9E, 0xD4, 0xFE, 0x62, 0x01, 0x9E, 0xFE, 0x62, 0x00, 0x00, 0x02,
	0x00, 0x64, 0x03, 0xF0, 0x02, 0xE1, 0x05, 0x8E, 0x00, 0x03, 0x00, 0x07, 0x00, 0x17, 0x40, 0x14,
	0x03, 0x01, 0x01, 0x01, 0x00, 0x5F, 0x02, 0x01, 0x00, 0x00, 0x11, 0x01, 0x4E, 0x11, 0x11, 0x11,
	0x10, 0x04, 0x07, 0x1A, 0x2B, 0x13, 0x33, 0x03, 0x23, 0x01, 0x33, 0x03, 0x23, 0xE4, 0x9E, 0x4A,
	0xD4, 0x01, 0xDE, 0x9F, 0x4B, 0xD4, 0x05, 0x8E, 0xFE, 0x62, 0x01, 0x9E, 0xFE, 0x62, 0x00, 0x02,
	0x00, 0x64, 0x03, 0xF0, 0x02, 0xE1, 0x05, 0x8E, 0x00, 0x03, 0x00, 0x07, 0x00, 0x17, 0x40, 0x14,
	0x03, 0x01, 0x01, 0x01, 0x00, 0x5F, 0x02, 0x01, 0x00, 0x00, 0x11, 0x01, 0x4E, 0x11, 0x11, 0x11,
	0x10, 0x04, 0x07, 0x1A, 0x2B, 0x13, 0x33, 0x03, 0x23, 0x01, 0x33, 0x03, 0x23, 0xAE, 0xD4, 0x80,
	0x9E, 0x01, 0xA8, 0xD5, 0x81, 0x9E, 0x05, 0x8E, 0xFE, 0x62, 0x01, 0x9E, 0xFE, 0x62, 0x00, 0x01,
	0x00, 0x64, 0x04, 0x92, 0x01, 0x9C, 0x06, 0x38, 0x00, 0x03, 0x00, 0x06, 0xB3, 0x02, 0x00, 0x01,
	0x32, 0x2B, 0x01, 0x17, 0x03, 0x27, 0x01, 0x2A, 0x72, 0x81, 0xB7, 0x06, 0x38, 0x35, 0xFE, 0x8F,
	0x58, 0x00, 0x00, 0x01, 0x00, 0x64, 0x04, 0x92, 0x01, 0x9C, 0x06, 0x38, 0x00, 0x03, 0x00, 0x06,
	0xB3, 0x02, 0x00, 0x01, 0x32, 0x2B, 0x13, 0x17, 0x03, 0x27, 0xE5, 0xB7, 0xC6, 0x72, 0x06, 0x38,
	0x58, 0xFE, 0xB2, 0x35, 0x00, 0x02, 0x00, 0x6E, 0x00, 0x5E, 0x04, 0x9A, 0x03, 0xEF, 0x00, 0x06,
	0x00, 0x0D, 0x00, 0x08, 0xB5, 0x0C, 0x08, 0x05, 0x01, 0x02, 0x32, 0x2B, 0x13, 0x01, 0x15, 0x05,
	0x05, 0x15, 0x01, 0x25, 0x01, 0x15, 0x05, 0x05, 0x15, 0x01, 0x6E, 0x02, 0x40, 0xFE, 0xB5, 0x01,
	0x4B, 0xFD, 0xC0, 0x01, 0xED, 0x02, 0x3F, 0xFE, 0xB6, 0x01, 0x4A, 0xFD, 0xC1, 0x02, 0x5C, 0x01,
	0x93, 0xE0, 0xEA, 0xE8, 0xDF, 0x01, 0x93, 0x6B, 0x01, 0x93, 0xE0, 0xEA, 0xE8, 0xDF, 0x01, 0x93,
	0x00, 0x02, 0x00, 0x6E, 0x00, 0x5E, 0x04, 0x9A, 0x03, 0xEF, 0x00, 0x06, 0x00, 0x0D, 0x00, 0x08,
	0xB5, 0x0D, 0x0A, 0x06, 0x03, 0x02, 0x32, 0x2B, 0x13, 0x25, 0x25, 0x35, 0x01, 0x15, 0x01, 0x2D,
	0x02, 0x35, 0x01, 0x15, 0x01, 0x6E, 0x01, 0x4A, 0xFE, 0xB6, 0x02, 0x3F, 0xFD, 0xC1, 0x01, 0xEC,
	0x01, 0x4B, 0xFE, 0xB5, 0x02, 0x40, 0xFD, 0xC0, 0x01, 0x3D, 0xE8, 0xEA, 0xE0, 0xFE, 0x6D, 0x6B,
	0xFE, 0x6D, 0xDF, 0xE8, 0xEA, 0xE0, 0xFE, 0x6D, 0x6B, 0xFE, 0x6D, 0x00, 0x00, 0x01, 0x00, 0x6E,
	0x00, 0x6C, 0x04, 0x60, 0x03, 0xE6, 0x00, 0x06, 0x00, 0x06, 0xB3, 0x05, 0x01, 0x01, 0x32, 0x2B,
	0x13, 0x01, 0x15, 0x05, 0x05, 0x15, 0x01, 0x6E, 0x03, 0xF2, 0xFD, 0x77, 0x02, 0x89, 0xFC, 0x0E,
	0x02, 0x77, 0x01, 0x6F, 0xD0, 0xED, 0xEC, 0xD1, 0x01, 0x6F, 0x00, 0x01, 0x00, 0x6E, 0x00, 0x6C,
	0x04, 0x60, 0x03, 0xE6, 0x00, 0x06, 0x00, 0x06, 0xB3, 0x06, 0x03, 0x01, 0x32, 0x2B, 0x13, 0x25,
	0x25, 0x35, 0x01, 0x15, 0x01, 0x6E, 0x02, 0x89, 0xFD, 0x77, 0x03, 0xF2, 0xFC, 0x0E, 0x01, 0x3D,
	0xEC, 0xED, 0xD0, 0xFE, 0x91, 0x9C, 0xFE, 0x91, 0x00, 0x02, 0x00, 0x78, 0x04, 0x8C, 0x01, 0xF6,
	0x05, 0x8E, 0x00, 0x03, 0x00, 0x07, 0x00, 0x24, 0x40, 0x21, 0x02, 0x01, 0x00, 0x00, 0x01, 0x5F,
	0x05, 0x03, 0x04, 0x03, 0x01, 0x01, 0x11, 0x00, 0x4E, 0x04, 0x04, 0x00, 0x00, 0x04, 0x07, 0x04,
	0x07, 0x06, 0x05, 0x00, 0x03, 0x00, 0x03, 0x11, 0x06, 0x07, 0x17, 0x2B, 0x01, 0x03, 0x23, 0x03,
	0x21, 0x03, 0x23, 0x03, 0x01, 0x0D, 0x07, 0x87, 0x07, 0x01, 0x7E, 0x07, 0x87, 0x07, 0x05, 0x8E,
	0xFE, 0xFE, 0x01, 0x02, 0xFE, 0xFE, 0x01, 0x02, 0x00, 0x01, 0x00, 0x78, 0x04, 0x7A, 0x01, 0x0D,
	0x05, 0x8E, 0x00, 0x03, 0x00, 0x19, 0x40, 0x16, 0x00, 0x00, 0x00, 0x01, 0x5F, 0x02, 0x01, 0x01,
	0x01, 0x11, 0x00, 0x4E, 0x00, 0x00, 0x00, 0x03, 0x00, 0x03, 0x11, 0x03, 0x07, 0x17, 0x2B, 0x01,
	0x03, 0x23, 0x03, 0x01, 0x0D, 0x07, 0x87, 0x07, 0x05, 0x8E, 0xFE, 0xEC, 0x01, 0x14, 0x00, 0x01,
	0xFF, 0x7E, 0xFE, 0x7A, 0x02, 0xCD, 0x05, 0x8E, 0x00, 0x19, 0x00, 0x36, 0x40, 0x33, 0x00, 0x02,
	0x02, 0x01, 0x5F, 0x00, 0x01, 0x01, 0x11, 0x4D, 0x00, 0x04, 0x04, 0x03, 0x5F, 0x00, 0x03, 0x03,
	0x14, 0x4D, 0x06, 0x01, 0x00, 0x00, 0x05, 0x5F, 0x00, 0x05, 0x05, 0x16, 0x05, 0x4E, 0x01, 0x00,
	0x18, 0x16, 0x12, 0x11, 0x10, 0x0F, 0x0C, 0x0A, 0x09, 0x07, 0x00, 0x19, 0x01, 0x19, 0x07, 0x07,
	0x16, 0x2B, 0x17, 0x32, 0x36, 0x35, 0x11, 0x34, 0x36, 0x36, 0x33, 0x33, 0x15, 0x23, 0x22, 0x06,
	0x15, 0x15, 0x33, 0x15, 0x23, 0x11, 0x14, 0x06, 0x06, 0x23, 0x23, 0x35, 0x66, 0x21, 0x35, 0x50,
	0x88, 0x52, 0xE7, 0xE7, 0x21, 0x36, 0xCB, 0xCB, 0x50, 0x87, 0x52, 0xE8, 0xB4, 0x36, 0x21, 0x04,
	0xC1, 0x53, 0x87, 0x50, 0xD3, 0x36, 0x21, 0x58, 0xD1, 0xFC, 0x68, 0x52, 0x87, 0x50, 0xD2, 0x00,
	0x00, 0x01, 0x00, 0x8C, 0x00, 0x00, 0x05, 0x9D, 0x05, 0x8E, 0x00, 0x3D, 0x00, 0xCF, 0xB5, 0x25,
	0x01, 0x03, 0x02, 0x01, 0x4C, 0x4B, 0xB0, 0x0B, 0x50, 0x58, 0x40, 0x28, 0x00, 0x03, 0x04, 0x01,
	0x01, 0x07, 0x03, 0x01, 0x69, 0x00, 0x06, 0x06, 0x00, 0x5F, 0x00, 0x00, 0x00, 0x11, 0x4D, 0x00,
	0x02, 0x02, 0x05, 0x5F, 0x00, 0x05, 0x05, 0x14, 0x4D, 0x00, 0x07, 0x07, 0x08, 0x5F, 0x00, 0x08,
	0x08, 0x12, 0x08, 0x4E, 0x1B, 0x4B, 0xB0, 0x13, 0x50, 0x58, 0x40, 0x26, 0x00, 0x05, 0x00, 0x02,
	0x03, 0x05, 0x02, 0x67, 0x00, 0x03, 0x04, 0x01, 0x01, 0x07, 0x03, 0x01, 0x69, 0x00, 0x06, 0x06,
	0x00, 0x5F, 0x00, 0x00, 0x00, 0x11, 0x4D, 0x00, 0x07, 0x07, 0x08, 0x5F, 0x00, 0x08, 0x08, 0x12,
	0x08, 0x4E, 0x1B, 0x4B, 0xB0, 0x14, 0x50, 0x58, 0x40, 0x28, 0x00, 0x03, 0x04, 0x01, 0x01, 0x07,
	0x03, 0x01, 0x69, 0x00, 0x06, 0x06, 0x00, 0x5F, 0x00, 0x00, 0x00, 0x11, 0x4D, 0x00, 0x02, 0x02,
	0x05, 0x5F, 0x00, 0x05, 0x05, 0x14, 0x4D, 0x00, 0x07, 0x07, 0x08, 0x5F, 0x00, 0x08, 0x08, 0x12,
	0x08, 0x4E, 0x1B, 0x40, 0x26, 0x00, 0x05, 0x00, 0x02, 0x03, 0x05, 0x02, 0x67, 0x00, 0x03, 0x04,
	0x01, 0x01, 0x07, 0x03, 0x01, 0x69, 0x00, 0x06, 0x06, 0x00, 0x5F, 0x00, 0x00, 0x00, 0x11, 0x4D,
	0x00, 0x07, 0x07, 0x08, 0x5F, 0x00, 0x08, 0x08, 0x12, 0x08, 0x4E, 0x59, 0x59, 0x59, 0x40, 0x0C,
	0x21, 0x26, 0x38, 0x27, 0x21, 0x25, 0x21, 0x17, 0x33, 0x09, 0x07, 0x1F, 0x2B, 0x13, 0x34, 0x36,
	0x36, 0x33, 0x21, 0x32, 0x16, 0x16, 0x15, 0x11, 0x14, 0x06, 0x06, 0x23, 0x11, 0x23, 0x22, 0x06,
	0x15, 0x15, 0x14, 0x16, 0x33, 0x33, 0x15, 0x23, 0x22, 0x26, 0x26, 0x35, 0x35, 0x34, 0x36, 0x36,
	0x33, 0x21, 0x11, 0x36, 0x36, 0x35, 0x11, 0x34, 0x26, 0x26, 0x23, 0x21, 0x22, 0x06, 0x06, 0x15,
	0x11, 0x14, 0x16, 0x33, 0x21, 0x15, 0x21, 0x22, 0x26, 0x26, 0x35, 0x8C, 0x6B, 0xB3, 0x6C, 0x01,
	0xFD, 0x6D, 0xB2, 0x6B, 0x77, 0xD6, 0x90, 0xDF, 0x3A, 0x43, 0x44, 0x35, 0x6B, 0x67, 0x55, 0x86,
	0x4D, 0x4D, 0x85, 0x52, 0x01, 0x8D, 0x3D, 0x4C, 0x3F, 0x65, 0x3A, 0xFE, 0x03, 0x3B, 0x67, 0x3F,
	0x67, 0x51, 0x01, 0x59, 0xFE, 0xA2, 0x65, 0x9F, 0x5A, 0x04, 0x05, 0x6D, 0xB2, 0x6A, 0x67, 0xAC,
	0x69, 0xFE, 0xC8, 0x76, 0xB1, 0x62, 0x02, 0x41, 0x40, 0x38, 0xB7, 0x2E, 0x39, 0xAB, 0x48, 0x7C,
	0x4E, 0xCB, 0x4D, 0x7B, 0x48, 0xFD, 0xDB, 0x1A, 0x6E, 0x3C, 0x01, 0x32, 0x38, 0x60, 0x3C, 0x3F,
	0x66, 0x3C, 0xFD, 0x88, 0x61, 0x7E, 0xAB, 0x66, 0xB2, 0x72, 0x00, 0x02, 0x00, 0x78, 0x00, 0x00,
	0x05, 0x5B, 0x05, 0x8E, 0x00, 0x22, 0x00, 0x2C, 0x00, 0x38, 0x40, 0x35, 0x2A, 0x29, 0x18, 0x15,
	0x03, 0x05, 0x05, 0x02, 0x1B, 0x01, 0x03, 0x05, 0x02, 0x4C, 0x00, 0x02, 0x01, 0x05, 0x01, 0x02,
	0x05, 0x80, 0x00, 0x01, 0x01, 0x00, 0x5F, 0x00, 0x00, 0x00, 0x11, 0x4D, 0x00, 0x05, 0x05, 0x03,
	0x60, 0x04, 0x01, 0x03, 0x03, 0x12, 0x03, 0x4E, 0x36, 0x32, 0x12, 0x18, 0x21, 0x29, 0x06, 0x07,
	0x1C, 0x2B, 0x13, 0x34, 0x36, 0x37, 0x26, 0x35, 0x35, 0x34, 0x36, 0x36, 0x33, 0x21, 0x15, 0x21,
	0x22, 0x06, 0x15, 0x15, 0x14, 0x16, 0x17, 0x01, 0x11, 0x33, 0x11, 0x01, 0x21, 0x27, 0x06, 0x23,
	0x21, 0x22, 0x26, 0x26, 0x35, 0x33, 0x14, 0x16, 0x33, 0x21, 0x32, 0x37, 0x01, 0x06, 0x15, 0x78,
	0x41, 0x3A, 0x44, 0x5C, 0x9A, 0x5D, 0x02, 0x50, 0xFD, 0xB0, 0x35, 0x4C, 0x3B, 0x31, 0x01, 0x92,
	0xD3, 0x01, 0x09, 0xFE, 0xD7, 0x3B, 0x53, 0x76, 0xFE, 0x9D, 0x5D, 0x9A, 0x5C, 0xD3, 0x4B, 0x35,
	0x01, 0x2D, 0x34, 0x20, 0xFE, 0x37, 0x38, 0x01, 0xDF, 0x55, 0x94, 0x31, 0x76, 0xA6, 0x25, 0x5E,
	0x9A, 0x5C, 0xD2, 0x4C, 0x35, 0x26, 0x4F, 0x8B, 0x29, 0xFE, 0xBA, 0x01, 0x66, 0xFD, 0xD9, 0xFE,
	0xF5, 0x3B, 0x3B, 0x5C, 0x9A, 0x5E, 0x35, 0x4C, 0x07, 0x01, 0x7D, 0x35, 0x43, 0x00, 0x00, 0x02,
	0x00, 0x5A, 0x00, 0x00, 0x03, 0x83, 0x05, 0x8E, 0x00, 0x0A, 0x00, 0x0E, 0x00, 0x1D, 0x40, 0x1A,
	0x00, 0x02, 0x02, 0x00, 0x61, 0x03, 0x01, 0x00, 0x00, 0x11, 0x4D, 0x04, 0x01, 0x01, 0x01, 0x12,
	0x01, 0x4E, 0x11, 0x12, 0x11, 0x11, 0x23, 0x05, 0x07, 0x1B, 0x2B, 0x13, 0x34, 0x36, 0x36, 0x33,
	0x33, 0x11, 0x23, 0x11, 0x26, 0x26, 0x01, 0x33, 0x11, 0x23, 0x5A, 0x68, 0xB8, 0x77, 0x81, 0x92,
	0xAF, 0xD7, 0x02, 0x96, 0x93, 0x93, 0x04, 0x2D, 0x67, 0x9F, 0x5B, 0xFA, 0x72, 0x02, 0xCF, 0x05,
	0xC2, 0x01, 0xF8, 0xFA, 0x72, 0x00, 0x00, 0x02, 0x00, 0x78, 0x00, 0x00, 0x04, 0x30, 0x05, 0x8E,
	0x00, 0x31, 0x00, 0x41, 0x00, 0x3F, 0x40, 0x3C, 0x02, 0x01, 0x07, 0x02, 0x1B, 0x01, 0x05, 0x06,
	0x02, 0x4C, 0x00, 0x06, 0x00, 0x05, 0x04, 0x06, 0x05, 0x67, 0x00, 0x01, 0x01, 0x00, 0x5F, 0x00,
	0x00, 0x00, 0x11, 0x4D, 0x00, 0x07, 0x07, 0x02, 0x5F, 0x00, 0x02, 0x02, 0x14, 0x4D, 0x00, 0x04,
	0x04, 0x03, 0x5F, 0x00, 0x03, 0x03, 0x12, 0x03, 0x4E, 0x35, 0x36, 0x35, 0x21, 0x2C, 0x35, 0x21,
	0x28, 0x08, 0x07, 0x1E, 0x2B, 0x13, 0x34, 0x37, 0x26, 0x35, 0x35, 0x34, 0x36, 0x36, 0x33, 0x21,
	0x15, 0x21, 0x22, 0x06, 0x15, 0x15, 0x14, 0x16, 0x33, 0x21, 0x32, 0x16, 0x16, 0x15, 0x15, 0x14,
	0x07, 0x16, 0x15, 0x15, 0x14, 0x06, 0x06, 0x23, 0x21, 0x35, 0x21, 0x32, 0x36, 0x35, 0x35, 0x34,
	0x26, 0x23, 0x21, 0x22, 0x26, 0x26, 0x35, 0x37, 0x14, 0x16, 0x33, 0x21, 0x32, 0x36, 0x35, 0x35,
	0x34, 0x26, 0x23, 0x21, 0x22, 0x06, 0x15, 0x78, 0x3C, 0x19, 0x4F, 0x86, 0x51, 0x02, 0x25, 0xFD,
	0xDB, 0x22, 0x31, 0x25, 0x1B, 0x01, 0x79, 0x49, 0x78, 0x48, 0x60, 0x11, 0x4D, 0x81, 0x4F, 0xFD,
	0xE0, 0x02, 0x1F, 0x1F, 0x2C, 0x2E, 0x1D, 0xFE, 0xBF, 0x49, 0x79, 0x48, 0xD3, 0x21, 0x16, 0x01,
	0xA8, 0x16, 0x1E, 0x1E, 0x16, 0xFE, 0x58, 0x16, 0x21, 0x03, 0x00, 0x81, 0x4A, 0x3B, 0x4E, 0x15,
	0x52, 0x84, 0x4F, 0xD2, 0x30, 0x23, 0x15, 0x1E, 0x2A, 0x48, 0x7A, 0x4B, 0x56, 0x8E, 0x54, 0x39,
	0x47, 0x1A, 0x53, 0x89, 0x51, 0xD3, 0x33, 0x24, 0x1D, 0x21, 0x37, 0x48, 0x79, 0x49, 0x09, 0x1A,
	0x26, 0x26, 0x1A, 0x47, 0x1A, 0x26, 0x26, 0x1A, 0x00, 0x03, 0x00, 0x8C, 0x01, 0x6C, 0x04, 0x71,
	0x05, 0x8E, 0x00, 0x13, 0x00, 0x23, 0x00, 0x39, 0x00, 0x3E, 0xB1, 0x06, 0x64, 0x44, 0x40, 0x33,
	0x00, 0x00, 0x00, 0x03, 0x04, 0x00, 0x03, 0x67, 0x00, 0x04, 0x00, 0x05, 0x06, 0x04, 0x05, 0x67,
	0x00, 0x06, 0x00, 0x07, 0x02, 0x06, 0x07, 0x67, 0x00, 0x02, 0x01, 0x01, 0x02, 0x57, 0x00, 0x02,
	0x02, 0x01, 0x5F, 0x00, 0x01, 0x02, 0x01, 0x4F, 0x21, 0x25, 0x21, 0x26, 0x35, 0x36, 0x37, 0x33,
	0x08, 0x07, 0x1E, 0x2B, 0xB1, 0x06, 0x00, 0x44, 0x13, 0x34, 0x36, 0x36, 0x33, 0x21, 0x32, 0x16,
	0x16, 0x15, 0x11, 0x14, 0x06, 0x06, 0x23, 0x21, 0x22, 0x26, 0x26, 0x35, 0x33, 0x14, 0x16, 0x33,
	0x21, 0x32, 0x36, 0x35, 0x11, 0x34, 0x26, 0x23, 0x21, 0x22, 0x06, 0x15, 0x17, 0x34, 0x36, 0x36,
	0x33, 0x21, 0x15, 0x21, 0x22, 0x06, 0x15, 0x15, 0x14, 0x16, 0x33, 0x21, 0x15, 0x21, 0x22, 0x26,
	0x26, 0x35, 0x8C, 0x4C, 0x80, 0x4D, 0x01, 0xB3, 0x4E, 0x7F, 0x4C, 0x4C, 0x7F, 0x4E, 0xFE, 0x4D,
	0x4D, 0x80, 0x4C, 0x7F, 0x5A, 0x40, 0x01, 0xB3, 0x40, 0x5A, 0x5A, 0x40, 0xFE, 0x4D, 0x40, 0x5A,
	0x6A, 0x3E, 0x68, 0x3F, 0x01, 0x0E, 0xFE, 0xF2, 0x29, 0x3C, 0x3B, 0x2A, 0x01, 0x0E, 0xFE, 0xF2,
	0x3F, 0x68, 0x3E, 0x04, 0x76, 0x4E, 0x7F, 0x4B, 0x4B, 0x7F, 0x4E, 0xFE, 0x0F, 0x4D, 0x80, 0x4C,
	0x4C, 0x80, 0x4D, 0x40, 0x5A, 0x5A, 0x40, 0x01, 0xF1, 0x3F, 0x5A, 0x5A, 0x3F, 0x9C, 0x3F, 0x68,
	0x3D, 0x7F, 0x3C, 0x29, 0xB6, 0x2A, 0x3B, 0x7F, 0x3E, 0x67, 0x3F, 0x00, 0x00, 0x04, 0x00, 0x8C,
	0x01, 0x6C, 0x04, 0x71, 0x05, 0x8E, 0x00, 0x13, 0x00, 0x23, 0x00, 0x32, 0x00, 0x3C, 0x00, 0x55,
	0xB1, 0x06, 0x64, 0x44, 0x40, 0x4A, 0x2C, 0x01, 0x06, 0x09, 0x01, 0x4C, 0x07, 0x01, 0x05, 0x06,
	0x02, 0x06, 0x05, 0x02, 0x80, 0x00, 0x00, 0x00, 0x03, 0x04, 0x00, 0x03, 0x67, 0x00, 0x04, 0x00,
	0x08, 0x09, 0x04, 0x08, 0x67, 0x0A, 0x01, 0x09, 0x00, 0x06, 0x05, 0x09, 0x06, 0x67, 0x00, 0x02,
	0x01, 0x01, 0x02, 0x57, 0x00, 0x02, 0x02, 0x01, 0x5F, 0x00, 0x01, 0x02, 0x01, 0x4F, 0x33, 0x33,
	0x33, 0x3C, 0x33, 0x3C, 0x27, 0x11, 0x11, 0x17, 0x23, 0x35, 0x36, 0x37, 0x33, 0x0B, 0x07, 0x1F,
	0x2B, 0xB1, 0x06, 0x00, 0x44, 0x13, 0x34, 0x36, 0x36, 0x33, 0x21, 0x32, 0x16, 0x16, 0x15, 0x11,
	0x14, 0x06, 0x06, 0x23, 0x21, 0x22, 0x26, 0x26, 0x35, 0x33, 0x14, 0x16, 0x33, 0x21, 0x32, 0x36,
	0x35, 0x11, 0x34, 0x26, 0x23, 0x21, 0x22, 0x06, 0x15, 0x37, 0x21, 0x32, 0x16, 0x15, 0x15, 0x14,
	0x06, 0x07, 0x17, 0x23, 0x27, 0x23, 0x15, 0x23, 0x01, 0x32, 0x36, 0x35, 0x35, 0x34, 0x26, 0x23,
	0x23, 0x15, 0x8C, 0x4C, 0x80, 0x4D, 0x01, 0xB3, 0x4E, 0x7F, 0x4C, 0x4C, 0x7F, 0x4E, 0xFE, 0x4D,
	0x4D, 0x80, 0x4C, 0x7F, 0x5A, 0x40, 0x01, 0xB3, 0x40, 0x5A, 0x5A, 0x40, 0xFE, 0x4D, 0x40, 0x5A,
	0x79, 0x01, 0x40, 0x44, 0x62, 0x57, 0x41, 0xBE, 0x93, 0xBD, 0x3D, 0x7F, 0x01, 0x40, 0x10, 0x17,
	0x17, 0x10, 0xC1, 0x04, 0x76, 0x4E, 0x7F, 0x4B, 0x4B, 0x7F, 0x4E, 0xFE, 0x0F, 0x4D, 0x80, 0x4C,
	0x4C, 0x80, 0x4D, 0x40, 0x5A, 0x5A, 0x40, 0x01, 0xF1, 0x3F, 0x5A, 0x5A, 0x3F, 0x48, 0x65, 0x47,
	0x2D, 0x43, 0x61, 0x08, 0xFA, 0xF8, 0xF8, 0x01, 0x77, 0x1C, 0x13, 0x2D, 0x14, 0x1C, 0x8C, 0x00,
	0x00, 0x02, 0x00, 0x78, 0x03, 0x0F, 0x05, 0x21, 0x05, 0x8E, 0x00, 0x07, 0x00, 0x14, 0x00, 0x3A,
	0x40, 0x37, 0x12, 0x0F, 0x0A, 0x03, 0x07, 0x01, 0x01, 0x4C, 0x00, 0x07, 0x01, 0x02, 0x01, 0x07,
	0x02, 0x80, 0x08, 0x06, 0x02, 0x02, 0x02, 0x84, 0x05, 0x04, 0x02, 0x00, 0x01, 0x01, 0x00, 0x57,
	0x05, 0x04, 0x02, 0x00, 0x00, 0x01, 0x5F, 0x03, 0x01, 0x01, 0x00, 0x01, 0x4F, 0x12, 0x12, 0x11,
	0x12, 0x11, 0x11, 0x11, 0x11, 0x10, 0x09, 0x06, 0x1F, 0x2B, 0x13, 0x21, 0x15, 0x23, 0x11, 0x23,
	0x11, 0x23, 0x25, 0x33, 0x17, 0x37, 0x33, 0x11, 0x23, 0x11, 0x07, 0x23, 0x27, 0x11, 0x23, 0x78,
	0x02, 0x0F, 0xC6, 0x7F, 0xCA, 0x02, 0x5A, 0x6D, 0xBA, 0xBB, 0x6D, 0x7F, 0x7B, 0x5A, 0x7C, 0x7F,
	0x05, 0x8E, 0x7E, 0xFD, 0xFF, 0x02, 0x01, 0x7E, 0xE0, 0xE0, 0xFD, 0x81, 0x01, 0xA0, 0x91, 0x91,
	0xFE, 0x60, 0x00, 0x02, 0x00, 0x78, 0x03, 0x93, 0x02, 0x56, 0x05, 0x8E, 0x00, 0x0F, 0x00, 0x1F,
	0x00, 0x2A, 0xB1, 0x06, 0x64, 0x44, 0x40, 0x1F, 0x00, 0x00, 0x00, 0x03, 0x02, 0x00, 0x03, 0x69,
	0x00, 0x02, 0x01, 0x01, 0x02, 0x59, 0x00, 0x02, 0x02, 0x01, 0x61, 0x00, 0x01, 0x02, 0x01, 0x51,
	0x35, 0x35, 0x35, 0x32, 0x04, 0x07, 0x1A, 0x2B, 0xB1, 0x06, 0x00, 0x44, 0x13, 0x34, 0x36, 0x33,
	0x33, 0x32, 0x16, 0x15, 0x15, 0x14, 0x06, 0x23, 0x23, 0x22, 0x26, 0x35, 0x33, 0x14, 0x16, 0x33,
	0x33, 0x32, 0x36, 0x35, 0x35, 0x34, 0x26, 0x23, 0x23, 0x22, 0x06, 0x15, 0x78, 0x7D, 0x58, 0x34,
	0x59, 0x7C, 0x7C, 0x59, 0x34, 0x58, 0x7D, 0x76, 0x38, 0x27, 0x34, 0x27, 0x38, 0x38, 0x27, 0x34,
	0x27, 0x38, 0x04, 0xBA, 0x58, 0x7C, 0x7C, 0x58, 0x53, 0x58, 0x7C, 0x7C, 0x58, 0x27, 0x37, 0x37,
	0x27, 0x53, 0x27, 0x37, 0x37, 0x27, 0x00, 0x01, 0x00, 0x78, 0xFE, 0x82, 0x01, 0x35, 0x05, 0xFC,
	0x00, 0x03, 0x00, 0x13, 0x40, 0x10, 0x00, 0x00, 0x00, 0x01, 0x5F, 0x00, 0x01, 0x01, 0x16, 0x01,
	0x4E, 0x11, 0x10, 0x02, 0x07, 0x18, 0x2B, 0x13, 0x33, 0x11, 0x23, 0x78, 0xBD, 0xBD, 0x05, 0xFC,
	0xF8, 0x86, 0x00, 0x02, 0x00, 0x78, 0xFE, 0x7A, 0x01, 0x3D, 0x06, 0x04, 0x00, 0x03, 0x00, 0x07,
	0x00, 0x1D, 0x40, 0x1A, 0x00, 0x00, 0x00, 0x01, 0x02, 0x00, 0x01, 0x67, 0x00, 0x02, 0x02, 0x03,
	0x5F, 0x00, 0x03, 0x03, 0x16, 0x03, 0x4E, 0x11, 0x11, 0x11, 0x10, 0x04, 0x07, 0x1A, 0x2B, 0x13,
	0x33, 0x11, 0x23, 0x11, 0x33, 0x11, 0x23, 0x78, 0xC5, 0xC5, 0xC5, 0xC5, 0x06, 0x04, 0xFC, 0xD1,
	0xFE, 0xD3, 0xFC, 0xD2, 0x00, 0x01, 0x00, 0x64, 0x00, 0x00, 0x04, 0x5F, 0x05, 0x8E, 0x00, 0x0B,
	0x00, 0x23, 0x40, 0x20, 0x00, 0x01, 0x01, 0x11, 0x4D, 0x05, 0x01, 0x03, 0x03, 0x00, 0x5F, 0x02,
	0x01, 0x00, 0x00, 0x14, 0x4D, 0x00, 0x04, 0x04, 0x12, 0x04, 0x4E, 0x11, 0x11, 0x11, 0x11, 0x11,
	0x10, 0x06, 0x07, 0x1C, 0x2B, 0x13, 0x21, 0x11, 0x33, 0x11, 0x21, 0x15, 0x21, 0x11, 0x23, 0x11,
	0x21, 0x64, 0x01, 0x95, 0xD2, 0x01, 0x94, 0xFE, 0x6C, 0xD2, 0xFE, 0x6B, 0x04, 0x04, 0x01, 0x8A,
	0xFE, 0x76, 0xD3, 0xFC, 0xCF, 0x03, 0x31, 0x00, 0x00, 0x01, 0x00, 0x64, 0x00, 0x00, 0x04, 0x5F,
	0x05, 0x8E, 0x00, 0x13, 0x00, 0x32, 0x40, 0x2F, 0x06, 0x01, 0x00, 0x09, 0x01, 0x07, 0x08, 0x00,
	0x07, 0x67, 0x00, 0x03, 0x03, 0x11, 0x4D, 0x05, 0x01, 0x01, 0x01, 0x02, 0x5F, 0x04, 0x01, 0x02,
	0x02, 0x14, 0x4D, 0x00, 0x08, 0x08, 0x12, 0x08, 0x4E, 0x13, 0x12, 0x11, 0x11, 0x11, 0x11, 0x11,
	0x11, 0x11, 0x11, 0x10, 0x0A, 0x07, 0x1F, 0x2B, 0x13, 0x21, 0x35, 0x21, 0x35, 0x21, 0x11, 0x33,
	0x11, 0x21, 0x15, 0x21, 0x15, 0x21, 0x15, 0x21, 0x11, 0x23, 0x11, 0x21, 0x64, 0x01, 0x95, 0xFE,
	0x6B, 0x01, 0x95, 0xD2, 0x01, 0x94, 0xFE, 0x6C, 0x01, 0x94, 0xFE, 0x6C, 0xD2, 0xFE, 0x6B, 0x02,
	0x66, 0xCB, 0xD3, 0x01, 0x8A, 0xFE, 0x76, 0xD3, 0xCB, 0xD2, 0xFE, 0x6C, 0x01, 0x94, 0x00, 0x01,
	0x00, 0x2D, 0x00, 0x00, 0x04, 0xF2, 0x05, 0x8E, 0x00, 0x25, 0x00, 0x3E, 0x40, 0x3B, 0x05, 0x01,
	0x02, 0x06, 0x01, 0x01, 0x00, 0x02, 0x01, 0x67, 0x07, 0x01, 0x00, 0x0B, 0x01, 0x08, 0x09, 0x00,
	0x08, 0x67, 0x00, 0x04, 0x04, 0x03, 0x5F, 0x00, 0x03, 0x03, 0x11, 0x4D, 0x00, 0x09, 0x09, 0x0A,
	0x5F, 0x00, 0x0A, 0x0A, 0x12, 0x0A, 0x4E, 0x25, 0x24, 0x20, 0x1E, 0x1D, 0x1B, 0x11, 0x11, 0x11,
	0x13, 0x21, 0x24, 0x11, 0x11, 0x10, 0x0C, 0x07, 0x1F, 0x2B, 0x13, 0x33, 0x35, 0x23, 0x35, 0x33,
	0x35, 0x34, 0x36, 0x36, 0x33, 0x21, 0x15, 0x21, 0x22, 0x06, 0x15, 0x15, 0x21, 0x15, 0x21, 0x15,
	0x21, 0x15, 0x21, 0x15, 0x14, 0x16, 0x33, 0x21, 0x15, 0x21, 0x22, 0x26, 0x26, 0x35, 0x35, 0x23,
	0x2D, 0xA7, 0xA7, 0xA7, 0x6D, 0xB9, 0x70, 0x02, 0x88, 0xFD, 0x78, 0x51, 0x72, 0x02, 0x23, 0xFD,
	0xDD, 0x02, 0x23, 0xFD, 0xDD, 0x71, 0x52, 0x02, 0x88, 0xFD, 0x78, 0x71, 0xB8, 0x6D, 0xA7, 0x02,
	0x8C, 0x77, 0xBC, 0x3F, 0x6F, 0xB6, 0x6B, 0xD2, 0x6F, 0x4F, 0x3F, 0xBC, 0x77, 0xBC, 0x44, 0x4D,
	0x6C, 0xD3, 0x6A, 0xB2, 0x6D, 0x47, 0x00, 0x02, 0x00, 0x78, 0x00, 0x00, 0x04, 0x40, 0x05, 0x8E,
	0x00, 0x17, 0x00, 0x21, 0x00, 0x30, 0x40, 0x2D, 0x02, 0x01, 0x00, 0x09, 0x01, 0x03, 0x04, 0x00,
	0x03, 0x69, 0x08, 0x01, 0x04, 0x07, 0x01, 0x05, 0x06, 0x04, 0x05, 0x69, 0x00, 0x01, 0x01, 0x11,
	0x4D, 0x00, 0x06, 0x06, 0x12, 0x06, 0x4E, 0x1F, 0x1D, 0x26, 0x21, 0x11, 0x11, 0x11, 0x11, 0x11,
	0x11, 0x23, 0x0A, 0x07, 0x1F, 0x2B, 0x13, 0x34, 0x36, 0x36, 0x33, 0x33, 0x35, 0x33, 0x15, 0x21,
	0x15, 0x21, 0x11, 0x21, 0x15, 0x21, 0x15, 0x23, 0x35, 0x23, 0x22, 0x26, 0x26, 0x35, 0x37, 0x14,
	0x16, 0x33, 0x33, 0x11, 0x23, 0x22, 0x06, 0x15, 0x78, 0x68, 0xAE, 0x6A, 0x51, 0xB9, 0x01, 0x3E,
	0xFE, 0xC2, 0x01, 0x3E, 0xFE, 0xC2, 0xB9, 0x51, 0x6A, 0xAE, 0x68, 0xD3, 0x66, 0x47, 0x51, 0x51,
	0x47, 0x66, 0x03, 0x5A, 0x68, 0xAA, 0x65, 0xBD, 0xBD, 0xD3, 0xFD, 0x99, 0xD2, 0xC5, 0xC5, 0x65,
	0xAB, 0x67, 0x03, 0x46, 0x62, 0x02, 0x67, 0x61, 0x45, 0x00, 0x00, 0x02, 0x00, 0x6E, 0x00, 0xFA,
	0x03, 0x92, 0x04, 0x20, 0x00, 0x1B, 0x00, 0x27, 0x00, 0x3C, 0x40, 0x39, 0x0D, 0x0B, 0x07, 0x05,
	0x04, 0x03, 0x00, 0x12, 0x0E, 0x04, 0x03, 0x02, 0x03, 0x1B, 0x19, 0x15, 0x13, 0x04, 0x01, 0x02,
	0x03, 0x4C, 0x0C, 0x06, 0x02, 0x00, 0x4A, 0x1A, 0x14, 0x02, 0x01, 0x49, 0x00, 0x02, 0x00, 0x01,
	0x02, 0x01, 0x65, 0x00, 0x03, 0x03, 0x00, 0x61, 0x00, 0x00, 0x00, 0x14, 0x03, 0x4E, 0x24, 0x26,
	0x2C, 0x28, 0x04, 0x07, 0x1A, 0x2B, 0x13, 0x26, 0x35, 0x34, 0x37, 0x27, 0x37, 0x17, 0x36, 0x33,
	0x32, 0x17, 0x37, 0x17, 0x07, 0x16, 0x15, 0x14, 0x07, 0x17, 0x07, 0x27, 0x06, 0x23, 0x22, 0x27,
	0x07, 0x27, 0x13, 0x14, 0x16, 0x33, 0x32, 0x36, 0x35, 0x34, 0x26, 0x23, 0x22, 0x06, 0xC9, 0x3E,
	0x3E, 0x5B, 0x67, 0x5C, 0x60, 0x6F, 0x6F, 0x60, 0x5B, 0x68, 0x5B, 0x3E, 0x3E, 0x5B, 0x68, 0x5B,
	0x62, 0x6D, 0x6C, 0x63, 0x5C, 0x67, 0xBD, 0x7D, 0x58, 0x59, 0x7D, 0x7D, 0x59, 0x58, 0x7D, 0x01,
	0xBF, 0x5C, 0x72, 0x6C, 0x62, 0x5C, 0x69, 0x5D, 0x40, 0x40, 0x5D, 0x69, 0x5C, 0x62, 0x6C, 0x71,
	0x5D, 0x5C, 0x69, 0x5D, 0x40, 0x40, 0x5D, 0x69, 0x01, 0x2A, 0x58, 0x7E, 0x7E, 0x58, 0x59, 0x7D,
	0x7D, 0x00, 0x00, 0x03, 0x00, 0x8C, 0xFF, 0x8F, 0x05, 0x13, 0x05, 0xFF, 0x00, 0x23, 0x00, 0x2D,
	0x00, 0x37, 0x00, 0x48, 0x40, 0x45, 0x0A, 0x01, 0x04, 0x0D, 0x01, 0x09, 0x08, 0x04, 0x09, 0x69,
	0x00, 0x01, 0x00, 0x06, 0x01, 0x06, 0x63, 0x0B, 0x01, 0x03, 0x03, 0x00, 0x61, 0x02, 0x01, 0x00,
	0x00, 0x11, 0x4D, 0x0E, 0x0C, 0x02, 0x08, 0x08, 0x05, 0x61, 0x07, 0x01, 0x05, 0x05, 0x12, 0x05,
	0x4E, 0x2F, 0x2E, 0x36, 0x34, 0x2E, 0x37, 0x2F, 0x37, 0x2B, 0x29, 0x28, 0x26, 0x20, 0x1E, 0x11,
	0x11, 0x11, 0x27, 0x21, 0x11, 0x11, 0x11, 0x23, 0x0F, 0x07, 0x1F, 0x2B, 0x13, 0x34, 0x36, 0x36,
	0x33, 0x33, 0x35, 0x33, 0x15, 0x21, 0x15, 0x21, 0x11, 0x33, 0x32, 0x16, 0x16, 0x15, 0x15, 0x14,
	0x06, 0x06, 0x23, 0x23, 0x15, 0x23, 0x35, 0x21, 0x35, 0x21, 0x11, 0x23, 0x22, 0x26, 0x26, 0x35,
	0x37, 0x14, 0x16, 0x33, 0x33, 0x11, 0x23, 0x22, 0x06, 0x15, 0x01, 0x32, 0x36, 0x35, 0x35, 0x34,
	0x26, 0x23, 0x23, 0x11, 0x8C, 0x5F, 0xA1, 0x61, 0x84, 0xBA, 0x01, 0xA1, 0xFE, 0x5F, 0x87, 0x62,
	0xA0, 0x5F, 0x5F, 0xA0, 0x62, 0x87, 0xBA, 0xFE, 0x1C, 0x01, 0xE4, 0x84, 0x62, 0xA0, 0x5F, 0xD3,
	0x53, 0x3B, 0x84, 0x84, 0x3B, 0x53, 0x02, 0x53, 0x3B, 0x53, 0x53, 0x3B, 0x87, 0x04, 0x36, 0x60,
	0x9C, 0x5C, 0x71, 0x71, 0xD2, 0xFE, 0x91, 0x5D, 0x9C, 0x60, 0x9B, 0x60, 0x9C, 0x5D, 0x71, 0x71,
	0xD3, 0x01, 0xA8, 0x5B, 0x9A, 0x5D, 0x01, 0x36, 0x4B, 0x01, 0x6F, 0x51, 0x3B, 0xFC, 0xA3, 0x4E,
	0x39, 0x9A, 0x38, 0x4F, 0xFE, 0x58, 0x00, 0x01, 0x00, 0x6E, 0x00, 0x00, 0x04, 0x46, 0x05, 0x8E,
	0x00, 0x21, 0x00, 0x33, 0x40, 0x30, 0x1C, 0x01, 0x06, 0x05, 0x01, 0x4C, 0x03, 0x01, 0x00, 0x07,
	0x01, 0x04, 0x05, 0x00, 0x04, 0x67, 0x00, 0x02, 0x02, 0x01, 0x5F, 0x00, 0x01, 0x01, 0x11, 0x4D,
	0x00, 0x05, 0x05, 0x06, 0x5F, 0x00, 0x06, 0x06, 0x12, 0x06, 0x4E, 0x15, 0x11, 0x14, 0x11, 0x15,
	0x21, 0x26, 0x10, 0x08, 0x07, 0x1E, 0x2B, 0x13, 0x33, 0x26, 0x26, 0x35, 0x34, 0x36, 0x36, 0x33,
	0x21, 0x15, 0x21, 0x22, 0x06, 0x15, 0x14, 0x16, 0x17, 0x21, 0x15, 0x21, 0x15, 0x14, 0x06, 0x07,
	0x21, 0x15, 0x21, 0x35, 0x36, 0x36, 0x35, 0x35, 0x23, 0x6E, 0x72, 0x03, 0x03, 0x68, 0xB5, 0x74,
	0x01, 0xDB, 0xFE, 0x25, 0x56, 0x68, 0x03, 0x02, 0x02, 0x10, 0xFD, 0xF4, 0x10, 0x14, 0x02, 0xB4,
	0xFC, 0x4C, 0x2B, 0x26, 0x75, 0x03, 0x4E, 0x3E, 0x73, 0x29, 0x68, 0xA1, 0x5D, 0xD2, 0x50, 0x43,
	0x37, 0x82, 0x22, 0xD3, 0xBF, 0x5D, 0x66, 0x26, 0xD3, 0xA7, 0x2C, 0x82, 0x67, 0xBF, 0x00, 0x01,
	0x00, 0x3F, 0x00, 0x00, 0x05, 0x4A, 0x05, 0x8E, 0x00, 0x16, 0x00, 0x3E, 0x40, 0x3B, 0x01, 0x01,
	0x01, 0x00, 0x01, 0x4C, 0x09, 0x01, 0x01, 0x08, 0x01, 0x02, 0x03, 0x01, 0x02, 0x68, 0x07, 0x01,
	0x03, 0x06, 0x01, 0x04, 0x05, 0x03, 0x04, 0x67, 0x0B, 0x0A, 0x02, 0x00, 0x00, 0x11, 0x4D, 0x00,
	0x05, 0x05, 0x12, 0x05, 0x4E, 0x00, 0x00, 0x00, 0x16, 0x00, 0x16, 0x15, 0x14, 0x11, 0x11, 0x11,
	0x11, 0x11, 0x11, 0x11, 0x11, 0x12, 0x0C, 0x07, 0x1F, 0x2B, 0x09, 0x02, 0x21, 0x01, 0x21, 0x15,
	0x21, 0x15, 0x21, 0x15, 0x21, 0x11, 0x23, 0x11, 0x21, 0x35, 0x21, 0x35, 0x21, 0x35, 0x21, 0x01,
	0x01, 0x40, 0x01, 0x86, 0x01, 0x84, 0x01, 0x00, 0xFE, 0x2A, 0x01, 0x17, 0xFE, 0xA7, 0x01, 0x59,
	0xFE, 0xA7, 0xD8, 0xFE, 0xA6, 0x01, 0x5A, 0xFE, 0xA6, 0x01, 0x18, 0xFE, 0x27, 0x05, 0x8E, 0xFD,
	0xE5, 0x02, 0x1B, 0xFD, 0x74, 0xBA, 0x78, 0xBC, 0xFE, 0xEC, 0x01, 0x14, 0xBC, 0x78, 0xBA, 0x02,
	0x8C, 0x00, 0x00, 0x01, 0x00, 0x8C, 0x00, 0x44, 0x04, 0x6E, 0x04, 0x11, 0x00, 0x0B, 0x00, 0x21,
	0x40, 0x1E, 0x02, 0x01, 0x00, 0x05, 0x01, 0x03, 0x04, 0x00, 0x03, 0x67, 0x00, 0x04, 0x04, 0x01,
	0x5F, 0x00, 0x01, 0x01, 0x14, 0x04, 0x4E, 0x11, 0x11, 0x11, 0x11, 0x11, 0x10, 0x06, 0x07, 0x1C,
	0x2B, 0x13, 0x21, 0x11, 0x33, 0x11, 0x21, 0x15, 0x21, 0x11, 0x23, 0x11, 0x21, 0x8C, 0x01, 0x99,
	0xB0, 0x01, 0x99, 0xFE, 0x67, 0xB0, 0xFE, 0x67, 0x02, 0x82, 0x01, 0x8F, 0xFE, 0x71, 0xB0, 0xFE,
	0x72, 0x01, 0x8E, 0x00, 0x00, 0x01, 0x00, 0x6E, 0x01, 0xD2, 0x02, 0xE1, 0x02, 0x82, 0x00, 0x03,
	0x00, 0x18, 0x40, 0x15, 0x00, 0x00, 0x01, 0x01, 0x00, 0x57, 0x00, 0x00, 0x00, 0x01, 0x5F, 0x00,
	0x01, 0x00, 0x01, 0x4F, 0x11, 0x10, 0x02, 0x06, 0x18, 0x2B, 0x13, 0x21, 0x15, 0x21, 0x6E, 0x02,
	0x73, 0xFD, 0x8D, 0x02, 0x82, 0xB0, 0x00, 0x01, 0x00, 0x5A, 0x00, 0x6E, 0x03, 0xB1, 0x03, 0xC8,
	0x00, 0x0B, 0x00, 0x06, 0xB3, 0x08, 0x02, 0x01, 0x32, 0x2B, 0x01, 0x01, 0x37, 0x01, 0x01, 0x17,
	0x01, 0x01, 0x07, 0x01, 0x01, 0x27, 0x01, 0x7A, 0xFE, 0xE0, 0x8A, 0x01, 0x21, 0x01, 0x22, 0x8A,
	0xFE, 0xDF, 0x01, 0x20, 0x89, 0xFE, 0xDE, 0xFE, 0xDF, 0x8A, 0x02, 0x1B, 0x01, 0x1F, 0x8E, 0xFE,
	0xDD, 0x01, 0x23, 0x8E, 0xFE, 0xE1, 0xFE, 0xE0, 0x8D, 0x01, 0x22, 0xFE, 0xDE, 0x8D, 0x00, 0x03,
	0x00, 0x78, 0x00, 0x90, 0x04, 0x5D, 0x03, 0xC4, 0x00, 0x0B, 0x00, 0x0F, 0x00, 0x1B, 0x00, 0x2C,
	0x40, 0x29, 0x00, 0x00, 0x00, 0x01, 0x02, 0x00, 0x01, 0x69, 0x00, 0x02, 0x00, 0x03, 0x04, 0x02,
	0x03, 0x67, 0x00, 0x04, 0x05, 0x05, 0x04, 0x59, 0x00, 0x04, 0x04, 0x05, 0x61, 0x00, 0x05, 0x04,
	0x05, 0x51, 0x24, 0x23, 0x11, 0x12, 0x24, 0x22, 0x06, 0x07, 0x1C, 0x2B, 0x01, 0x34, 0x36, 0x33,
	0x32, 0x16, 0x15, 0x14, 0x06, 0x23, 0x22, 0x26, 0x05, 0x21, 0x15, 0x21, 0x05, 0x34, 0x36, 0x33,
	0x32, 0x16, 0x15, 0x14, 0x06, 0x23, 0x22, 0x26, 0x01, 0xFC, 0x40, 0x2E, 0x2F, 0x40, 0x40, 0x2F,
	0x2E, 0x40, 0xFE, 0x7C, 0x03, 0xE5, 0xFC, 0x1B, 0x01, 0x84, 0x40, 0x2E, 0x2F, 0x40, 0x40, 0x2F,
	0x2E, 0x40, 0x03, 0x55, 0x2E, 0x41, 0x40, 0x2F, 0x2E, 0x41, 0x41, 0xA5, 0xB2, 0xD2, 0x2E, 0x40,
	0x40, 0x2E, 0x2E, 0x40, 0x40, 0x00, 0x00, 0x02, 0x00, 0x6E, 0x01, 0x22, 0x04, 0x64, 0x03, 0x31,
	0x00, 0x03, 0x00, 0x07, 0x00, 0x22, 0x40, 0x1F, 0x00, 0x00, 0x00, 0x01, 0x02, 0x00, 0x01, 0x67,
	0x00, 0x02, 0x03, 0x03, 0x02, 0x57, 0x00, 0x02, 0x02, 0x03, 0x5F, 0x00, 0x03, 0x02, 0x03, 0x4F,
	0x11, 0x11, 0x11, 0x10, 0x04, 0x07, 0x1A, 0x2B, 0x13, 0x21, 0x15, 0x21, 0x15, 0x21, 0x15, 0x21,
	0x6E, 0x03, 0xF6, 0xFC, 0x0A, 0x03, 0xF6, 0xFC, 0x0A, 0x03, 0x31, 0xAF, 0xB0, 0xB0, 0x00, 0x01,
	0x00, 0x6E, 0x00, 0x6C, 0x04, 0x60, 0x03, 0xE6, 0x00, 0x06, 0x00, 0x06, 0xB3, 0x06, 0x03, 0x01,
	0x32, 0x2B, 0x13, 0x25, 0x25, 0x35, 0x01, 0x15, 0x01, 0x6E, 0x02, 0x89, 0xFD, 0x77, 0x03, 0xF2,
	0xFC, 0x0E, 0x01, 0x3D, 0xEC, 0xED, 0xD0, 0xFE, 0x91, 0x9C, 0xFE, 0x91, 0x00, 0x01, 0x00, 0x6E,
	0x00, 0x6C, 0x04, 0x60, 0x03, 0xE6, 0x00, 0x06, 0x00, 0x06, 0xB3, 0x05, 0x01, 0x01, 0x32, 0x2B,
	0x13, 0x01, 0x15, 0x05, 0x05, 0x15, 0x01, 0x6E, 0x03, 0xF2, 0xFD, 0x77, 0x02, 0x89, 0xFC, 0x0E,
	0x02, 0x77, 0x01, 0x6F, 0xD0, 0xED, 0xEC, 0xD1, 0x01, 0x6F, 0x00, 0x02, 0x00, 0x6E, 0xFF, 0xFD,
	0x04, 0x50, 0x04, 0xD2, 0x00, 0x0B, 0x00, 0x0F, 0x00, 0x2B, 0x40, 0x28, 0x02, 0x01, 0x00, 0x05,
	0x01, 0x03, 0x04, 0x00, 0x03, 0x67, 0x00, 0x01, 0x00, 0x04, 0x06, 0x01, 0x04, 0x67, 0x00, 0x06,
	0x06, 0x07, 0x5F, 0x00, 0x07, 0x07, 0x12, 0x07, 0x4E, 0x11, 0x11, 0x11, 0x11, 0x11, 0x11, 0x11,
	0x10, 0x08, 0x07, 0x1E, 0x2B, 0x13, 0x21, 0x11, 0x33, 0x11, 0x21, 0x15, 0x21, 0x11, 0x23, 0x11,
	0x21, 0x11, 0x21, 0x15, 0x21, 0x6E, 0x01, 0x99, 0xB0, 0x01, 0x99, 0xFE, 0x67, 0xB0, 0xFE, 0x67,
	0x03, 0xE2, 0xFC, 0x1E, 0x03, 0x44, 0x01, 0x8E, 0xFE, 0x72, 0xB0, 0xFE, 0x72, 0x01, 0x8E, 0xFE,
	0x19, 0xB0, 0x00, 0x02, 0x00, 0x6E, 0x01, 0x6D, 0x04, 0x8D, 0x04, 0x56, 0x00, 0x17, 0x00, 0x2F,
	0x00, 0x4F, 0x40, 0x4C, 0x02, 0x01, 0x00, 0x00, 0x04, 0x03, 0x00, 0x04, 0x69, 0x00, 0x01, 0x0C,
	0x05, 0x02, 0x03, 0x06, 0x01, 0x03, 0x6A, 0x00, 0x07, 0x0A, 0x09, 0x07, 0x59, 0x08, 0x01, 0x06,
	0x00, 0x0A, 0x09, 0x06, 0x0A, 0x69, 0x00, 0x07, 0x07, 0x09, 0x62, 0x0D, 0x0B, 0x02, 0x09, 0x07,
	0x09, 0x52, 0x18, 0x18, 0x00, 0x00, 0x18, 0x2F, 0x18, 0x2F, 0x2E, 0x2C, 0x28, 0x26, 0x24, 0x23,
	0x22, 0x20, 0x1C, 0x1A, 0x00, 0x17, 0x00, 0x17, 0x24, 0x22, 0x11, 0x24, 0x22, 0x0E, 0x06, 0x1B,
	0x2B, 0x13, 0x34, 0x36, 0x33, 0x32, 0x16, 0x17, 0x16, 0x16, 0x33, 0x32, 0x37, 0x33, 0x06, 0x06,
	0x23, 0x22, 0x26, 0x27, 0x26, 0x26, 0x23, 0x22, 0x15, 0x03, 0x34, 0x36, 0x33, 0x32, 0x16, 0x17,
	0x16, 0x16, 0x33, 0x32, 0x37, 0x33, 0x06, 0x06, 0x23, 0x22, 0x26, 0x27, 0x26, 0x26, 0x23, 0x22,
	0x15, 0x6E, 0xA7, 0x82, 0x3E, 0x81, 0x55, 0x3E, 0x53, 0x24, 0x62, 0x02, 0xC9, 0x01, 0xA6, 0x95,
	0x3A, 0x7A, 0x6C, 0x38, 0x49, 0x1B, 0x5C, 0xCB, 0xA7, 0x82, 0x3E, 0x81, 0x55, 0x3E, 0x53, 0x24,
	0x62, 0x02, 0xC9, 0x01, 0xA6, 0x95, 0x3A, 0x7A, 0x6C, 0x38, 0x49, 0x1B, 0x5C, 0x03, 0x25, 0x85,
	0xAB, 0x1E, 0x23, 0x17, 0x14, 0x6D, 0x91, 0xA0, 0x1D, 0x27, 0x14, 0x11, 0x69, 0xFE, 0x48, 0x85,
	0xAB, 0x1E, 0x23, 0x17, 0x14, 0x6D, 0x91, 0xA0, 0x1D, 0x27, 0x14, 0x11, 0x69, 0x00, 0x00, 0x01,
	0x00, 0x6E, 0x01, 0x92, 0x04, 0x8D, 0x02, 0xC3, 0x00, 0x17, 0x00, 0x34, 0xB1, 0x06, 0x64, 0x44,
	0x40, 0x29, 0x00, 0x01, 0x04, 0x03, 0x01, 0x59, 0x02, 0x01, 0x00, 0x00, 0x04, 0x03, 0x00, 0x04,
	0x69, 0x00, 0x01, 0x01, 0x03, 0x62, 0x06, 0x05, 0x02, 0x03, 0x01, 0x03, 0x52, 0x00, 0x00, 0x00,
	0x17, 0x00, 0x17, 0x24, 0x22, 0x11, 0x24, 0x22, 0x07, 0x07, 0x1B, 0x2B, 0xB1, 0x06, 0x00, 0x44,
	0x13, 0x34, 0x36, 0x33, 0x32, 0x16, 0x17, 0x16, 0x16, 0x33, 0x32, 0x35, 0x33, 0x14, 0x06, 0x23,
	0x22, 0x26, 0x27, 0x26, 0x26, 0x23, 0x22, 0x15, 0x6E, 0xA7, 0x82, 0x3E, 0x81, 0x55, 0x3E, 0x53,
	0x24, 0x64, 0xC9, 0xA7, 0x95, 0x3A, 0x7A, 0x6C, 0x38, 0x49, 0x1B, 0x5C, 0x01, 0x92, 0x85, 0xAB,
	0x1E, 0x23, 0x17, 0x14, 0x6D, 0x90, 0xA1, 0x1D, 0x27, 0x14, 0x11, 0x69, 0x00, 0x01, 0x00, 0x6E,
	0x00, 0xE7, 0x04, 0x64, 0x02, 0x82, 0x00, 0x05, 0x00, 0x3E, 0x4B, 0xB0, 0x0B, 0x50, 0x58, 0x40,
	0x16, 0x00, 0x01, 0x02, 0x02, 0x01, 0x71, 0x00, 0x00, 0x02, 0x02, 0x00, 0x57, 0x00, 0x00, 0x00,
	0x02, 0x5F, 0x00, 0x02, 0x00, 0x02, 0x4F, 0x1B, 0x40, 0x15, 0x00, 0x01, 0x02, 0x01, 0x86, 0x00,
	0x00, 0x02, 0x02, 0x00, 0x57, 0x00, 0x00, 0x00, 0x02, 0x5F, 0x00, 0x02, 0x00, 0x02, 0x4F, 0x59,
	0xB5, 0x11, 0x11, 0x10, 0x03, 0x07, 0x19, 0x2B, 0x13, 0x21, 0x11, 0x23, 0x35, 0x21, 0x6E, 0x03,
	0xF6, 0xB0, 0xFC, 0xBA, 0x02, 0x82, 0xFE, 0x65, 0xEB, 0x00, 0x00, 0x01, 0x00, 0x64, 0x03, 0xFE,
	0x03, 0x05, 0x05, 0x8E, 0x00, 0x06, 0x00, 0x21, 0xB1, 0x06, 0x64, 0x44, 0x40, 0x16, 0x04, 0x01,
	0x01, 0x00, 0x01, 0x4C, 0x00, 0x00, 0x01, 0x00, 0x85, 0x02, 0x01, 0x01, 0x01, 0x76, 0x12, 0x11,
	0x10, 0x03, 0x07, 0x19, 0x2B, 0xB1, 0x06, 0x00, 0x44, 0x01, 0x33, 0x01, 0x23, 0x27, 0x07, 0x23,
	0x01, 0x79, 0x77, 0x01, 0x15, 0x9E, 0xB3, 0xB3, 0x9D, 0x05, 0x8E, 0xFE, 0x70, 0xF8, 0xF8, 0x00,
	0x00, 0x01, 0x00, 0x78, 0xFE, 0x7A, 0x04, 0x30, 0x04, 0x0C, 0x00, 0x11, 0x00, 0x27, 0x40, 0x24,
	0x0F, 0x01, 0x03, 0x01, 0x01, 0x4C, 0x02, 0x01, 0x00, 0x00, 0x14, 0x4D, 0x00, 0x01, 0x01, 0x03,
	0x60, 0x00, 0x03, 0x03, 0x12, 0x4D, 0x00, 0x04, 0x04, 0x16, 0x04, 0x4E, 0x12, 0x33, 0x11, 0x23,
	0x10, 0x05, 0x07, 0x1B, 0x2B, 0x13, 0x33, 0x11, 0x14, 0x16, 0x33, 0x21, 0x11, 0x33, 0x11, 0x14,
	0x06, 0x23, 0x21, 0x22, 0x27, 0x11, 0x23, 0x78, 0xD3, 0x60, 0x43, 0x01, 0x6F, 0xD3, 0x7C, 0x59,
	0xFE, 0x93, 0x52, 0x52, 0xD2, 0x04, 0x0C, 0xFD, 0x6D, 0x46, 0x62, 0x03, 0x3B, 0xFC, 0xC6, 0x57,
	0x7B, 0x26, 0xFE, 0x54, 0x00, 0x01, 0x00, 0x6E, 0x00, 0x00, 0x04, 0x26, 0x05, 0x8E, 0x00, 0x23,
	0x00, 0x2C, 0x40, 0x29, 0x00, 0x04, 0x00, 0x03, 0x00, 0x04, 0x03, 0x67, 0x00, 0x00, 0x00, 0x01,
	0x02, 0x00, 0x01, 0x67, 0x00, 0x02, 0x05, 0x05, 0x02, 0x57, 0x00, 0x02, 0x02, 0x05, 0x5F, 0x00,
	0x05, 0x02, 0x05, 0x4F, 0x36, 0x21, 0x23, 0x25, 0x21, 0x23, 0x06, 0x06, 0x1C, 0x2B, 0x13, 0x34,
	0x36, 0x36, 0x33, 0x33, 0x15, 0x23, 0x22, 0x06, 0x15, 0x11, 0x14, 0x16, 0x33, 0x21, 0x11, 0x34,
	0x26, 0x23, 0x21, 0x35, 0x21, 0x32, 0x16, 0x16, 0x15, 0x11, 0x14, 0x06, 0x23, 0x21, 0x22, 0x26,
	0x26, 0x35, 0x6E, 0x65, 0xAA, 0x67, 0xF7, 0xF7, 0x43, 0x60, 0x60, 0x43, 0x01, 0x6F, 0x5E, 0x43,
	0xFE, 0x8F, 0x01, 0x6F, 0x67, 0xAA, 0x65, 0x7C, 0x57, 0xFE, 0x91, 0x67, 0xAA, 0x65, 0x02, 0x96,
	0x67, 0xAA, 0x65, 0xD3, 0x61, 0x44, 0xFE, 0xE2, 0x43, 0x60, 0x03, 0x46, 0x43, 0x5E, 0xD4, 0x65,
	0xAA, 0x67, 0xFC, 0xBB, 0x57, 0x7C, 0x65, 0xA9, 0x66, 0x00, 0x00, 0x05, 0x00, 0x78, 0x00, 0x00,
	0x07, 0xBF, 0x05, 0x8E, 0x00, 0x13, 0x00, 0x17, 0x00, 0x27, 0x00, 0x3B, 0x00, 0x4B, 0x00, 0x38,
	0x40, 0x35, 0x00, 0x06, 0x00, 0x09, 0x01, 0x06, 0x09, 0x6A, 0x00, 0x04, 0x00, 0x01, 0x08, 0x04,
	0x01, 0x69, 0x00, 0x05, 0x05, 0x00, 0x61, 0x02, 0x01, 0x00, 0x00, 0x11, 0x4D, 0x00, 0x08, 0x08,
	0x03, 0x61, 0x07, 0x01, 0x03, 0x03, 0x12, 0x03, 0x4E, 0x49, 0x46, 0x36, 0x37, 0x36, 0x35, 0x33,
	0x11, 0x14, 0x37, 0x33, 0x0A, 0x07, 0x1F, 0x2B, 0x13, 0x34, 0x36, 0x36, 0x33, 0x33, 0x32, 0x16,
	0x16, 0x15, 0x11, 0x14, 0x06, 0x06, 0x23, 0x23, 0x22, 0x26, 0x26, 0x35, 0x01, 0x33, 0x01, 0x23,
	0x03, 0x14, 0x16, 0x33, 0x33, 0x32, 0x36, 0x35, 0x11, 0x34, 0x26, 0x23, 0x23, 0x22, 0x06, 0x15,
	0x01, 0x34, 0x36, 0x36, 0x33, 0x33, 0x32, 0x16, 0x16, 0x15, 0x11, 0x14, 0x06, 0x06, 0x23, 0x23,
	0x22, 0x26, 0x26, 0x35, 0x17, 0x14, 0x16, 0x33, 0x33, 0x32, 0x36, 0x35, 0x11, 0x34, 0x26, 0x23,
	0x23, 0x22, 0x06, 0x15, 0x78, 0x4C, 0x80, 0x4E, 0x6C, 0x4E, 0x80, 0x4C, 0x4C, 0x80, 0x4E, 0x6C,
	0x4E, 0x80, 0x4C, 0x05, 0x22, 0xE6, 0xFC, 0x1C, 0xE6, 0x81, 0x37, 0x26, 0x6C, 0x27, 0x37, 0x37,
	0x27, 0x6C, 0x26, 0x37, 0x03, 0xEA, 0x4C, 0x80, 0x4E, 0x6C, 0x4E, 0x80, 0x4C, 0x4C, 0x80, 0x4E,
	0x6C, 0x4E, 0x80, 0x4C, 0xBD, 0x37, 0x26, 0x6C, 0x27, 0x37, 0x37, 0x27, 0x6C, 0x26, 0x37, 0x04,
	0x75, 0x4E, 0x7F, 0x4C, 0x4C, 0x7F, 0x4E, 0xFE, 0xE7, 0x4D, 0x80, 0x4C, 0x4C, 0x80, 0x4D, 0x02,
	0x32, 0xFA, 0x72, 0x03, 0x5B, 0x26, 0x36, 0x36, 0x26, 0x01, 0x1B, 0x26, 0x36, 0x36, 0x26, 0xFD,
	0xBC, 0x4E, 0x7F, 0x4C, 0x4C, 0x7F, 0x4E, 0xFE, 0xE7, 0x4D, 0x80, 0x4C, 0x4C, 0x80, 0x4D, 0x01,
	0x26, 0x36, 0x36, 0x26, 0x01, 0x1B, 0x26, 0x36, 0x36, 0x26, 0x00, 0x07, 0x00, 0x78, 0x00, 0x00,
	0x0A, 0xED, 0x05, 0x8E, 0x00, 0x13, 0x00, 0x17, 0x00, 0x27, 0x00, 0x3B, 0x00, 0x4F, 0x00, 0x5F,
	0x00, 0x6F, 0x00, 0x44, 0x40, 0x41, 0x08, 0x01, 0x06, 0x0D, 0x01, 0x0B, 0x01, 0x06, 0x0B, 0x6A,
	0x00, 0x04, 0x00, 0x01, 0x0A, 0x04, 0x01, 0x69, 0x00, 0x05, 0x05, 0x00, 0x61, 0x02, 0x01, 0x00,
	0x00, 0x11, 0x4D, 0x0C, 0x01, 0x0A, 0x0A, 0x03, 0x61, 0x09, 0x07, 0x02, 0x03, 0x03, 0x12, 0x03,
	0x4E, 0x6D, 0x6A, 0x65, 0x62, 0x5D, 0x5A, 0x55, 0x52, 0x4C, 0x49, 0x37, 0x37, 0x36, 0x35, 0x33,
	0x11, 0x14, 0x37, 0x33, 0x0E, 0x07, 0x1F, 0x2B, 0x13, 0x34, 0x36, 0x36, 0x33, 0x33, 0x32, 0x16,
	0x16, 0x15, 0x11, 0x14, 0x06, 0x06, 0x23, 0x23, 0x22, 0x26, 0x26, 0x35, 0x01, 0x33, 0x01, 0x23,
	0x03, 0x14, 0x16, 0x33, 0x33, 0x32, 0x36, 0x35, 0x11, 0x34, 0x26, 0x23, 0x23, 0x22, 0x06, 0x15,
	0x01, 0x34, 0x36, 0x36, 0x33, 0x33, 0x32, 0x16, 0x16, 0x15, 0x11, 0x14, 0x06, 0x06, 0x23, 0x23,
	0x22, 0x26, 0x26, 0x35, 0x01, 0x34, 0x36, 0x36, 0x33, 0x33, 0x32, 0x16, 0x16, 0x15, 0x11, 0x14,
	0x06, 0x06, 0x23, 0x23, 0x22, 0x26, 0x26, 0x35, 0x05, 0x14, 0x16, 0x33, 0x33, 0x32, 0x36, 0x35,
	0x11, 0x34, 0x26, 0x23, 0x23, 0x22, 0x06, 0x15, 0x01, 0x14, 0x16, 0x33, 0x33, 0x32, 0x36, 0x35,
	0x11, 0x34, 0x26, 0x23, 0x23, 0x22, 0x06, 0x15, 0x78, 0x4C, 0x80, 0x4E, 0x6C, 0x4E, 0x80, 0x4C,
	0x4C, 0x80, 0x4E, 0x6C, 0x4E, 0x80, 0x4C, 0x05, 0x22, 0xE6, 0xFC, 0x1C, 0xE6, 0x81, 0x37, 0x26,
	0x6C, 0x27, 0x37, 0x37, 0x27, 0x6C, 0x26, 0x37, 0x03, 0xEA, 0x4C, 0x80, 0x4E, 0x6C, 0x4E, 0x80,
	0x4C, 0x4C, 0x80, 0x4E, 0x6C, 0x4E, 0x80, 0x4C, 0x03, 0x2E, 0x4C, 0x80, 0x4E, 0x6C, 0x4E, 0x80,
	0x4C, 0x4C, 0x80, 0x4E, 0x6C, 0x4E, 0x80, 0x4C, 0xFD, 0x8F, 0x37, 0x26, 0x6C, 0x27, 0x37, 0x37,
	0x27, 0x6C, 0x26, 0x37, 0x03, 0x2E, 0x37, 0x26, 0x6C, 0x27, 0x37, 0x37, 0x27, 0x6C, 0x26, 0x37,
	0x04, 0x75, 0x4E, 0x7F, 0x4C, 0x4C, 0x7F, 0x4E, 0xFE, 0xE7, 0x4D, 0x80, 0x4C, 0x4C, 0x80, 0x4D,
	0x02, 0x32, 0xFA, 0x72, 0x03, 0x5B, 0x26, 0x36, 0x36, 0x26, 0x01, 0x1B, 0x26, 0x36, 0x36, 0x26,
	0xFD, 0xBC, 0x4E, 0x7F, 0x4C, 0x4C, 0x7F, 0x4E, 0xFE, 0xE7, 0x4D, 0x80, 0x4C, 0x4C, 0x80, 0x4D,
	0x01, 0x19, 0x4E, 0x7F, 0x4C, 0x4C, 0x7F, 0x4E, 0xFE, 0xE7, 0x4D, 0x80, 0x4C, 0x4C, 0x80, 0x4D,
	0x01, 0x26, 0x36, 0x36, 0x26, 0x01, 0x1B, 0x26, 0x36, 0x36, 0x26, 0xFE, 0xE5, 0x26, 0x36, 0x36,
	0x26, 0x01, 0x1B, 0x26, 0x36, 0x36, 0x26, 0x00, 0x00, 0x02, 0x00, 0x78, 0x04, 0xB1, 0x02, 0xA9,
	0x05, 0x8E, 0x00, 0x0B, 0x00, 0x17, 0x00, 0x25, 0xB1, 0x06, 0x64, 0x44, 0x40, 0x1A, 0x02, 0x01,
	0x00, 0x01, 0x01, 0x00, 0x59, 0x02, 0x01, 0x00, 0x00, 0x01, 0x61, 0x03, 0x01, 0x01, 0x00, 0x01,
	0x51, 0x24, 0x24, 0x24, 0x22, 0x04, 0x07, 0x1A, 0x2B, 0xB1, 0x06, 0x00, 0x44, 0x13, 0x34, 0x36,
	0x33, 0x32, 0x16, 0x15, 0x14, 0x06, 0x23, 0x22, 0x26, 0x25, 0x34, 0x36, 0x33, 0x32, 0x16, 0x15,
	0x14, 0x06, 0x23, 0x22, 0x26, 0x78, 0x40, 0x2E, 0x2F, 0x40, 0x40, 0x2F, 0x2E, 0x40, 0x01, 0x54,
	0x40, 0x2E, 0x2F, 0x40, 0x40, 0x2F, 0x2E, 0x40, 0x05, 0x1F, 0x2F, 0x40, 0x40, 0x2F, 0x2E, 0x40,
	0x40, 0x2E, 0x2F, 0x40, 0x40, 0x2F, 0x2E, 0x40, 0x40, 0x00, 0x00, 0x01, 0x00, 0x5F, 0x04, 0xBC,
	0x01, 0x3C, 0x05, 0x99, 0x00, 0x0B, 0x00, 0x20, 0xB1, 0x06, 0x64, 0x44, 0x40, 0x15, 0x00, 0x00,
	0x01, 0x01, 0x00, 0x59, 0x00, 0x00, 0x00, 0x01, 0x61, 0x00, 0x01, 0x00, 0x01, 0x51, 0x24, 0x22,
	0x02, 0x07, 0x18, 0x2B, 0xB1, 0x06, 0x00, 0x44, 0x13, 0x34, 0x36, 0x33, 0x32, 0x16, 0x15, 0x14,
	0x06, 0x23, 0x22, 0x26, 0x5F, 0x41, 0x2E, 0x2E, 0x40, 0x40, 0x2E, 0x2E, 0x41, 0x05, 0x2A, 0x2F,
	0x40, 0x40, 0x2F, 0x2E, 0x40, 0x40, 0x00, 0x01, 0x00, 0x64, 0x04, 0x92, 0x01, 0x9C, 0x06, 0x38,
	0x00, 0x03, 0x00, 0x06, 0xB3, 0x02, 0x00, 0x01, 0x32, 0x2B, 0x01, 0x13, 0x07, 0x03, 0x01, 0x1B,
	0x81, 0x72, 0xC6, 0x06, 0x38, 0xFE, 0x8F, 0x35, 0x01, 0x4E, 0x00, 0x01, 0x00, 0x64, 0x04, 0x92,
	0x01, 0x9C, 0x06, 0x38, 0x00, 0x03, 0x00, 0x06, 0xB3, 0x02, 0x00, 0x01, 0x32, 0x2B, 0x13, 0x17,
	0x03, 0x27, 0xE5, 0xB7, 0xC6, 0x72, 0x06, 0x38, 0x58, 0xFE, 0xB2, 0x35, 0x00, 0x02, 0x00, 0x64,
	0x04, 0x92, 0x03, 0x18, 0x06, 0x38, 0x00, 0x03, 0x00, 0x07, 0x00, 0x08, 0xB5, 0x06, 0x04, 0x02,
	0x00, 0x02, 0x32, 0x2B, 0x13, 0x17, 0x03, 0x27, 0x01, 0x17, 0x03, 0x27, 0xE5, 0xB7, 0xC6, 0x72,
	0x01, 0xFD, 0xB7, 0xC6, 0x72, 0x06, 0x38, 0x58, 0xFE, 0xB2, 0x35, 0x01, 0x71, 0x58, 0xFE, 0xB2,
	0x35, 0x00, 0x00, 0x01, 0x00, 0x64, 0x04, 0x59, 0x02, 0xD3, 0x05, 0x8E, 0x00, 0x06, 0x00, 0x21,
	0xB1, 0x06, 0x64, 0x44, 0x40, 0x16, 0x04, 0x01, 0x01, 0x00, 0x01, 0x4C, 0x00, 0x00, 0x01, 0x00,
	0x85, 0x02, 0x01, 0x01, 0x01, 0x76, 0x12, 0x11, 0x10, 0x03, 0x07, 0x19, 0x2B, 0xB1, 0x06, 0x00,
	0x44, 0x01, 0x33, 0x13, 0x23, 0x27, 0x07, 0x23, 0x01, 0x4E, 0x9B, 0xEA, 0x8D, 0xAB, 0xAA, 0x8D,
	0x05, 0x8E, 0xFE, 0xCB, 0xAC, 0xAC, 0x00, 0x01, 0x00, 0x64, 0x04, 0x59, 0x02, 0xD3, 0x05, 0x8E,
	0x00, 0x06, 0x00, 0x27, 0xB1, 0x06, 0x64, 0x44, 0x40, 0x1C, 0x01, 0x01, 0x01, 0x00, 0x01, 0x4C,
	0x03, 0x02, 0x02, 0x00, 0x01, 0x00, 0x85, 0x00, 0x01, 0x01, 0x76, 0x00, 0x00, 0x00, 0x06, 0x00,
	0x06, 0x11, 0x12, 0x04, 0x07, 0x18, 0x2B, 0xB1, 0x06, 0x00, 0x44, 0x13, 0x17, 0x37, 0x33, 0x03,
	0x23, 0x03, 0xF1, 0xAA, 0xAB, 0x8D, 0xEA, 0x9B, 0xEA, 0x05, 0x8E, 0xAC, 0xAC, 0xFE, 0xCB, 0x01,
	0x35, 0x00, 0x00, 0x01, 0x00, 0x64, 0x04, 0x64, 0x02, 0xB8, 0x05, 0x8E, 0x00, 0x0F, 0x00, 0x2E,
	0xB1, 0x06, 0x64, 0x44, 0x40, 0x23, 0x04, 0x03, 0x02, 0x01, 0x00, 0x01, 0x85, 0x00, 0x00, 0x02,
	0x02, 0x00, 0x59, 0x00, 0x00, 0x00, 0x02, 0x61, 0x00, 0x02, 0x00, 0x02, 0x51, 0x00, 0x00, 0x00,
	0x0F, 0x00, 0x0F, 0x23, 0x12, 0x22, 0x05, 0x07, 0x19, 0x2B, 0xB1, 0x06, 0x00, 0x44, 0x13, 0x14,
	0x16, 0x33, 0x32, 0x36, 0x35, 0x33, 0x14, 0x06, 0x06, 0x23, 0x22, 0x26, 0x26, 0x35, 0xEA, 0x61,
	0x43, 0x44, 0x60, 0x86, 0x51, 0x87, 0x52, 0x52, 0x87, 0x51, 0x05, 0x8E, 0x43, 0x61, 0x61, 0x43,
	0x52, 0x87, 0x51, 0x51, 0x87, 0x52, 0x00, 0x02, 0x00, 0x64, 0x04, 0x11, 0x01, 0xE0, 0x05, 0x8E,
	0x00, 0x0F, 0x00, 0x1F, 0x00, 0x2A, 0xB1, 0x06, 0x64, 0x44, 0x40, 0x1F, 0x00, 0x00, 0x00, 0x03,
	0x02, 0x00, 0x03, 0x69, 0x00, 0x02, 0x01, 0x01, 0x02, 0x59, 0x00, 0x02, 0x02, 0x01, 0x61, 0x00,
	0x01, 0x02, 0x01, 0x51, 0x35, 0x35, 0x35, 0x32, 0x04, 0x07, 0x1A, 0x2B, 0xB1, 0x06, 0x00, 0x44,
	0x13, 0x34, 0x36, 0x33, 0x33, 0x32, 0x16, 0x15, 0x15, 0x14, 0x06, 0x23, 0x23, 0x22, 0x26, 0x35,
	0x33, 0x14, 0x16, 0x33, 0x33, 0x32, 0x36, 0x35, 0x35, 0x34, 0x26, 0x23, 0x23, 0x22, 0x06, 0x15,
	0x64, 0x64, 0x46, 0x28, 0x47, 0x63, 0x63, 0x47, 0x28, 0x46, 0x64, 0x76, 0x1E, 0x16, 0x28, 0x16,
	0x1E, 0x1E, 0x16, 0x28, 0x16, 0x1E, 0x04, 0xE5, 0x47, 0x62, 0x62, 0x47, 0x2B, 0x46, 0x63, 0x63,
	0x46, 0x15, 0x1E, 0x1E, 0x15, 0x2B, 0x15, 0x1E, 0x1E, 0x15, 0x00, 0x01, 0x00, 0x78, 0x04, 0xAE,
	0x03, 0x0A, 0x05, 0x93, 0x00, 0x17, 0x00, 0x34, 0xB1, 0x06, 0x64, 0x44, 0x40, 0x29, 0x00, 0x01,
	0x04, 0x03, 0x01, 0x59, 0x02, 0x01, 0x00, 0x00, 0x04, 0x03, 0x00, 0x04, 0x69, 0x00, 0x01, 0x01,
	0x03, 0x62, 0x06, 0x05, 0x02, 0x03, 0x01, 0x03, 0x52, 0x00, 0x00, 0x00, 0x17, 0x00, 0x17, 0x24,
	0x22, 0x11, 0x24, 0x22, 0x07, 0x07, 0x1B, 0x2B, 0xB1, 0x06, 0x00, 0x44, 0x13, 0x36, 0x36, 0x33,
	0x32, 0x16, 0x17, 0x16, 0x16, 0x33, 0x32, 0x35, 0x33, 0x14, 0x06, 0x23, 0x22, 0x26, 0x27, 0x26,
	0x26, 0x23, 0x22, 0x15, 0x78, 0x01, 0x6D, 0x54, 0x17, 0x39, 0x33, 0x37, 0x35, 0x17, 0x2D, 0x9D,
	0x70, 0x50, 0x17, 0x39, 0x35, 0x38, 0x36, 0x17, 0x2D, 0x04, 0xB6, 0x60, 0x7D, 0x10, 0x15, 0x16,
	0x10, 0x46, 0x5D, 0x83, 0x12, 0x16, 0x18, 0x11, 0x49, 0x00, 0x00, 0x01, 0x00, 0x78, 0x04, 0xFB,
	0x02, 0xCD, 0x05, 0x8E, 0x00, 0x03, 0x00, 0x20, 0xB1, 0x06, 0x64, 0x44, 0x40, 0x15, 0x00, 0x00,
	0x01, 0x01, 0x00, 0x57, 0x00, 0x00, 0x00, 0x01, 0x5F, 0x00, 0x01, 0x00, 0x01, 0x4F, 0x11, 0x10,
	0x02, 0x07, 0x18, 0x2B, 0xB1, 0x06, 0x00, 0x44, 0x13, 0x21, 0x15, 0x21, 0x78, 0x02, 0x55, 0xFD,
	0xAB, 0x05, 0x8E, 0x93, 0x00, 0x01, 0x00, 0x64, 0x04, 0x92, 0x01, 0x9C, 0x06, 0x38, 0x00, 0x03,
	0x00, 0x06, 0xB3, 0x02, 0x00, 0x01, 0x32, 0x2B, 0x01, 0x17, 0x03, 0x27, 0x01, 0x2A, 0x72, 0x81,
	0xB7, 0x06, 0x38, 0x35, 0xFE, 0x8F, 0x58, 0x00, 0x00, 0x01, 0x00, 0x64, 0x04, 0x92, 0x01, 0x9C,
	0x06, 0x38, 0x00, 0x03, 0x00, 0x06, 0xB3, 0x02, 0x00, 0x01, 0x32, 0x2B, 0x13, 0x17, 0x03, 0x27,
	0xE5, 0xB7, 0xC6, 0x72, 0x06, 0x38, 0x58, 0xFE, 0xB2, 0x35, 0x00, 0x01, 0x00, 0x64, 0xFF, 0x36,
	0x01, 0x83, 0x00, 0xD4, 0x00, 0x03, 0x00, 0x20, 0xB1, 0x06, 0x64, 0x44, 0x40, 0x15, 0x00, 0x00,
	0x01, 0x01, 0x00, 0x57, 0x00, 0x00, 0x00, 0x01, 0x5F, 0x00, 0x01, 0x00, 0x01, 0x4F, 0x11, 0x10,
	0x02, 0x07, 0x18, 0x2B, 0xB1, 0x06, 0x00, 0x44, 0x37, 0x33, 0x03, 0x23, 0xAF, 0xD4, 0x81, 0x9E,
	0xD4, 0xFE, 0x62, 0x00, 0x00, 0x01, 0x00, 0x64, 0xFE, 0xC7, 0x01, 0x92, 0x00, 0x00, 0x00, 0x10,
	0x00, 0x57, 0xB1, 0x06, 0x64, 0x44, 0x40, 0x0B, 0x05, 0x00, 0x02, 0x00, 0x01, 0x10, 0x01, 0x02,
	0x00, 0x02, 0x4C, 0x4B, 0xB0, 0x0F, 0x50, 0x58, 0x40, 0x17, 0x00, 0x00, 0x01, 0x02, 0x01, 0x00,
	0x72, 0x00, 0x01, 0x00, 0x02, 0x01, 0x57, 0x00, 0x01, 0x01, 0x02, 0x61, 0x00, 0x02, 0x01, 0x02,
	0x51, 0x1B, 0x40, 0x18, 0x00, 0x00, 0x01, 0x02, 0x01, 0x00, 0x02, 0x80, 0x00, 0x01, 0x00, 0x02,
	0x01, 0x57, 0x00, 0x01, 0x01, 0x02, 0x61, 0x00, 0x02, 0x01, 0x02, 0x51, 0x59, 0xB5, 0x23, 0x14,
	0x22, 0x03, 0x07, 0x19, 0x2B, 0xB1, 0x06, 0x00, 0x44, 0x17, 0x16, 0x16, 0x33, 0x32, 0x35, 0x34,
	0x26, 0x27, 0x33, 0x16, 0x15, 0x14, 0x23, 0x22, 0x26, 0x27, 0x64, 0x3E, 0x23, 0x0D, 0x29, 0x0F,
	0x18, 0x94, 0x2A, 0x98, 0x19, 0x3B, 0x42, 0x95, 0x0A, 0x04, 0x1F, 0x0F, 0x32, 0x43, 0x70, 0x47,
	0x82, 0x06, 0x0A, 0x00, 0x00, 0x01, 0x00, 0x80, 0xFE, 0xC7, 0x01, 0xAE, 0x00, 0x00, 0x00, 0x10,
	0x00, 0x56, 0xB1, 0x06, 0x64, 0x44, 0x40, 0x0A, 0x0B, 0x01, 0x01, 0x00, 0x0C, 0x01, 0x02, 0x01,
	0x02, 0x4C, 0x4B, 0xB0, 0x0F, 0x50, 0x58, 0x40, 0x17, 0x00, 0x01, 0x00, 0x02, 0x00, 0x01, 0x72,
	0x00, 0x00, 0x01, 0x02, 0x00, 0x57, 0x00, 0x00, 0x00, 0x02, 0x61, 0x00, 0x02, 0x00, 0x02, 0x51,
	0x1B, 0x40, 0x18, 0x00, 0x01, 0x00, 0x02, 0x00, 0x01, 0x02, 0x80, 0x00, 0x00, 0x01, 0x02, 0x00,
	0x57, 0x00, 0x00, 0x00, 0x02, 0x61, 0x00, 0x02, 0x00, 0x02, 0x51, 0x59, 0xB5, 0x26, 0x14, 0x12,
	0x03, 0x07, 0x19, 0x2B, 0xB1, 0x06, 0x00, 0x44, 0x17, 0x34, 0x37, 0x33, 0x06, 0x06, 0x15, 0x14,
	0x33, 0x32, 0x36, 0x37, 0x15, 0x06, 0x06, 0x23, 0x22, 0x80, 0x2A, 0x94, 0x18, 0x0F, 0x29, 0x0D,
	0x24, 0x3D, 0x42, 0x3B, 0x19, 0x98, 0xB7, 0x47, 0x70, 0x43, 0x32, 0x0F, 0x1F, 0x04, 0x0A, 0x94,
	0x0A, 0x06, 0x00, 0x02, 0x00, 0x78, 0x04, 0xB1, 0x02, 0xA9, 0x05, 0x8E, 0x00, 0x0B, 0x00, 0x17,
	0x00, 0x25, 0xB1, 0x06, 0x64, 0x44, 0x40, 0x1A, 0x02, 0x01, 0x00, 0x01, 0x01, 0x00, 0x59, 0x02,
	0x01, 0x00, 0x00, 0x01, 0x61, 0x03, 0x01, 0x01, 0x00, 0x01, 0x51, 0x24, 0x24, 0x24, 0x22, 0x04,
	0x07, 0x1A, 0x2B, 0xB1, 0x06, 0x00, 0x44, 0x13, 0x34, 0x36, 0x33, 0x32, 0x16, 0x15, 0x14, 0x06,
	0x23, 0x22, 0x26, 0x25, 0x34, 0x36, 0x33, 0x32, 0x16, 0x15, 0x14, 0x06, 0x23, 0x22, 0x26, 0x78,
	0x40, 0x2E, 0x2F, 0x40, 0x40, 0x2F, 0x2E, 0x40, 0x01, 0x54, 0x40, 0x2E, 0x2F, 0x40, 0x40, 0x2F,
	0x2E, 0x40, 0x05, 0x1F, 0x2F, 0x40, 0x40, 0x2F, 0x2E, 0x40, 0x40, 0x2E, 0x2F, 0x40, 0x40, 0x2F,
	0x2E, 0x40, 0x40, 0x00, 0x00, 0x01, 0x00, 0x5F, 0x04, 0xBC, 0x01, 0x3C, 0x05, 0x99, 0x00, 0x0B,
	0x00, 0x20, 0xB1, 0x06, 0x64, 0x44, 0x40, 0x15, 0x00, 0x00, 0x01, 0x01, 0x00, 0x59, 0x00, 0x00,
	0x00, 0x01, 0x61, 0x00, 0x01, 0x00, 0x01, 0x51, 0x24, 0x22, 0x02, 0x07, 0x18, 0x2B, 0xB1, 0x06,
	0x00, 0x44, 0x13, 0x34, 0x36, 0x33, 0x32, 0x16, 0x15, 0x14, 0x06, 0x23, 0x22, 0x26, 0x5F, 0x41,
	0x2E, 0x2E, 0x40, 0x40, 0x2E, 0x2E, 0x41, 0x05, 0x2A, 0x2F, 0x40, 0x40, 0x2F, 0x2E, 0x40, 0x40,
	0x00, 0x01, 0x00, 0x64, 0x04, 0x92, 0x01, 0x9C, 0x06, 0x38, 0x00, 0x03, 0x00, 0x06, 0xB3, 0x02,
	0x00, 0x01, 0x32, 0x2B, 0x01, 0x13, 0x07, 0x03, 0x01, 0x1B, 0x81, 0x72, 0xC6, 0x06, 0x38, 0xFE,
	0x8F, 0x35, 0x01, 0x4E, 0x00, 0x01, 0x00, 0x64, 0x04, 0x92, 0x01, 0x9C, 0x06, 0x38, 0x00, 0x03,
	0x00, 0x06, 0xB3, 0x02, 0x00, 0x01, 0x32, 0x2B, 0x13, 0x17, 0x03, 0x27, 0xE5, 0xB7, 0xC6, 0x72,
	0x06, 0x38, 0x58, 0xFE, 0xB2, 0x35, 0x00, 0x02, 0x00, 0x64, 0x04, 0x92, 0x03, 0x18, 0x06, 0x38,
	0x00, 0x03, 0x00, 0x07, 0x00, 0x08, 0xB5, 0x06, 0x04, 0x02, 0x00, 0x02, 0x32, 0x2B, 0x13, 0x17,
	0x03, 0x27, 0x01, 0x17, 0x03, 0x27, 0xE5, 0xB7, 0xC6, 0x72, 0x01, 0xFD, 0xB7, 0xC6, 0x72, 0x06,
	0x38, 0x58, 0xFE, 0xB2, 0x35, 0x01, 0x71, 0x58, 0xFE, 0xB2, 0x35, 0x00, 0x00, 0x01, 0x00, 0x64,
	0x04, 0x59, 0x02, 0xD3, 0x05, 0x8E, 0x00, 0x06, 0x00, 0x21, 0xB1, 0x06, 0x64, 0x44, 0x40, 0x16,
	0x04, 0x01, 0x01, 0x00, 0x01, 0x4C, 0x00, 0x00, 0x01, 0x00, 0x85, 0x02, 0x01, 0x01, 0x01, 0x76,
	0x12, 0x11, 0x10, 0x03, 0x07, 0x19, 0x2B, 0xB1, 0x06, 0x00, 0x44, 0x01, 0x33, 0x13, 0x23, 0x27,
	0x07, 0x23, 0x01, 0x4E, 0x9B, 0xEA, 0x8D, 0xAB, 0xAA, 0x8D, 0x05, 0x8E, 0xFE, 0xCB, 0xAC, 0xAC,
	0x00, 0x01, 0x00, 0x64, 0x04, 0x59, 0x02, 0xD3, 0x05, 0x8E, 0x00, 0x06, 0x00, 0x27, 0xB1, 0x06,
	0x64, 0x44, 0x40, 0x1C, 0x01, 0x01, 0x01, 0x00, 0x01, 0x4C, 0x03, 0x02, 0x02, 0x00, 0x01, 0x00,
	0x85, 0x00, 0x01, 0x01, 0x76, 0x00, 0x00, 0x00, 0x06, 0x00, 0x06, 0x11, 0x12, 0x04, 0x07, 0x18,
	0x2B, 0xB1, 0x06, 0x00, 0x44, 0x13, 0x17, 0x37, 0x33, 0x03, 0x23, 0x03, 0xF1, 0xAA, 0xAB, 0x8D,
	0xEA, 0x9B, 0xEA, 0x05, 0x8E, 0xAC, 0xAC, 0xFE, 0xCB, 0x01, 0x35, 0x00, 0x00, 0x01, 0x00, 0x64,
	0x04, 0x64, 0x02, 0xB8, 0x05, 0x8E, 0x00, 0x0F, 0x00, 0x2E, 0xB1, 0x06, 0x64, 0x44, 0x40, 0x23,
	0x04, 0x03, 0x02, 0x01, 0x00, 0x01, 0x85, 0x00, 0x00, 0x02, 0x02, 0x00, 0x59, 0x00, 0x00, 0x00,
	0x02, 0x61, 0x00, 0x02, 0x00, 0x02, 0x51, 0x00, 0x00, 0x00, 0x0F, 0x00, 0x0F, 0x23, 0x12, 0x22,
	0x05, 0x07, 0x19, 0x2B, 0xB1, 0x06, 0x00, 0x44, 0x13, 0x14, 0x16, 0x33, 0x32, 0x36, 0x35, 0x33,
	0x14, 0x06, 0x06, 0x23, 0x22, 0x26, 0x26, 0x35, 0xEA, 0x61, 0x43, 0x44, 0x60, 0x86, 0x51, 0x87,
	0x52, 0x52, 0x87, 0x51, 0x05, 0x8E, 0x43, 0x61, 0x61, 0x43, 0x52, 0x87, 0x51, 0x51, 0x87, 0x52,
	0x00, 0x02, 0x00, 0x64, 0x04, 0x11, 0x01, 0xE0, 0x05, 0x8E, 0x00, 0x0F, 0x00, 0x1F, 0x00, 0x2A,
	0xB1, 0x06, 0x64, 0x44, 0x40, 0x1F, 0x00, 0x00, 0x00, 0x03, 0x02, 0x00, 0x03, 0x69, 0x00, 0x02,
	0x01, 0x01, 0x02, 0x59, 0x00, 0x02, 0x02, 0x01, 0x61, 0x00, 0x01, 0x02, 0x01, 0x51, 0x35, 0x35,
	0x35, 0x32, 0x04, 0x07, 0x1A, 0x2B, 0xB1, 0x06, 0x00, 0x44, 0x13, 0x34, 0x36, 0x33, 0x33, 0x32,
	0x16, 0x15, 0x15, 0x14, 0x06, 0x23, 0x23, 0x22, 0x26, 0x35, 0x33, 0x14, 0x16, 0x33, 0x33, 0x32,
	0x36, 0x35, 0x35, 0x34, 0x26, 0x23, 0x23, 0x22, 0x06, 0x15, 0x64, 0x64, 0x46, 0x28, 0x47, 0x63,
	0x63, 0x47, 0x28, 0x46, 0x64, 0x76, 0x1E, 0x16, 0x28, 0x16, 0x1E, 0x1E, 0x16, 0x28, 0x16, 0x1E,
	0x04, 0xE5, 0x47, 0x62, 0x62, 0x47, 0x2B, 0x46, 0x63, 0x63, 0x46, 0x15, 0x1E, 0x1E, 0x15, 0x2B,
	0x15, 0x1E, 0x1E, 0x15, 0x00, 0x01, 0x00, 0x78, 0x04, 0xAE, 0x03, 0x0A, 0x05, 0x93, 0x00, 0x17,
	0x00, 0x34, 0xB1, 0x06, 0x64, 0x44, 0x40, 0x29, 0x00, 0x01, 0x04, 0x03, 0x01, 0x59, 0x02, 0x01,
	0x00, 0x00, 0x04, 0x03, 0x00, 0x04, 0x69, 0x00, 0x01, 0x01, 0x03, 0x62, 0x06, 0x05, 0x02, 0x03,
	0x01, 0x03, 0x52, 0x00, 0x00, 0x00, 0x17, 0x00, 0x17, 0x24, 0x22, 0x11, 0x24, 0x22, 0x07, 0x07,
	0x1B, 0x2B, 0xB1, 0x06, 0x00, 0x44, 0x13, 0x36, 0x36, 0x33, 0x32, 0x16, 0x17, 0x16, 0x16, 0x33,
	0x32, 0x35, 0x33, 0x14, 0x06, 0x23, 0x22, 0x26, 0x27, 0x26, 0x26, 0x23, 0x22, 0x15, 0x78, 0x01,
	0x6D, 0x54, 0x17, 0x39, 0x33, 0x37, 0x35, 0x17, 0x2D, 0x9D, 0x70, 0x50, 0x17, 0x39, 0x35, 0x38,
	0x36, 0x17, 0x2D, 0x04, 0xB6, 0x60, 0x7D, 0x10, 0x15, 0x16, 0x10, 0x46, 0x5D, 0x83, 0x12, 0x16,
	0x18, 0x11, 0x49, 0x00, 0x00, 0x01, 0x00, 0x78, 0x04, 0xFB, 0x02, 0xCD, 0x05, 0x8E, 0x00, 0x03,
	0x00, 0x20, 0xB1, 0x06, 0x64, 0x44, 0x40, 0x15, 0x00, 0x00, 0x01, 0x01, 0x00, 0x57, 0x00, 0x00,
	0x00, 0x01, 0x5F, 0x00, 0x01, 0x00, 0x01, 0x4F, 0x11, 0x10, 0x02, 0x07, 0x18, 0x2B, 0xB1, 0x06,
	0x00, 0x44, 0x13, 0x21, 0x15, 0x21, 0x78, 0x02, 0x55, 0xFD, 0xAB, 0x05, 0x8E, 0x93, 0x00, 0x01,
	0x00, 0x64, 0xFE, 0xC7, 0x01, 0x92, 0x00, 0x00, 0x00, 0x10, 0x00, 0x57, 0xB1, 0x06, 0x64, 0x44,
	0x40, 0x0B, 0x05, 0x00, 0x02, 0x00, 0x01, 0x10, 0x01, 0x02, 0x00, 0x02, 0x4C, 0x4B, 0xB0, 0x0F,
	0x50, 0x58, 0x40, 0x17, 0x00, 0x00, 0x01, 0x02, 0x01, 0x00, 0x72, 0x00, 0x01, 0x00, 0x02, 0x01,
	0x57, 0x00, 0x01, 0x01, 0x02, 0x61, 0x00, 0x02, 0x01, 0x02, 0x51, 0x1B, 0x40, 0x18, 0x00, 0x00,
	0x01, 0x02, 0x01, 0x00, 0x02, 0x80, 0x00, 0x01, 0x00, 0x02, 0x01, 0x57, 0x00, 0x01, 0x01, 0x02,
	0x61, 0x00, 0x02, 0x01, 0x02, 0x51, 0x59, 0xB5, 0x23, 0x14, 0x22, 0x03, 0x07, 0x19, 0x2B, 0xB1,
	0x06, 0x00, 0x44, 0x17, 0x16, 0x16, 0x33, 0x32, 0x35, 0x34, 0x26, 0x27, 0x33, 0x16, 0x15, 0x14,
	0x23, 0x22, 0x26, 0x27, 0x64, 0x3E, 0x23, 0x0D, 0x29, 0x0F, 0x18, 0x94, 0x2A, 0x98, 0x19, 0x3B,
	0x42, 0x95, 0x0A, 0x04, 0x1F, 0x0F, 0x32, 0x43, 0x70, 0x47, 0x82, 0x06, 0x0A, 0x00, 0x00, 0x01,
	0x00, 0x80, 0xFE, 0xC7, 0x01, 0xAE, 0x00, 0x00, 0x00, 0x10, 0x00, 0x56, 0xB1, 0x06, 0x64, 0x44,
	0x40, 0x0A, 0x0B, 0x01, 0x01, 0x00, 0x0C, 0x01, 0x02, 0x01, 0x02, 0x4C, 0x4B, 0xB0, 0x0F, 0x50,
	0x58, 0x40, 0x17, 0x00, 0x01, 0x00, 0x02, 0x00, 0x01, 0x72, 0x00, 0x00, 0x01, 0x02, 0x00, 0x57,
	0x00, 0x00, 0x00, 0x02, 0x61, 0x00, 0x02, 0x00, 0x02, 0x51, 0x1B, 0x40, 0x18, 0x00, 0x01, 0x00,
	0x02, 0x00, 0x01, 0x02, 0x80, 0x00, 0x00, 0x01, 0x02, 0x00, 0x57, 0x00, 0x00, 0x00, 0x02, 0x61,
	0x00, 0x02, 0x00, 0x02, 0x51, 0x59, 0xB5, 0x26, 0x14, 0x12, 0x03, 0x07, 0x19, 0x2B, 0xB1, 0x06,
	0x00, 0x44, 0x17, 0x34, 0x37, 0x33, 0x06, 0x06, 0x15, 0x14, 0x33, 0x32, 0x36, 0x37, 0x15, 0x06,
	0x06, 0x23, 0x22, 0x80, 0x2A, 0x94, 0x18, 0x0F, 0x29, 0x0D, 0x24, 0x3D, 0x42, 0x3B, 0x19, 0x98,
	0xB7, 0x47, 0x70, 0x43, 0x32, 0x0F, 0x1F, 0x04, 0x0A, 0x94, 0x0A, 0x06
};